video,prompt_id,prompt_in_video_id,original_video_duration_seconds,processing_time_seconds,gt_start,gt_end
1CYLM.mp4,70,0,33.4,0.4779966250061989,0.0,14.203125
1CYLM.mp4,71,1,33.4,0.3866460000281222,0.0,14.0
1ZWPP.mp4,88,0,23.39240506329114,0.6992728330078535,2.599609375,7.69921875
1ZWPP.mp4,89,1,23.39240506329114,0.6922975000343286,13.0,19.40625
1ZWPP.mp4,90,2,23.39240506329114,0.6972057080129161,13.0,19.40625
2P7A9.mp4,82,0,36.10273333333333,0.5526924580335617,20.40625,27.59375
2P7A9.mp4,83,1,36.10273333333333,0.5632749589858577,20.90625,30.296875
2P7A9.mp4,84,2,36.10273333333333,0.5569943339796737,26.90625,31.59375
2P7A9.mp4,85,3,36.10273333333333,0.5601120420033112,26.5,35.8125
2P7A9.mp4,86,4,36.10273333333333,0.5679389999713749,18.796875,24.0
2P7A9.mp4,87,5,36.10273333333333,0.5580357909784652,26.5,35.8125
2RFLZ.mp4,66,0,14.771441879033867,0.030145208002068102,3.0,10.3984375
2RFLZ.mp4,67,1,14.771441879033867,0.030508583004120737,2.400390625,6.8984375
3MSZA.mp4,0,0,31.0,0.08568541699787602,24.296875,30.40625
3MSZA.mp4,1,1,31.0,0.09732820797944441,24.296875,30.40625
3MSZA.mp4,2,2,31.0,0.08940575004089624,24.296875,30.40625
3MSZA.mp4,3,3,31.0,0.09365533303935081,24.296875,30.40625
43CCM.mp4,79,0,30.458650610943867,1.3565151250222698,7.69921875,22.0
43CCM.mp4,80,1,30.458650610943867,1.3257707920274697,0.0999755859375,9.0
4J1AP.mp4,46,0,20.62816076656907,0.037931583006866276,13.1015625,21.5
4J1AP.mp4,47,1,20.62816076656907,0.04201816697604954,9.796875,15.703125
5C4EK.mp4,53,0,15.623122220886913,0.03581633296562359,0.0,6.19921875
5NV2Z.mp4,28,0,22.37324833102785,0.6765492080012336,5.1015625,10.203125
5NV2Z.mp4,29,1,22.37324833102785,0.6765601250226609,13.203125,23.0
5NV2Z.mp4,30,2,22.37324833102785,0.6806464160326868,13.203125,23.0
5NV2Z.mp4,31,3,22.37324833102785,0.6768292909837328,5.1015625,10.203125
6ZWSU.mp4,143,0,30.60405378286173,1.090802040998824,1.400390625,7.19921875
6ZWSU.mp4,144,1,30.60405378286173,1.1081533749820665,1.400390625,7.19921875
6ZWSU.mp4,145,2,30.60405378286173,1.0842859169933945,16.203125,21.796875
6ZWSU.mp4,146,3,30.60405378286173,1.1003574579954147,10.6015625,19.296875
6ZWSU.mp4,147,4,30.60405378286173,1.091039124992676,0.0,4.5
6ZWSU.mp4,148,5,30.60405378286173,1.094183332985267,16.203125,21.796875
6ZWSU.mp4,149,6,30.60405378286173,1.0855829999782145,19.09375,32.0
9HG4Z.mp4,56,0,17.2,0.2192884169635363,0.0,7.69921875
9JZO2.mp4,34,0,35.81937528293345,1.6338156660203822,26.09375,36.0
9JZO2.mp4,35,1,35.81937528293345,1.607211875030771,0.0,9.8984375
9JZO2.mp4,36,2,35.81937528293345,1.6066003339947201,0.0,12.6015625
9JZO2.mp4,37,3,35.81937528293345,1.6362244170159101,0.0,15.1015625
9JZO2.mp4,38,4,35.81937528293345,1.6208221659762785,0.0,9.8984375
9JZO2.mp4,39,5,35.81937528293345,1.606073499948252,14.1015625,20.296875
9JZO2.mp4,40,6,35.81937528293345,1.6220450419932604,0.0,9.8984375
9JZO2.mp4,41,7,35.81937528293345,1.6190589999896474,0.0,15.1015625
9JZO2.mp4,42,8,35.81937528293345,1.617328832973726,26.09375,36.0
9JZO2.mp4,43,9,35.81937528293345,1.613923666998744,0.0,9.8984375
9JZO2.mp4,44,10,35.81937528293345,1.6067308329511434,11.6015625,20.796875
9JZO2.mp4,45,11,35.81937528293345,1.6176170830149204,22.90625,29.796875
AKO6M.mp4,18,0,18.633333333333333,0.24387329199817032,0.0,8.796875
AKO6M.mp4,19,1,18.633333333333333,0.23603854095563293,12.703125,19.90625
AMT7R.mp4,4,0,30.11241970021413,0.724039166001603,4.30078125,12.5
AOK1L.mp4,100,0,35.17191731514175,1.3680473329732195,30.5,36.0
AOK1L.mp4,101,1,35.17191731514175,1.3658816670067608,30.5,36.0
B82GJ.mp4,131,0,24.533333333333335,0.8106162500334904,17.703125,22.5
BL7OF.mp4,51,0,36.036,0.6400722920079716,1.0,5.0
BL7OF.mp4,52,1,36.036,0.6436678330064751,1.0,5.0
DLFPX.mp4,55,0,26.619396707126548,1.0380055830464698,0.0,7.69921875
E6DLK.mp4,12,0,27.293933333333335,0.8034097079653293,9.296875,14.3984375
E6DLK.mp4,13,1,27.293933333333335,0.8132266250322573,3.099609375,11.796875
E6DLK.mp4,14,2,27.293933333333335,0.7893880829797126,9.296875,14.3984375
E6DLK.mp4,15,3,27.293933333333335,0.8043474169680849,9.296875,14.3984375
E6DLK.mp4,16,4,27.293933333333335,0.8004393330193125,3.099609375,11.796875
E6DLK.mp4,17,5,27.293933333333335,0.7899303330341354,3.099609375,11.796875
F7TG5.mp4,20,0,21.1,0.8002647500252351,13.203125,20.796875
F7TG5.mp4,21,1,21.1,0.7876362910028547,13.203125,20.796875
F7TG5.mp4,22,2,21.1,0.7910547500359826,10.703125,16.5
F7TG5.mp4,23,3,21.1,0.7912760830367915,6.8984375,13.1015625
FPJ9D.mp4,27,0,33.43333333333333,1.6319157499819994,25.796875,34.0
FXZI5.mp4,124,0,32.4,0.6363460840075277,3.0,12.3984375
FYYFX.mp4,132,0,31.033333333333335,1.2680284169618972,2.0,11.203125
FYYFX.mp4,133,1,31.033333333333335,1.2647419580025598,8.6015625,14.1015625
FYYFX.mp4,134,2,31.033333333333335,1.2651314159738831,14.0,24.703125
FYYFX.mp4,135,3,31.033333333333335,1.2756663750042208,0.0,4.0
FYYFX.mp4,136,4,31.033333333333335,1.2649008330190554,14.0,24.703125
GBD1Y.mp4,8,0,32.916666666666664,1.2439525839872658,26.203125,31.296875
GBD1Y.mp4,9,1,32.916666666666664,1.2550875000306405,26.203125,31.296875
HBWLV.mp4,114,0,31.598233333333333,0.9015842500375584,9.3984375,14.296875
HSEH1.mp4,140,0,31.266666666666666,0.8229192500002682,10.0,22.59375
HSEH1.mp4,141,1,31.266666666666666,0.8249852090375498,10.0,22.59375
HSEH1.mp4,142,2,31.266666666666666,0.8250337500358,10.0,22.59375
HY4FS.mp4,105,0,34.35344538940601,1.4483170420280658,4.8984375,11.6015625
HY4FS.mp4,106,1,34.35344538940601,1.4468660419806838,0.39990234375,9.203125
I7AS7.mp4,57,0,30.605871330418488,0.2181990829994902,0.0,5.1015625
I7AS7.mp4,58,1,30.605871330418488,0.2172715420019813,0.0,5.1015625
I7AS7.mp4,59,2,30.605871330418488,0.2186441250378266,0.5,6.3984375
J48N6.mp4,60,0,30.733333333333334,1.4614694169722497,18.40625,32.0
J48N6.mp4,61,1,30.733333333333334,1.4580630830023438,18.40625,32.0
J48N6.mp4,62,2,30.733333333333334,1.4666137919994071,14.6015625,21.203125
J9T5D.mp4,69,0,34.068377095475576,1.52054933400359,27.09375,35.0
JVLAZ.mp4,63,0,31.433333333333334,0.6558890830492601,9.296875,18.0
JVLAZ.mp4,64,1,31.433333333333334,0.6505640419782139,9.296875,18.0
JVLAZ.mp4,65,2,31.433333333333334,0.6574276249739341,19.40625,29.5
KOVTR.mp4,24,0,35.29765484064943,1.5132624169928022,10.203125,19.796875
KOVTR.mp4,25,1,35.29765484064943,1.5004566250136122,4.19921875,14.203125
KOVTR.mp4,26,2,35.29765484064943,1.5056696250103414,28.40625,35.0
KVXJ9.mp4,10,0,30.766666666666666,1.5478085840004496,1.0,11.0
KVXJ9.mp4,11,1,30.766666666666666,1.5565440840437077,1.0,11.0
LGJAR.mp4,76,0,32.28969359331476,1.4475457500084303,17.59375,25.203125
N3U9S.mp4,68,0,14.8975791433892,0.029748833971098065,0.0,4.80078125
NBSPH.mp4,102,0,30.766666666666666,1.4588784580118954,26.796875,32.0
NBSPH.mp4,103,1,30.766666666666666,1.458332291978877,11.703125,17.796875
NBSPH.mp4,104,2,30.766666666666666,1.4576495839864947,11.703125,17.796875
OE2M1.mp4,125,0,30.633333333333333,1.4624335420085117,12.8984375,19.296875
OE2M1.mp4,126,1,30.633333333333333,1.4591904169647023,12.8984375,18.703125
OE2M1.mp4,127,2,30.633333333333333,1.45760220795637,12.8984375,19.296875
Q7IQI.mp4,137,0,17.2455233745944,0.1382876660209149,0.0,4.5
Q7IQI.mp4,138,1,17.2455233745944,0.1326482910080813,1.7998046875,8.6015625
Q7IQI.mp4,139,2,17.2455233745944,0.1315751249785535,1.7998046875,8.6015625
QLEN3.mp4,112,0,35.101733333333335,1.4545470420271158,14.0,19.0
QUXYH.mp4,91,0,30.72397450563818,0.1268858329858631,0.0,10.8984375
QUXYH.mp4,92,1,30.72397450563818,0.12477858294732869,0.0,10.8984375
QUXYH.mp4,93,2,30.72397450563818,0.12653574999421835,21.796875,31.203125
QUXYH.mp4,94,3,30.72397450563818,0.1228265410172753,15.1015625,22.90625
QUXYH.mp4,95,4,30.72397450563818,0.12650458299322054,0.0,10.0
QUXYH.mp4,96,5,30.72397450563818,0.12050437502330169,21.796875,31.203125
S591U.mp4,54,0,30.0,0.3733248340431601,9.3984375,17.0
SY5QP.mp4,98,0,30.733333333333334,1.4710669170017354,0.0,14.0
SY5QP.mp4,99,1,30.733333333333334,1.4670224169967696,11.203125,17.703125
V1WN7.mp4,48,0,36.03333333333333,1.724843250005506,0.0,15.8984375
V1WN7.mp4,49,1,36.03333333333333,1.717990540957544,0.0,14.3984375
V1WN7.mp4,50,2,36.03333333333333,1.7257440829998814,0.0,15.8984375
V2GC9.mp4,72,0,30.6,1.4456205000169575,10.1015625,24.203125
V2GC9.mp4,73,1,30.6,1.4496942920377478,11.296875,21.09375
V2GC9.mp4,74,2,30.6,1.4498910420225002,2.30078125,13.8984375
V2GC9.mp4,75,3,30.6,1.450641417002771,10.1015625,24.203125
V3SOF.mp4,97,0,44.42756787545092,1.2183192090014927,20.0,28.203125
VXJS4.mp4,6,0,30.259462351210377,0.3711471249698661,0.0,3.400390625
VXJS4.mp4,7,1,30.259462351210377,0.3741435830015689,0.0,4.0
W3SC3.mp4,118,0,21.92,0.7945600409875624,8.0,15.203125
W3SC3.mp4,119,1,21.92,0.7824030829942785,8.0,15.203125
W3SC3.mp4,120,2,21.92,0.7853174590272829,8.0,15.203125
WKPQ3.mp4,121,0,32.11541666666666,1.981173541978933,15.796875,28.703125
WKPQ3.mp4,122,1,32.11541666666666,1.9599173750029877,25.296875,30.90625
WKPQ3.mp4,123,2,32.11541666666666,1.969864749989938,5.1015625,11.0
XE19C.mp4,115,0,30.35976996121439,1.0898935830336995,0.89990234375,8.5
XE19C.mp4,116,1,30.35976996121439,1.0901916669681668,24.59375,31.0
XE19C.mp4,117,2,30.35976996121439,1.0919023749884218,0.89990234375,8.5
XMYXI.mp4,108,0,40.266666666666666,2.0105221669655293,0.0,7.0
XMYXI.mp4,109,1,40.266666666666666,2.0089960410259664,10.1015625,15.5
XMYXI.mp4,110,2,40.266666666666666,2.0020428340067156,0.0,7.0
XMYXI.mp4,111,3,40.266666666666666,2.0070308329886757,0.0,15.8984375
Y1HGC.mp4,32,0,30.697333333333333,0.5895401249872521,0.199951171875,9.796875
Y1HGC.mp4,33,1,30.697333333333333,0.59201712498907,1.7001953125,12.1015625
YSE1G.mp4,107,0,28.666666666666668,0.9803705409867689,0.60009765625,8.8984375
YSKX3.mp4,113,0,16.705726819301727,0.4848117919755168,13.0,18.0
YVKIV.mp4,5,0,31.95337620578778,0.8173299999907613,4.3984375,9.203125
YZ8HK.mp4,81,0,29.833333333333332,0.5449232920072973,1.400390625,8.703125
ZF7YA.mp4,128,0,37.2372,0.37666775000980124,5.30078125,11.703125
ZF7YA.mp4,129,1,37.2372,0.375213666993659,0.0,6.5
ZF7YA.mp4,130,2,37.2372,0.37552179099293426,5.30078125,11.703125
ZHRPD.mp4,77,0,29.75,1.1715852500055917,11.796875,19.59375
ZHRPD.mp4,78,1,29.75,1.1626889169565402,15.6015625,21.59375
0DVVD.mp4,287,0,29.696333333333335,1.4467600830248557,2.80078125,14.296875
0DVVD.mp4,288,1,29.696333333333335,1.3556625409983099,0.0999755859375,10.296875
1W6YY.mp4,188,0,29.48592239809497,1.031953625031747,3.5,7.8984375
27DCQ.mp4,179,0,31.041666666666668,0.2745322500122711,13.5,19.203125
2ADJI.mp4,230,0,24.566666666666666,0.1720451659639366,10.0,21.90625
2ADJI.mp4,231,1,24.566666666666666,0.18116091698175296,0.0,8.1015625
2OREK.mp4,252,0,30.233333333333334,0.5457757909898646,11.5,17.59375
3J9L5.mp4,221,0,29.8298,0.04456787498202175,1.0,6.6015625
3J9L5.mp4,222,1,29.8298,0.05886987497797236,2.80078125,9.0
3UACJ.mp4,214,0,37.96139519133085,1.0140542500303127,1.7998046875,6.3984375
5B9XE.mp4,281,0,32.121310940812,0.22198337502777576,18.703125,29.0
5B9XE.mp4,282,1,32.121310940812,0.2127479159971699,18.703125,29.0
5B9XE.mp4,283,2,32.121310940812,0.2103153329808265,18.703125,29.0
5B9XE.mp4,284,3,32.121310940812,0.2107418749947101,0.0,13.8984375
5B9XE.mp4,285,4,32.121310940812,0.21172062499681488,0.0,13.8984375
5CN21.mp4,296,0,25.333333333333332,0.13552991702454165,11.6015625,17.5
5CN21.mp4,297,1,25.333333333333332,0.1389957089559175,11.6015625,17.5
6C0BK.mp4,295,0,30.301001104898383,0.36506095802178606,0.300048828125,7.80078125
6IOV0.mp4,196,0,30.5305,1.1741796670248732,0.0,13.1015625
6IOV0.mp4,197,1,30.5305,1.2011757920263335,0.0,13.1015625
6IOV0.mp4,198,2,30.5305,1.2015501250280067,9.5,16.40625
8MQH6.mp4,158,0,33.129203895191246,1.5610864580376074,0.0,8.1015625
8MQH6.mp4,159,1,33.129203895191246,1.5683803330175579,0.0,8.1015625
8MQH6.mp4,160,2,33.129203895191246,1.565008667006623,0.0,8.1015625
8MQH6.mp4,161,3,33.129203895191246,1.5477972499793395,9.8984375,15.796875
9LWQ6.mp4,226,0,22.7,0.6264028750010766,0.0,9.703125
9LWQ6.mp4,227,1,22.7,0.6125018339953385,11.0,21.0
9LWQ6.mp4,228,2,22.7,0.6209163329913281,11.0,21.0
9LWQ6.mp4,229,3,22.7,0.6171048749820329,1.099609375,10.0
A3XXB.mp4,266,0,11.333333333333334,0.02984408295014873,1.900390625,7.1015625
A3XXB.mp4,267,1,11.333333333333334,0.030591582995839417,0.0,5.6015625
AK2KG.mp4,152,0,18.08676841725754,0.3138418330345303,12.5,19.0
AK2KG.mp4,153,1,18.08676841725754,0.3184201669646427,0.0,6.80078125
AK2KG.mp4,154,2,18.08676841725754,0.31071270897518843,0.0,6.80078125
AK2KG.mp4,155,3,18.08676841725754,0.32206133304862306,12.5,19.0
AK2KG.mp4,156,4,18.08676841725754,0.3105920000234619,12.5,19.0
AK2KG.mp4,157,5,18.08676841725754,0.3143779579550028,0.0,6.80078125
B1AMA.mp4,232,0,37.45408333333333,2.5399208750459366,21.0,35.6875
BFCU9.mp4,257,0,17.5,0.16087200003676116,0.199951171875,5.30078125
BFCU9.mp4,258,1,17.5,0.14545637503033504,0.199951171875,5.30078125
BFCU9.mp4,259,2,17.5,0.14362124999752268,0.199951171875,5.30078125
BFCU9.mp4,260,3,17.5,0.14571770798647776,14.0,18.0
BFCU9.mp4,261,4,17.5,0.14882291603134945,3.19921875,8.3984375
BFCU9.mp4,262,5,17.5,0.1578009169897996,0.199951171875,5.30078125
BFCU9.mp4,263,6,17.5,0.14423724997323006,0.0,8.203125
D1NT7.mp4,211,0,32.48078770413065,0.25008070800686255,10.796875,18.59375
D1NT7.mp4,212,1,32.48078770413065,0.2390877500292845,10.796875,18.59375
D1NT7.mp4,213,2,32.48078770413065,0.23865862499224022,10.796875,18.59375
DCV2M.mp4,201,0,31.433333333333334,1.1072235419997014,25.40625,32.0
DCV2M.mp4,202,1,31.433333333333334,1.1234792090253904,3.0,13.6015625
EEVD3.mp4,245,0,31.015344433561864,0.03731062501901761,18.40625,32.0
EEVD3.mp4,246,1,31.015344433561864,0.035860874981153756,2.0,7.8984375
EEVD3.mp4,247,2,31.015344433561864,0.03292249998776242,18.40625,32.0
EEVD3.mp4,248,3,31.015344433561864,0.03220629203133285,18.40625,32.0
EEVD3.mp4,249,4,31.015344433561864,0.03309754200745374,18.40625,32.0
EEVD3.mp4,250,5,31.015344433561864,0.034402750025037676,11.3984375,16.90625
EHS68.mp4,163,0,17.21142857142857,0.5191954590263776,1.099609375,6.3984375
FAJEA.mp4,274,0,30.113416666666666,0.6213802080019377,14.296875,23.5
FAJEA.mp4,275,1,30.113416666666666,0.6145565410261042,23.40625,31.0
FBOF0.mp4,209,0,33.416666666666664,0.724711999995634,9.203125,22.203125
FBOF0.mp4,210,1,33.416666666666664,0.7207540000090376,26.796875,32.09375
G30NS.mp4,164,0,37.47076666666667,0.8316658749827184,2.5,10.6015625
G30NS.mp4,165,1,37.47076666666667,0.8198015419766307,2.5,10.6015625
G30NS.mp4,166,2,37.47076666666667,0.8437354589696042,0.39990234375,7.6015625
G30NS.mp4,167,3,37.47076666666667,0.8235188330290839,7.0,14.0
G852Y.mp4,175,0,18.08676841725754,0.13283820799551904,3.0,10.1015625
GHC5X.mp4,195,0,27.026999999999997,1.1617892499780282,22.203125,27.796875
GL2JW.mp4,271,0,30.368981450478806,0.1720206669997424,14.8984375,21.90625
GL2JW.mp4,272,1,30.368981450478806,0.17936704197200015,14.8984375,21.90625
GL2JW.mp4,273,2,30.368981450478806,0.17218445800244808,14.1015625,22.296875
H0P5D.mp4,255,0,30.733333333333334,1.4662097499822266,11.0,18.09375
H0P5D.mp4,256,1,30.733333333333334,1.460588166024536,23.703125,32.0
IOGR7.mp4,251,0,30.393205831215727,1.1024283330189064,19.703125,28.296875
JCT0K.mp4,253,0,29.889669007021062,0.4974515420035459,2.599609375,10.203125
JCT0K.mp4,254,1,29.889669007021062,0.49746133404551074,0.0999755859375,6.19921875
KB7WQ.mp4,177,0,38.00463333333333,0.6455735830240883,7.30078125,14.0
KB7WQ.mp4,178,1,38.00463333333333,0.6497647920041345,7.30078125,14.0
KERO6.mp4,170,0,40.13357619914997,1.7854839579667896,11.3984375,16.90625
L5YHH.mp4,268,0,36.480402542372886,0.9833304999629036,0.60009765625,5.69921875
L5YHH.mp4,269,1,36.480402542372886,0.9758345420123078,18.59375,31.59375
L5YHH.mp4,270,2,36.480402542372886,0.9883795840432867,17.296875,35.40625
LA6AA.mp4,233,0,27.99148796857096,0.12409362499602139,2.19921875,11.796875
LA6AA.mp4,234,1,27.99148796857096,0.12142483296338469,2.19921875,11.796875
LKNZD.mp4,286,0,33.19983333333333,2.4365438749664463,0.0,6.5
LUTIO.mp4,238,0,30.7,0.4607019579852931,0.0,10.3984375
M8OYC.mp4,208,0,33.833800000000004,0.725912583002355,1.7001953125,11.5
MAUMO.mp4,162,0,33.72908796546142,0.36530295899137855,0.0,9.6015625
OKXIQ.mp4,176,0,31.95843828715365,0.21573549997992814,0.0,5.69921875
OP2SS.mp4,199,0,31.433333333333334,0.9113438330241479,20.40625,26.703125
OTIA2.mp4,298,0,23.666666666666668,0.442576875037048,0.0,4.3984375
OTIA2.mp4,299,1,23.666666666666668,0.43134829099290073,0.0,5.0
PPY0W.mp4,200,0,32.32108582396491,0.08309470803942531,0.0,7.80078125
Q3BCC.mp4,206,0,42.166666666666664,0.5547077499795705,0.0,6.80078125
Q3BCC.mp4,207,1,42.166666666666664,0.5523067080066539,0.0,6.80078125
Q6290.mp4,239,0,17.12534551135681,0.12801858398597687,0.0,8.296875
Q6290.mp4,240,1,17.12534551135681,0.13408562500262633,0.0,8.296875
Q6290.mp4,241,2,17.12534551135681,0.12958579102996737,0.0,8.296875
QCVZN.mp4,280,0,25.351435780367655,0.6817722910200246,6.19921875,12.0
RXELU.mp4,276,0,14.9149,0.31246566702611744,2.5,6.6015625
RXELU.mp4,277,1,14.9149,0.31434758397517726,2.5,6.6015625
RXELU.mp4,278,2,14.9149,0.3136889999732375,8.8984375,16.0
RXELU.mp4,279,3,14.9149,0.3155002080020495,3.69921875,9.703125
SUJWY.mp4,168,0,32.56666666666667,0.07916812499752268,17.09375,29.703125
SUJWY.mp4,169,1,32.56666666666667,0.08358495897846296,17.09375,29.703125
SV6KF.mp4,171,0,22.313958333333332,1.5138396249967627,9.296875,14.5
SV6KF.mp4,172,1,22.313958333333332,1.5011655410053208,9.296875,14.5
TAQ25.mp4,242,0,27.966666666666665,0.07397008297266439,11.6015625,17.703125
TAQ25.mp4,243,1,27.966666666666665,0.08389208297012374,11.6015625,17.703125
TAQ25.mp4,244,2,27.966666666666665,0.0789963339921087,4.30078125,16.5
TEV5K.mp4,203,0,30.754130541469,0.04076695896219462,7.1015625,16.203125
TEV5K.mp4,204,1,30.754130541469,0.039778459002263844,0.0,8.296875
TEV5K.mp4,205,2,30.754130541469,0.040999290999025106,0.0,8.296875
TUD6M.mp4,264,0,7.553670818976941,0.02586970798438415,4.30078125,8.0
TUD6M.mp4,265,1,7.553670818976941,0.028841499995905906,4.30078125,8.0
U2AO1.mp4,215,0,16.266666666666666,0.048553541011642665,0.0,4.6015625
U2AO1.mp4,216,1,16.266666666666666,0.05267787503544241,10.5,17.0
U2AO1.mp4,217,2,16.266666666666666,0.055956500000320375,0.0,4.6015625
U2AO1.mp4,218,3,16.266666666666666,0.057969291985500604,10.5,17.0
U2AO1.mp4,219,4,16.266666666666666,0.0714403330348432,10.5,17.0
U2AO1.mp4,220,5,16.266666666666666,0.06141187500907108,4.1015625,9.703125
U8M2P.mp4,289,0,32.76,1.0157783749746159,1.599609375,13.296875
UM5II.mp4,180,0,33.757808745795295,1.3285363329923712,3.69921875,14.0
UM5II.mp4,181,1,33.757808745795295,1.3210054999799468,0.89990234375,7.69921875
UM5II.mp4,182,2,33.757808745795295,1.321760541992262,0.89990234375,7.69921875
UM5II.mp4,183,3,33.757808745795295,1.322613917000126,0.89990234375,7.69921875
V0ZD9.mp4,150,0,37.815810920945395,0.3116777919931337,0.5,16.0
V0ZD9.mp4,151,1,37.815810920945395,0.31097770802443847,23.203125,39.0
VAV4C.mp4,290,0,47.166666666666664,0.31882949999999255,13.796875,23.5
VAV4C.mp4,291,1,47.166666666666664,0.3178629589965567,13.796875,23.5
VAV4C.mp4,292,2,47.166666666666664,0.317526958999224,9.296875,17.59375
VAV4C.mp4,293,3,47.166666666666664,0.3178377079893835,13.796875,23.5
VAV4C.mp4,294,4,47.166666666666664,0.3175995839992538,43.3125,48.0
VCYH8.mp4,173,0,27.525906735751295,0.12046279199421406,18.203125,23.796875
VCYH8.mp4,174,1,27.525906735751295,0.121637667005416,18.203125,23.796875
XQVXF.mp4,223,0,27.54,1.2314671670319512,4.5,11.1015625
XQVXF.mp4,224,1,27.54,1.2446387079544365,4.5,11.1015625
XQVXF.mp4,225,2,27.54,1.2352475000079721,0.0,9.0
XT9D4.mp4,184,0,33.46953491166927,1.2472683750092983,18.296875,25.296875
XT9D4.mp4,185,1,33.46953491166927,1.2357172080082819,0.0,3.80078125
XT9D4.mp4,186,2,33.46953491166927,1.2363165419665165,25.5,30.59375
XT9D4.mp4,187,3,33.46953491166927,1.232334667001851,25.5,30.59375
YNWMW.mp4,235,0,16.32,0.03076304099522531,9.8984375,15.8984375
YNWMW.mp4,236,1,16.32,0.030535124999005347,0.0,5.19921875
YNWMW.mp4,237,2,16.32,0.034589125018101186,0.0,5.19921875
YOCRB.mp4,189,0,34.666666666666664,1.3474772499757819,26.40625,36.0
YOCRB.mp4,190,1,34.666666666666664,1.360307416995056,26.40625,36.0
ZDV60.mp4,191,0,30.831973898858074,0.12747320800554007,0.300048828125,9.203125
ZDV60.mp4,192,1,30.831973898858074,0.12463829095941037,10.6015625,20.703125
ZDV60.mp4,193,2,30.831973898858074,0.12496341700898483,1.5,10.296875
ZDV60.mp4,194,3,30.831973898858074,0.12533554201945662,25.40625,32.0
2Z8G8.mp4,425,0,29.97542997542997,0.23803087504347786,6.19921875,15.5
2Z8G8.mp4,426,1,29.97542997542997,0.1329266669927165,14.8984375,29.40625
36T5X.mp4,388,0,33.13333333333333,1.6556622079806402,24.0,34.0
36T5X.mp4,389,1,33.13333333333333,1.6533420830382966,14.203125,23.0
36T5X.mp4,390,2,33.13333333333333,1.6532270000316203,14.203125,23.0
36T5X.mp4,391,3,33.13333333333333,1.6472942079999484,14.203125,23.0
36T5X.mp4,392,4,33.13333333333333,1.6542008339893073,24.0,34.0
4H64T.mp4,396,0,43.10344827586207,0.5150816669920459,32.09375,44.0
4H64T.mp4,397,1,43.10344827586207,0.49056983401533216,20.59375,30.0
4H64T.mp4,398,2,43.10344827586207,0.49018516700016335,14.6015625,21.203125
4H64T.mp4,399,3,43.10344827586207,0.4895338750211522,32.09375,44.0
4H64T.mp4,400,4,43.10344827586207,0.4904267499805428,14.6015625,21.203125
5R8BL.mp4,336,0,21.21998270471629,0.48880591697525233,12.1015625,22.0
5R8BL.mp4,337,1,21.21998270471629,0.4894492089515552,0.0,6.6015625
5R8BL.mp4,338,2,21.21998270471629,0.5017926670261659,5.69921875,13.1015625
61IVZ.mp4,444,0,25.11764705882353,0.8700607920181938,2.599609375,9.203125
61IVZ.mp4,445,1,25.11764705882353,0.8657676670118235,0.0,12.0
61IVZ.mp4,446,2,25.11764705882353,0.8688759590149857,5.80078125,13.296875
61IVZ.mp4,447,3,25.11764705882353,0.8680536670144647,5.80078125,13.296875
61IVZ.mp4,448,4,25.11764705882353,0.8657205839990638,0.0,5.30078125
69R8T.mp4,424,0,32.936136028919535,0.906926250027027,24.90625,33.0
6HT0J.mp4,372,0,31.233333333333334,0.819550915970467,6.80078125,19.5
6HT0J.mp4,373,1,31.233333333333334,0.8127550409990363,8.203125,20.09375
759MY.mp4,361,0,20.24996995553419,0.4887747920001857,7.5,13.0
759MY.mp4,362,1,20.24996995553419,0.4917470419895835,11.8984375,17.40625
759MY.mp4,363,2,20.24996995553419,0.4911396660027094,11.8984375,17.40625
759MY.mp4,364,3,20.24996995553419,0.4911482910392806,1.7998046875,6.80078125
7SNIO.mp4,348,0,34.367666666666665,0.08588712499476969,0.0,7.30078125
7SNIO.mp4,349,1,34.367666666666665,0.09470474999397993,0.0,7.30078125
7SNIO.mp4,350,2,34.367666666666665,0.09550666704308242,0.0,7.30078125
7XMBM.mp4,441,0,30.533333333333335,1.575303833000362,9.296875,18.296875
7XMBM.mp4,442,1,30.533333333333335,1.5378768750233576,9.296875,18.296875
7XMBM.mp4,443,2,30.533333333333335,1.5471650830004364,9.296875,18.296875
86E2E.mp4,303,0,19.889436365821417,0.5912866669823416,0.0,8.796875
86E2E.mp4,304,1,19.889436365821417,0.5871946660336107,2.19921875,8.203125
86E2E.mp4,305,2,19.889436365821417,0.5869776670006104,15.296875,20.796875
86E2E.mp4,306,3,19.889436365821417,0.5852372499648482,15.296875,20.796875
86E2E.mp4,307,4,19.889436365821417,0.590909874998033,1.2998046875,8.3984375
86E2E.mp4,308,5,19.889436365821417,0.5972934580058791,0.0,8.796875
86E2E.mp4,309,6,19.889436365821417,0.5997880000504665,15.296875,20.796875
86E2E.mp4,310,7,19.889436365821417,0.601214041991625,15.296875,20.796875
8SDK5.mp4,324,0,21.7,0.7850283749867231,15.3984375,23.0
8SDK5.mp4,325,1,21.7,0.7840416670078412,5.8984375,16.703125
95GB4.mp4,326,0,30.095000000000002,1.2635873749968596,8.796875,19.796875
95GB4.mp4,327,1,30.095000000000002,1.2636136669898406,8.796875,19.796875
95GB4.mp4,328,2,30.095000000000002,1.2841769580263644,5.1015625,13.1015625
95GB4.mp4,329,3,30.095000000000002,1.2851927919546142,18.296875,31.0
95GB4.mp4,330,4,30.095000000000002,1.2706877500168048,0.0,11.203125
95GB4.mp4,331,5,30.095000000000002,1.2725433749728836,8.796875,19.796875
95GB4.mp4,332,6,30.095000000000002,1.2728343330090865,0.0,11.203125
A33VQ.mp4,449,0,30.933333333333334,0.5978468750254251,11.1015625,19.703125
AIJ0M.mp4,401,0,31.185523422966344,0.4564442500122823,0.0,9.5
AIJ0M.mp4,402,1,31.185523422966344,0.4535369999939576,7.3984375,13.1015625
AIJ0M.mp4,403,2,31.185523422966344,0.4498254170175642,0.5,12.796875
AL1WC.mp4,393,0,30.086007831063217,1.3553649159730412,0.0,3.80078125
B4ED1.mp4,302,0,34.16596613426204,1.0581877080257982,23.5,32.8125
BI4KK.mp4,339,0,30.687660668380463,0.03309958300087601,0.89990234375,8.3984375
BM3UJ.mp4,374,0,32.98888845108161,1.162024958000984,6.3984375,17.296875
BM3UJ.mp4,375,1,32.98888845108161,1.1523231670144014,3.400390625,9.796875
BM3UJ.mp4,376,2,32.98888845108161,1.1500399169744924,3.400390625,9.796875
C0CMQ.mp4,438,0,19.22845811801466,0.1317004580050707,11.796875,18.703125
C0CMQ.mp4,439,1,19.22845811801466,0.13139483297709376,13.6015625,20.0
C0CMQ.mp4,440,2,19.22845811801466,0.1291072090389207,11.796875,18.703125
COBS0.mp4,356,0,31.2,1.5467618329566903,6.69921875,14.0
DJ87X.mp4,313,0,32.1608040201005,1.2723177089937963,0.0,9.6015625
DJ87X.mp4,314,1,32.1608040201005,1.2650470419903286,0.0,9.6015625
DJ87X.mp4,315,2,32.1608040201005,1.273098082980141,19.203125,26.796875
DM2XL.mp4,377,0,22.457641279283497,0.7957142080413178,15.3984375,20.90625
DM2XL.mp4,378,1,22.457641279283497,0.7914191669551656,15.3984375,20.90625
DU416.mp4,340,0,30.633333333333333,0.9186950420262292,7.8984375,18.0
F1V30.mp4,365,0,31.801138730731843,0.31597987498389557,0.0,4.19921875
F1V30.mp4,366,1,31.801138730731843,0.30843870900571346,23.09375,33.0
FXGQI.mp4,404,0,31.13791979132703,0.12774824997177348,1.7001953125,6.69921875
FXGQI.mp4,405,1,31.13791979132703,0.12516558298375458,1.7001953125,6.69921875
G8NEV.mp4,435,0,33.058405418091596,0.37459224998019636,14.703125,24.0
G8NEV.mp4,436,1,33.058405418091596,0.3647375829750672,18.203125,24.203125
G8NEV.mp4,437,2,33.058405418091596,0.36845587502466515,18.203125,24.203125
HOYUT.mp4,394,0,30.4009695990304,0.5514999169972725,11.796875,17.5
HRASP.mp4,415,0,32.098395080245986,0.2247337080189027,2.69921875,7.8984375
HRASP.mp4,416,1,32.098395080245986,0.2197482500341721,19.703125,26.40625
HRASP.mp4,417,2,32.098395080245986,0.22249708301387727,2.69921875,7.8984375
HRASP.mp4,418,3,32.098395080245986,0.2183900829986669,6.30078125,11.6015625
KY2KA.mp4,406,0,36.46530940262523,1.4554018340422772,3.69921875,9.5
KY2KA.mp4,407,1,36.46530940262523,1.4587855419958942,3.69921875,9.5
KY2KA.mp4,408,2,36.46530940262523,1.4541700419504195,3.69921875,9.5
L39A4.mp4,395,0,37.46666666666667,0.44551400002092123,0.60009765625,7.80078125
MNNJS.mp4,409,0,31.7,0.9272327919607051,21.296875,30.703125
MNNJS.mp4,410,1,31.7,0.9255150830140337,18.5,24.0
MNNJS.mp4,411,2,31.7,0.9301581250037998,21.296875,30.703125
N0ZPI.mp4,316,0,30.096733333333333,0.9908940839814022,14.3984375,20.796875
N0ZPI.mp4,317,1,30.096733333333333,0.9884085829835385,21.796875,26.5
NI15V.mp4,370,0,30.633333333333333,1.5627464999561198,13.5,19.5
NI15V.mp4,371,1,30.633333333333333,1.5478525419603102,18.5,25.40625
NO1GJ.mp4,341,0,25.333333333333332,0.7391805410152301,15.8984375,25.796875
NO1GJ.mp4,342,1,25.333333333333332,0.7125440000090748,15.8984375,25.796875
NO1GJ.mp4,343,2,25.333333333333332,0.7153970829676837,0.0,10.203125
NO1GJ.mp4,344,3,25.333333333333332,0.722509415994864,8.0,16.09375
NO1GJ.mp4,345,4,25.333333333333332,0.7261384170269594,0.0,10.203125
NO1GJ.mp4,346,5,25.333333333333332,0.7114230419974774,15.8984375,25.796875
NO1GJ.mp4,347,6,25.333333333333332,0.7157157499459572,16.40625,25.40625
NRGQB.mp4,335,0,11.803458333333332,0.48989050003001466,6.1015625,11.6015625
NW0KT.mp4,321,0,49.509803921568626,0.5900087080080993,7.8984375,18.796875
NW0KT.mp4,322,1,49.509803921568626,0.5897022500284947,7.8984375,18.796875
NW0KT.mp4,323,2,49.509803921568626,0.5912007079459727,43.59375,50.0
OPPVW.mp4,369,0,24.396106237231102,0.7849954169942066,19.203125,25.0
OTIA2.mp4,300,0,23.666666666666668,0.4479534159763716,0.0,4.3984375
OTIA2.mp4,301,1,23.666666666666668,0.4405185839859769,0.0,4.3984375
OVD84.mp4,318,0,30.7,1.4837700419593602,4.1015625,10.796875
OVD84.mp4,319,1,30.7,1.4841462909826078,4.1015625,10.796875
OVD84.mp4,320,2,30.7,1.492456250009127,4.1015625,10.796875
QMIKJ.mp4,412,0,29.966666666666665,1.4099222919903696,0.7001953125,9.796875
QMIKJ.mp4,413,1,29.966666666666665,1.4074373330222443,0.0,9.296875
QMIKJ.mp4,414,2,29.966666666666665,1.3936489169718698,1.599609375,9.296875
QOYH2.mp4,351,0,30.864166666666666,1.1103867499623448,17.5,25.296875
QWKVM.mp4,352,0,30.833333333333332,1.3789737079641782,10.296875,19.09375
QWKVM.mp4,353,1,30.833333333333332,1.369757833017502,1.2001953125,8.0
QWKVM.mp4,354,2,30.833333333333332,1.3715182079467922,0.0,5.19921875
QWKVM.mp4,355,3,30.833333333333332,1.3695313339703716,0.0,5.19921875
RQRRD.mp4,379,0,46.53571189951226,1.6666874589864165,7.5,24.296875
RQRRD.mp4,380,1,46.53571189951226,1.6668585410225205,0.0,4.80078125
RQRRD.mp4,381,2,46.53571189951226,1.6678958749980666,16.90625,22.296875
RQRRD.mp4,382,3,46.53571189951226,1.6647987079923041,0.0,4.80078125
RQRRD.mp4,383,4,46.53571189951226,1.6748145420569927,5.19921875,11.796875
S2FUO.mp4,384,0,23.866666666666667,0.07087720796698704,0.0,8.3984375
S2FUO.mp4,385,1,23.866666666666667,0.06973866699263453,0.0,8.3984375
S2FUO.mp4,386,2,23.866666666666667,0.06998891604598612,13.296875,22.40625
S2FUO.mp4,387,3,23.866666666666667,0.07633316598366946,0.0,8.3984375
SJ4QF.mp4,423,0,30.933333333333334,0.27663045801455155,6.3984375,15.5
TDAY1.mp4,333,0,34.333333333333336,0.48867137503111735,0.0,16.59375
TDAY1.mp4,334,1,34.333333333333336,0.49457333295140415,23.40625,35.0
TJZ0P.mp4,357,0,17.733333333333334,0.23362374998396263,10.203125,19.0
TJZ0P.mp4,358,1,17.733333333333334,0.24027574999490753,10.203125,19.0
TJZ0P.mp4,359,2,17.733333333333334,0.23883391701383516,8.5,14.203125
TJZ0P.mp4,360,3,17.733333333333334,0.2335276249796152,2.80078125,10.3984375
U502L.mp4,367,0,35.58021870409662,0.13487654202617705,20.40625,26.90625
U502L.mp4,368,1,35.58021870409662,0.1322151250205934,27.5,32.3125
URK3G.mp4,431,0,31.066666666666666,0.7285670000128448,14.5,20.796875
URK3G.mp4,432,1,31.066666666666666,0.7373691250104457,3.69921875,18.59375
URK3G.mp4,433,2,31.066666666666666,0.7207032500300556,5.8984375,11.6015625
URK3G.mp4,434,3,31.066666666666666,0.726620625006035,0.0,7.1015625
UY0SK.mp4,419,0,26.796443162701276,1.1389458749908954,13.203125,18.09375
UY0SK.mp4,420,1,26.796443162701276,1.1357583749922924,22.90625,28.0
UY0SK.mp4,421,2,26.796443162701276,1.1382939579780214,14.6015625,28.0
XVI3M.mp4,427,0,25.666666666666668,0.2483692499808967,14.796875,20.90625
XVI3M.mp4,428,1,25.666666666666668,0.2526340420008637,17.59375,24.90625
XVI3M.mp4,429,2,25.666666666666668,0.2513862500200048,14.796875,20.90625
Y3M3W.mp4,430,0,35.18530929562362,0.4624290419742465,1.7001953125,8.0
YJ1KW.mp4,311,0,31.433333333333334,1.465692542027682,8.796875,14.296875
YJ1KW.mp4,312,1,31.433333333333334,1.465086166979745,8.796875,14.296875
YQT32.mp4,422,0,26.625840378086934,0.40866508398903534,17.796875,27.203125
0PU21.mp4,463,0,30.90019438300154,0.3404722499544732,13.6015625,17.796875
30I35.mp4,483,0,23.815458333333332,1.0576701660174876,1.5,8.296875
30I35.mp4,484,1,23.815458333333332,1.0455130420159549,9.0,14.6015625
30I35.mp4,485,2,23.815458333333332,1.0478251249878667,9.0,14.6015625
30I35.mp4,486,3,23.815458333333332,1.0456143749761395,1.5,8.296875
30I35.mp4,487,4,23.815458333333332,1.0702677909866907,9.0,14.6015625
318CP.mp4,578,0,32.4,1.4195010830298997,19.703125,33.0
318CP.mp4,579,1,32.4,1.4060663330019452,8.703125,23.59375
318CP.mp4,580,2,32.4,1.362379541969858,8.703125,23.59375
318CP.mp4,581,3,32.4,1.3713596250163391,19.703125,33.0
39E0I.mp4,458,0,31.5315,1.2038219579844736,0.0,6.30078125
4U8WV.mp4,498,0,32.224532224532226,0.08259391703177243,0.0,14.703125
4U8WV.mp4,499,1,32.224532224532226,0.10269608296221122,8.5,15.203125
55NRK.mp4,554,0,30.595549738219894,0.14646737498696893,19.09375,30.59375
5IPJA.mp4,508,0,31.200363058770137,0.8841295000165701,13.8984375,20.90625
5VUT9.mp4,548,0,26.033333333333335,1.0820733340224251,0.0,10.0
5VUT9.mp4,549,1,26.033333333333335,1.066693041997496,5.0,10.0
5VUT9.mp4,550,2,26.033333333333335,1.0651251670205966,8.0,13.0
5VUT9.mp4,551,3,26.033333333333335,1.065582707989961,0.0,10.0
5VUT9.mp4,552,4,26.033333333333335,1.0642165000317618,18.0,25.0
7NXWU.mp4,542,0,24.893336120110078,0.5294247079873458,4.19921875,13.1015625
8UCK1.mp4,495,0,14.866666666666667,0.04391274997033179,1.599609375,7.0
8UCK1.mp4,496,1,14.866666666666667,0.04584908299148083,1.599609375,7.0
8UCK1.mp4,497,2,14.866666666666667,0.046288250014185905,8.703125,13.8984375
9POJB.mp4,468,0,31.406374999999997,1.4297634169925004,14.0,27.90625
9POJB.mp4,469,1,31.406374999999997,1.4267832500045188,16.5,22.59375
9POJB.mp4,470,2,31.406374999999997,1.4322494579828344,14.0,27.90625
9POJB.mp4,471,3,31.406374999999997,1.4272939170477912,2.19921875,7.19921875
9RRED.mp4,557,0,30.697333333333333,1.4404481669771485,25.5,32.0
9RRED.mp4,558,1,30.697333333333333,1.4391980419750325,18.296875,25.296875
9RRED.mp4,559,2,30.697333333333333,1.4459792079869658,18.296875,25.296875
9RRED.mp4,560,3,30.697333333333333,1.4482841250137426,0.0,5.80078125
9RRED.mp4,561,4,30.697333333333333,1.4517653330112807,18.296875,25.296875
9RRED.mp4,562,5,30.697333333333333,1.45147262501996,25.5,32.0
9RRED.mp4,563,6,30.697333333333333,1.4487007500138134,0.0,5.80078125
A2X7Q.mp4,598,0,18.93854748603352,0.696973167010583,11.1015625,18.703125
A2X7Q.mp4,599,1,18.93854748603352,0.6955256250221282,5.5,10.703125
A33VQ.mp4,450,0,30.933333333333334,0.6032059589633718,11.1015625,19.703125
A33VQ.mp4,451,1,30.933333333333334,0.6348222499946132,21.0,29.40625
AX46Z.mp4,464,0,31.77689136191466,0.8225873329793103,12.796875,28.703125
AX46Z.mp4,465,1,31.77689136191466,0.8159283749992028,12.796875,28.703125
AX46Z.mp4,466,2,31.77689136191466,0.8280041249818169,0.0,8.203125
AX46Z.mp4,467,3,31.77689136191466,0.811369624978397,1.2001953125,7.19921875
BM9NZ.mp4,574,0,33.714285714285715,1.2786262499867007,24.09375,30.796875
BM9NZ.mp4,575,1,33.714285714285715,1.263234541984275,0.0,15.0
BM9NZ.mp4,576,2,33.714285714285715,1.2761000419850461,0.0,15.0
BM9NZ.mp4,577,3,33.714285714285715,1.3128146670060232,24.09375,30.796875
CD9GP.mp4,541,0,31.24600638977636,1.3766835830174387,23.5,28.90625
FQS7O.mp4,553,0,24.576373032087492,0.14162720897002146,6.8984375,11.5
H608V.mp4,582,0,20.733333333333334,0.0358507499913685,11.6015625,22.0
H608V.mp4,583,1,20.733333333333334,0.03653787495568395,0.89990234375,7.8984375
H608V.mp4,584,2,20.733333333333334,0.045304750034119934,11.6015625,22.0
H608V.mp4,585,3,20.733333333333334,0.03850466699805111,11.6015625,22.0
H608V.mp4,586,4,20.733333333333334,0.038183958968147635,1.0,6.3984375
H608V.mp4,587,5,20.733333333333334,0.038266707968432456,11.6015625,22.0
H608V.mp4,588,6,20.733333333333334,0.03752499999245629,11.6015625,22.0
HHNTA.mp4,567,0,33.80914086583568,1.3514963340130635,24.90625,31.09375
HHNTA.mp4,568,1,33.80914086583568,1.3580789160332642,0.0,14.5
HHNTA.mp4,569,2,33.80914086583568,1.3653730420046486,0.0,14.703125
HHNTA.mp4,570,3,33.80914086583568,1.383751665998716,0.0,14.5
HHNTA.mp4,571,4,33.80914086583568,1.3620469580055214,13.8984375,26.203125
HHNTA.mp4,572,5,33.80914086583568,1.3513274579891004,0.0,14.5
HHNTA.mp4,573,6,33.80914086583568,1.3652189999702387,0.0,14.5
IALUY.mp4,564,0,29.733333333333334,1.5631927500362508,9.5,20.40625
IALUY.mp4,565,1,29.733333333333334,1.547524916997645,5.6015625,13.203125
IALUY.mp4,566,2,29.733333333333334,1.5481351669877768,8.6015625,15.1015625
IGZZG.mp4,589,0,18.467276227141483,0.499827915977221,0.0,8.796875
IGZZG.mp4,590,1,18.467276227141483,0.49637604103190824,0.0,8.796875
IGZZG.mp4,591,2,18.467276227141483,0.5014324159710668,5.3984375,11.6015625
IQA16.mp4,526,0,31.346282652377763,0.636070207983721,0.7998046875,13.6015625
IQA16.mp4,527,1,31.346282652377763,0.630401249974966,11.203125,19.59375
IQA16.mp4,528,2,31.346282652377763,0.6286361670354381,11.203125,19.59375
IQA16.mp4,529,3,31.346282652377763,0.6401075420435518,11.203125,19.59375
J7BOV.mp4,531,0,32.38975673943116,0.9213225420098752,4.6015625,11.8984375
K0FAG.mp4,472,0,29.77899445816919,0.5297967090154998,11.0,21.09375
K0FAG.mp4,473,1,29.77899445816919,0.5096153749618679,11.0,21.09375
KZ36U.mp4,539,0,30.597233333333335,1.5478312090272084,2.900390625,8.0
KZ36U.mp4,540,1,30.597233333333335,1.546061584027484,9.0,15.5
LLT3E.mp4,493,0,26.3263,0.7154562080395408,15.3984375,22.40625
LLT3E.mp4,494,1,26.3263,0.7045940409880131,15.3984375,22.40625
LSFJG.mp4,500,0,24.666666666666668,0.8957094170036726,20.703125,26.0
LSFJG.mp4,501,1,24.666666666666668,0.882433167018462,1.7998046875,9.3984375
LSFJG.mp4,502,2,24.666666666666668,0.8849725000327453,20.703125,26.0
LSFJG.mp4,503,3,24.666666666666668,0.8898053329903632,20.703125,26.0
LSFJG.mp4,504,4,24.666666666666668,0.9091709170024842,13.296875,20.59375
LSFJG.mp4,505,5,24.666666666666668,0.8980657079955563,20.703125,26.0
LSFJG.mp4,506,6,24.666666666666668,0.8926190840429626,20.703125,26.0
M3OMM.mp4,530,0,20.80981941309255,0.3224746669875458,0.0,8.3984375
MPHFU.mp4,592,0,30.296933333333335,1.2179820419987664,0.0,11.203125
MPHFU.mp4,593,1,30.296933333333335,1.230000791954808,0.0,12.203125
MUWG4.mp4,488,0,42.292249999999996,1.2473312089568935,5.0,13.3984375
N0G70.mp4,474,0,31.041757358604293,0.0855345840100199,0.0,9.1015625
N0G70.mp4,475,1,31.041757358604293,0.0870252909953706,0.0,9.1015625
OHNUQ.mp4,543,0,37.370473537604454,0.6650540420087054,6.5,13.5
OHNUQ.mp4,544,1,37.370473537604454,0.6541977089946158,0.0,9.5
OHNUQ.mp4,545,2,37.370473537604454,0.6577842090046033,6.5,13.5
OHNUQ.mp4,546,3,37.370473537604454,0.6589991669752635,0.0,9.5
OHNUQ.mp4,547,4,37.370473537604454,0.6662632919615135,0.0,9.5
PRTAJ.mp4,535,0,42.00888921539818,0.4146179999806918,7.5,19.703125
PRTAJ.mp4,536,1,42.00888921539818,0.40122454200172797,8.703125,17.09375
PRTAJ.mp4,537,2,42.00888921539818,0.401359208044596,31.40625,43.0
PRTAJ.mp4,538,3,42.00888921539818,0.4050590829574503,18.796875,33.09375
RLQ9K.mp4,533,0,31.675277749636983,1.0418134580249898,16.09375,30.703125
RLQ9K.mp4,534,1,31.675277749636983,1.008207167033106,16.09375,30.703125
RPXAC.mp4,532,0,31.126066578536236,1.430809874960687,10.1015625,22.203125
RVVDR.mp4,512,0,29.896533333333334,0.5454512920114212,7.8984375,15.0
RVVDR.mp4,513,1,29.896533333333334,0.5328002090100199,3.69921875,12.6015625
RVVDR.mp4,514,2,29.896533333333334,0.5432690830202773,0.0,13.796875
RVVDR.mp4,515,3,29.896533333333334,0.5398888330091722,0.5,11.0
RVVDR.mp4,516,4,29.896533333333334,0.5587221659952775,0.0,11.6015625
S7JTZ.mp4,509,0,28.39274964885292,0.9091116669587791,3.0,14.5
S7JTZ.mp4,510,1,28.39274964885292,0.9758699999656528,3.0,14.5
S7JTZ.mp4,511,2,28.39274964885292,0.9008904590154998,2.400390625,14.5
SJ51G.mp4,476,0,30.974894033257254,0.13170362502569333,16.0,21.703125
SJ51G.mp4,477,1,30.974894033257254,0.12893266597529873,0.0,13.0
SJ51G.mp4,478,2,30.974894033257254,0.1347350410069339,9.8984375,18.90625
SJ51G.mp4,479,3,30.974894033257254,0.12836304103257135,9.8984375,18.90625
SJ51G.mp4,480,4,30.974894033257254,0.12826358299935237,19.09375,29.296875
SJ51G.mp4,481,5,30.974894033257254,0.12593079201178625,16.0,21.703125
SJ51G.mp4,482,6,30.974894033257254,0.1343299169675447,0.0,13.0
T06AT.mp4,517,0,30.9,1.5420687499572523,0.0,13.3984375
T06AT.mp4,518,1,30.9,1.3821702499990351,0.0,13.3984375
T06AT.mp4,519,2,30.9,1.3782031669979915,5.0,13.3984375
T7ST5.mp4,524,0,21.54134332352154,0.258505082980264,0.0,8.703125
T7ST5.mp4,525,1,21.54134332352154,0.2563004160183482,0.0,8.703125
T9Y1N.mp4,459,0,30.55668427468509,1.171891207981389,22.40625,32.0
T9Y1N.mp4,460,1,30.55668427468509,1.172802084009163,5.0,10.8984375
T9Y1N.mp4,461,2,30.55668427468509,1.1742212910321541,6.6015625,18.296875
T9Y1N.mp4,462,3,30.55668427468509,1.1769054169999436,0.0,3.80078125
TUJF4.mp4,596,0,29.4294,0.798980749968905,0.89990234375,8.203125
TUJF4.mp4,597,1,29.4294,0.8169828330283053,14.8984375,21.90625
TZ9FE.mp4,520,0,30.620599312264613,0.12226991704665124,0.0,8.0
TZ9FE.mp4,521,1,30.620599312264613,0.12611250003101304,0.0,8.0
TZ9FE.mp4,522,2,30.620599312264613,0.12616104097105563,23.0,29.0
TZ9FE.mp4,523,3,30.620599312264613,0.1214042499777861,0.0,14.0
UNWMJ.mp4,555,0,31.297933333333333,0.9512008330202661,1.2998046875,13.6015625
W0QSB.mp4,507,0,33.96666666666667,1.0043835410033353,0.0,14.3984375
WD35N.mp4,489,0,30.32195833333333,1.8664427910116501,3.900390625,9.703125
WD35N.mp4,490,1,30.32195833333333,1.8122079169843346,3.900390625,9.0
WD35N.mp4,491,2,30.32195833333333,1.8022499170037918,8.8984375,14.296875
WD35N.mp4,492,3,30.32195833333333,1.804099916946143,8.8984375,14.296875
X9M5B.mp4,556,0,32.3,0.08619133295724168,0.0,15.8984375
YYLKT.mp4,594,0,23.254416536473983,0.14653950004139915,12.5,24.0
YYLKT.mp4,595,1,23.254416536473983,0.14011945901438594,7.69921875,15.296875
ZMY8M.mp4,452,0,30.688867123734898,0.12617687496822327,6.3984375,11.796875
ZMY8M.mp4,453,1,30.688867123734898,0.12766345898853615,8.1015625,13.796875
ZMY8M.mp4,454,2,30.688867123734898,0.1254902919754386,8.1015625,13.796875
ZMY8M.mp4,455,3,30.688867123734898,0.1270038749789819,19.796875,25.5
ZMY8M.mp4,456,4,30.688867123734898,0.13610620802501217,8.1015625,13.796875
ZMY8M.mp4,457,5,30.688867123734898,0.1288339999737218,19.796875,25.5
0TDOP.mp4,613,0,30.590544740716503,0.1551887919777073,2.099609375,8.0
0TDOP.mp4,614,1,30.590544740716503,0.06009204202564433,0.0,6.69921875
0UK3H.mp4,639,0,24.636461963706285,0.6773357919882983,2.099609375,8.203125
11L5M.mp4,714,0,29.233333333333334,1.412141916982364,16.40625,30.0
11L5M.mp4,715,1,29.233333333333334,1.403269459027797,16.40625,30.0
11L5M.mp4,716,2,29.233333333333334,1.4448807500302792,15.5,20.40625
12XD3.mp4,643,0,19.894875,0.8882226659916341,4.1015625,11.8984375
12XD3.mp4,644,1,19.894875,0.8976087080081925,0.0,4.0
12XD3.mp4,645,2,19.894875,0.8997305419761688,1.400390625,7.8984375
12XD3.mp4,646,3,19.894875,0.8810586670297198,0.0,4.0
12XD3.mp4,647,4,19.894875,0.885111459007021,0.0,4.0
12XD3.mp4,648,5,19.894875,0.8781467910157517,4.1015625,11.8984375
12XD3.mp4,649,6,19.894875,0.879947459034156,1.400390625,7.8984375
1HZGH.mp4,659,0,32.78888776097181,1.3475788329960778,16.703125,32.1875
1HZGH.mp4,660,1,32.78888776097181,1.3525750830303878,16.703125,32.1875
1HZGH.mp4,661,2,32.78888776097181,1.355198916979134,16.703125,32.1875
21WN7.mp4,676,0,34.930362116991645,1.381977375014685,15.203125,21.5
21WN7.mp4,677,1,34.930362116991645,1.3997441660030745,2.0,16.0
21WN7.mp4,678,2,34.930362116991645,1.3830473329871893,2.0,16.0
21WN7.mp4,679,3,34.930362116991645,1.399919499992393,2.0,16.0
21WN7.mp4,680,4,34.930362116991645,1.3831810830160975,15.3984375,32.09375
3AKML.mp4,704,0,39.9399,1.581441916001495,30.0,41.0
3JXKZ.mp4,630,0,32.4324,0.3355136250029318,0.0,3.80078125
3Q6N1.mp4,650,0,13.4,0.025903583969920874,0.0,4.3984375
3Q6N1.mp4,651,1,13.4,0.027317291998770088,11.3984375,14.0
3WMV4.mp4,699,0,17.42579016945079,0.039792041992768645,3.099609375,9.1015625
3WMV4.mp4,700,1,17.42579016945079,0.03625058400211856,3.099609375,9.1015625
3WMV4.mp4,701,2,17.42579016945079,0.0357180840219371,1.5,5.6015625
3WMV4.mp4,702,3,17.42579016945079,0.03811970795504749,3.099609375,9.1015625
44T8B.mp4,723,0,29.666666666666668,0.8194031660095789,0.0,3.5
75M1Z.mp4,684,0,30.833333333333332,1.3902007500291802,25.90625,32.0
75M1Z.mp4,685,1,30.833333333333332,1.391969832999166,23.59375,29.40625
75M1Z.mp4,686,2,30.833333333333332,1.3932412499561906,25.09375,31.59375
75M1Z.mp4,687,3,30.833333333333332,1.3862249999656342,25.09375,31.59375
7XCAP.mp4,652,0,30.70891865403463,0.13345999998273328,25.203125,30.703125
7XCAP.mp4,653,1,30.70891865403463,0.12815599999157712,18.09375,32.0
7XCAP.mp4,654,2,30.70891865403463,0.12538904102984816,18.09375,32.0
7XCAP.mp4,655,3,30.70891865403463,0.13250308303395286,18.09375,32.0
7ZL8E.mp4,625,0,31.297933333333333,1.0683449159841985,16.59375,27.203125
7ZL8E.mp4,626,1,31.297933333333333,1.0652655829908326,16.5,25.90625
7ZL8E.mp4,627,2,31.297933333333333,1.059474624984432,0.0,12.6015625
7ZL8E.mp4,628,3,31.297933333333333,1.059731625020504,16.5,25.90625
874F1.mp4,667,0,32.66596666666667,1.555566875031218,0.0,3.599609375
8B4ZP.mp4,615,0,48.4,0.667802500014659,31.59375,40.1875
8B4ZP.mp4,616,1,48.4,0.6778370409738272,46.40625,49.0
8B4ZP.mp4,617,2,48.4,0.6719283330021426,38.40625,47.8125
8B4ZP.mp4,618,3,48.4,0.6661408329964615,46.40625,49.0
8B4ZP.mp4,619,4,48.4,0.6645220000064,27.5,34.1875
9TM1K.mp4,632,0,30.633333333333333,1.1835264999535866,0.0,8.1015625
9TM1K.mp4,633,1,30.633333333333333,1.1994796670041978,25.09375,32.0
A2X7Q.mp4,600,0,18.93854748603352,0.7149608340114355,3.0,11.0
ATIAW.mp4,637,0,31.989554431206138,0.029535791953094304,27.296875,32.90625
ATIAW.mp4,638,1,31.989554431206138,0.02969583304366097,27.296875,32.90625
AVL8A.mp4,623,0,33.99229166666667,2.28372229100205,3.80078125,8.5
AVL8A.mp4,624,1,33.99229166666667,2.260151791968383,4.80078125,12.203125
C7G1S.mp4,703,0,18.688780722312362,0.5874504580278881,0.0,8.703125
DR1ZU.mp4,664,0,13.583333333333334,0.30699991702567786,2.099609375,7.6015625
DR1ZU.mp4,665,1,13.583333333333334,0.3115795830381103,0.0,5.69921875
DR1ZU.mp4,666,2,13.583333333333334,0.31094812497030944,2.099609375,7.6015625
DSZYT.mp4,727,0,30.797433333333334,0.9103406670037657,0.0,8.296875
DSZYT.mp4,728,1,30.797433333333334,0.9044341249973513,0.0,8.296875
E6ZBZ.mp4,717,0,31.2,0.6551764170289971,10.5,17.09375
ECFMO.mp4,681,0,29.295933333333334,0.2637190420064144,23.203125,30.0
ECFMO.mp4,682,1,29.295933333333334,0.2655728330137208,3.099609375,15.5
F19VE.mp4,721,0,33.6336,0.9084122499916703,19.5,33.8125
F19VE.mp4,722,1,33.6336,0.9272706670453772,6.69921875,16.09375
FORXE.mp4,696,0,15.142410767936546,0.42225037497701123,7.6015625,14.296875
FORXE.mp4,697,1,15.142410767936546,0.4020442909677513,7.6015625,14.296875
FORXE.mp4,698,2,15.142410767936546,0.39875175000634044,2.5,9.3984375
FQM2N.mp4,674,0,34.59616985845129,0.6233415000024252,0.0,10.0
FQM2N.mp4,675,1,34.59616985845129,0.6342890829546377,0.0,3.19921875
G2JR9.mp4,741,0,31.033333333333335,1.5612793330219574,20.703125,25.59375
G2JR9.mp4,742,1,31.033333333333335,1.5981569170253351,20.703125,25.59375
G2JR9.mp4,743,2,31.033333333333335,1.584376000042539,20.703125,25.59375
G2JR9.mp4,744,3,31.033333333333335,1.5747424999717623,20.703125,25.59375
G2JR9.mp4,745,4,31.033333333333335,1.5642566250171512,20.703125,25.59375
G2JR9.mp4,746,5,31.033333333333335,1.5837044580257498,24.09375,30.90625
GIIF8.mp4,683,0,16.2,0.031975582998711616,1.2001953125,8.0
GKH0F.mp4,691,0,32.733333333333334,1.2951422500191256,23.40625,34.0
GY8P2.mp4,656,0,17.04,0.5013062079669908,9.5,14.8984375
GY8P2.mp4,657,1,17.04,0.49119100003736094,9.5,14.8984375
H0L5S.mp4,718,0,29.797776884960495,0.361559875018429,23.296875,29.40625
H0L5S.mp4,719,1,29.797776884960495,0.3607456659665331,23.296875,29.40625
J3Y7L.mp4,688,0,29.746445844936243,1.3597863750183024,0.0,9.1015625
J3Y7L.mp4,689,1,29.746445844936243,1.3699186670128256,0.0,9.1015625
J5K87.mp4,662,0,35.20183333333333,0.5570385419996455,15.3984375,26.5
J5K87.mp4,663,1,35.20183333333333,0.5516757080331445,7.8984375,14.1015625
J6JNK.mp4,669,0,30.766666666666666,0.5520917919930071,24.0,32.0
J6JNK.mp4,670,1,30.766666666666666,0.558423166978173,0.89990234375,10.796875
J6JNK.mp4,671,2,30.766666666666666,0.5607569579733536,24.0,32.0
J6JNK.mp4,672,3,30.766666666666666,0.5570011250092648,24.0,32.0
JVH7Q.mp4,673,0,29.1291,0.07803425000747666,0.0,3.69921875
KCRQU.mp4,729,0,30.6306,1.1827854580478743,17.203125,24.296875
KCRQU.mp4,730,1,30.6306,1.192298874957487,17.203125,24.296875
KCRQU.mp4,731,2,30.6306,1.1805933330324478,17.203125,24.296875
KQ6XW.mp4,631,0,39.29816127869247,1.852694416011218,15.703125,25.203125
KWZSA.mp4,640,0,30.166666666666668,1.3225639169686474,23.796875,31.0
KWZSA.mp4,641,1,30.166666666666668,1.3409512499929406,13.3984375,28.09375
KWZSA.mp4,642,2,30.166666666666668,1.3289383749943227,15.1015625,26.5
M9NAG.mp4,747,0,33.46666666666667,0.2802613329840824,21.59375,28.59375
M9NAG.mp4,748,1,33.46666666666667,0.28258033300517127,14.3984375,24.296875
MBAA5.mp4,604,0,25.625600000000002,1.118481834011618,14.8984375,24.203125
MBAA5.mp4,605,1,25.625600000000002,1.1063210829743184,2.69921875,13.0
MBAA5.mp4,606,2,25.625600000000002,1.0992045410093851,12.0,23.796875
MBAA5.mp4,607,3,25.625600000000002,1.100891167006921,12.0,23.796875
MBAA5.mp4,608,4,25.625600000000002,1.1083465000265278,2.69921875,13.0
MBAA5.mp4,609,5,25.625600000000002,1.0915974999661557,7.6015625,17.5
MS4GA.mp4,749,0,29.763066666666667,0.14154220797354355,5.3984375,11.5
N0NLE.mp4,620,0,29.529500000000002,0.1997882080031559,23.5,30.0
N0NLE.mp4,621,1,29.529500000000002,0.19010995799908414,23.5,30.0
N0NLE.mp4,622,2,29.529500000000002,0.17899854201823473,23.5,30.0
NBMH9.mp4,732,0,37.70433333333333,1.6520610000006855,6.30078125,12.6015625
NBMH9.mp4,733,1,37.70433333333333,1.6495923330076039,3.69921875,10.703125
NBMH9.mp4,734,2,37.70433333333333,1.6330704579595476,21.40625,37.59375
NBMH9.mp4,735,3,37.70433333333333,1.6351559580070898,3.69921875,10.703125
NBMH9.mp4,736,4,37.70433333333333,1.6812455829931423,21.40625,37.59375
NDDHA.mp4,705,0,25.966666666666665,1.0804367500240915,11.796875,24.296875
NDDHA.mp4,706,1,25.966666666666665,1.0812481670291163,20.0,26.59375
NDDHA.mp4,707,2,25.966666666666665,1.091047708003316,20.0,26.59375
NDDHA.mp4,708,3,25.966666666666665,1.081076333008241,11.796875,24.296875
NDDHA.mp4,709,4,25.966666666666665,1.1051733329659328,11.796875,24.296875
NDDHA.mp4,710,5,25.966666666666665,1.0779892500140704,11.796875,24.296875
O0349.mp4,724,0,31.08270877944325,1.2191667089937255,0.0,10.703125
O0349.mp4,725,1,31.08270877944325,1.184142249985598,0.0,10.703125
O0349.mp4,726,2,31.08270877944325,1.18126724998001,8.296875,13.5
QJM3B.mp4,668,0,29.866666666666667,0.07741704198997468,10.1015625,14.3984375
RPY8D.mp4,692,0,30.663966666666667,0.5708240829990245,0.0,10.8984375
RPY8D.mp4,693,1,30.663966666666667,0.5487806249875575,0.0,15.203125
SW5TC.mp4,737,0,29.06355339965469,0.7238536250079051,13.1015625,18.90625
SW5TC.mp4,738,1,29.06355339965469,0.7164325829944573,13.1015625,18.90625
SW5TC.mp4,739,2,29.06355339965469,0.7134504999849014,10.1015625,17.296875
SW5TC.mp4,740,3,29.06355339965469,0.7270395839586854,13.1015625,18.90625
SW8VM.mp4,720,0,30.525628468821417,0.13557199999922886,0.0,9.5
TQYV1.mp4,690,0,30.966666666666665,1.6405589999631047,21.09375,27.203125
UMTLM.mp4,694,0,18.867924528301888,0.5242570419795811,14.5,20.0
UMTLM.mp4,695,1,18.867924528301888,0.521736917027738,14.5,20.0
URAIM.mp4,601,0,31.166666666666668,0.6453225000295788,13.703125,20.40625
URAIM.mp4,602,1,31.166666666666668,0.6515103339916095,13.703125,20.40625
URAIM.mp4,603,2,31.166666666666668,0.6505547089618631,25.703125,32.0
V0WK7.mp4,629,0,31.0,0.9608821250149049,6.1015625,16.09375
W8CWW.mp4,711,0,30.545573342045085,0.0343094160198234,16.796875,30.40625
W8CWW.mp4,712,1,30.545573342045085,0.036112832953222096,16.796875,30.40625
W8CWW.mp4,713,2,30.545573342045085,0.036072874965611845,16.796875,30.40625
XK0QV.mp4,658,0,34.734700000000004,1.0796350839664228,0.0,14.296875
YE6TZ.mp4,610,0,30.964266666666667,1.2652433330076747,0.199951171875,8.296875
YE6TZ.mp4,611,1,30.964266666666667,1.2635805840254761,10.1015625,17.296875
YE6TZ.mp4,612,2,30.964266666666667,1.2174844169639982,0.199951171875,8.296875
YMD74.mp4,634,0,30.733333333333334,1.166949582984671,3.400390625,8.796875
YMD74.mp4,635,1,30.733333333333334,1.1834125419845805,16.0,23.203125
YMD74.mp4,636,2,30.733333333333334,1.1771644589607604,3.400390625,8.796875
1TIAK.mp4,781,0,39.497791666666664,1.6469643749878742,11.3984375,15.796875
1XBU2.mp4,819,0,16.644634058406442,0.43449504097225145,4.30078125,10.8984375
2Y8XQ.mp4,800,0,30.7340199444172,0.1317906670155935,4.5,11.796875
2Y8XQ.mp4,801,1,30.7340199444172,0.14972083398606628,4.5,11.796875
2Y8XQ.mp4,802,2,30.7340199444172,0.16071158298291266,23.203125,31.203125
2Y8XQ.mp4,803,3,30.7340199444172,0.13800345902564004,15.203125,22.796875
337O2.mp4,870,0,25.720838794233288,0.030414708948228508,0.199951171875,6.19921875
3HRNV.mp4,779,0,15.623122220886913,0.033796083997003734,0.300048828125,4.80078125
3IPI3.mp4,770,0,17.9622732187913,0.32366212498163804,3.19921875,9.296875
3IPI3.mp4,771,1,17.9622732187913,0.3165510419639759,7.8984375,13.0
3N1I2.mp4,869,0,31.505289942413288,0.6950711669633165,7.8984375,15.1015625
41F2M.mp4,786,0,31.569079288305407,1.311151375004556,11.296875,22.09375
41F2M.mp4,787,1,31.569079288305407,1.2634023330174387,11.296875,22.09375
41F2M.mp4,788,2,31.569079288305407,1.2608249170007184,8.296875,14.203125
4683D.mp4,777,0,30.666666666666668,1.5486532080103643,8.703125,14.8984375
4683D.mp4,778,1,30.666666666666668,1.5659809579956345,8.703125,14.8984375
51RLB.mp4,769,0,20.186833333333333,0.8828105000429787,2.69921875,10.296875
77Z0Z.mp4,768,0,33.53333333333333,1.72932091698749,3.0,12.3984375
79VVK.mp4,848,0,40.10673333333333,0.9168964590062387,30.90625,37.5
79VVK.mp4,849,1,40.10673333333333,0.9542318750172853,15.1015625,20.40625
87Y64.mp4,796,0,30.3,1.2941327080479823,6.5,13.5
87Y64.mp4,797,1,30.3,1.3044334999867715,0.39990234375,6.1015625
87Y64.mp4,798,2,30.3,1.2663969159475528,0.0,5.5
9J0RB.mp4,859,0,15.708200212992546,0.2167663340223953,0.0,4.3984375
9J0RB.mp4,860,1,15.708200212992546,0.21251649997429922,0.0,7.0
9J0RB.mp4,861,2,15.708200212992546,0.21163579198764637,0.0,7.0
9J0RB.mp4,862,3,15.708200212992546,0.21374458400532603,0.0,4.3984375
9J0RB.mp4,863,4,15.708200212992546,0.21285429201088846,7.69921875,14.6015625
AAQHJ.mp4,808,0,30.864166666666666,1.444921415997669,4.30078125,16.703125
AAQHJ.mp4,809,1,30.864166666666666,1.4386519999825396,5.69921875,15.0
AAQHJ.mp4,810,2,30.864166666666666,1.4289869170170277,4.30078125,16.703125
AAQHJ.mp4,811,3,30.864166666666666,1.4250552079756744,16.40625,26.703125
AAQHJ.mp4,812,4,30.864166666666666,1.4361459580250084,4.30078125,16.703125
AAQHJ.mp4,813,5,30.864166666666666,1.4591342089697719,0.7998046875,11.8984375
AAQHJ.mp4,814,6,30.864166666666666,1.4372102079796605,4.30078125,16.703125
AFCDN.mp4,898,0,29.496133333333333,0.9537684999522753,0.0,7.19921875
AFCDN.mp4,899,1,29.496133333333333,0.9597747909720056,24.90625,30.0
BB7WL.mp4,826,0,30.561122244488978,1.542316542007029,0.300048828125,5.69921875
BDY1V.mp4,895,0,30.683858331973234,0.13007979199755937,3.69921875,19.0
BDY1V.mp4,896,1,30.683858331973234,0.1274731659796089,20.296875,26.296875
BDY1V.mp4,897,2,30.683858331973234,0.1235814579995349,25.0,32.0
C46TD.mp4,853,0,31.7,0.6367445409996435,0.0,15.0
C46TD.mp4,854,1,31.7,0.6354396250098944,0.0,12.1015625
C46TD.mp4,855,2,31.7,0.6334798340103589,0.0,15.0
C46TD.mp4,856,3,31.7,0.6453289160272107,0.0,12.1015625
C46TD.mp4,857,4,31.7,0.6445494169602171,0.0,12.1015625
C46TD.mp4,858,5,31.7,0.6385604999959469,0.0,15.0
CM6T8.mp4,883,0,12.106698596421207,0.029904791968874633,0.0,3.19921875
CM6T8.mp4,884,1,12.106698596421207,0.028002541977912188,0.0,3.69921875
CM6T8.mp4,885,2,12.106698596421207,0.02834062505280599,0.0,3.69921875
D1WYU.mp4,838,0,30.53061224489796,0.12555087497457862,22.59375,29.90625
D1WYU.mp4,839,1,30.53061224489796,0.12134408304700628,16.90625,31.0
D1WYU.mp4,840,2,30.53061224489796,0.12319779099198058,16.90625,31.0
D1WYU.mp4,841,3,30.53061224489796,0.12438150000525638,22.59375,29.90625
D1WYU.mp4,842,4,30.53061224489796,0.12128891702741385,0.0,7.5
EZRQW.mp4,773,0,28.443281629601945,0.8010709999944083,11.703125,22.09375
F5UVQ.mp4,833,0,37.266666666666666,0.9070555830257945,32.09375,38.0
F5UVQ.mp4,834,1,37.266666666666666,0.9179457499994896,23.5,38.0
F5UVQ.mp4,835,2,37.266666666666666,0.9197014999808744,32.09375,38.0
FKK5R.mp4,761,0,26.43912991227016,1.137600084010046,0.0,8.203125
FKK5R.mp4,762,1,26.43912991227016,1.1360826670425013,12.703125,19.90625
FKK5R.mp4,763,2,26.43912991227016,1.1340807499946095,12.703125,19.90625
FKK5R.mp4,764,3,26.43912991227016,1.1520990829449147,12.703125,19.90625
FYHTC.mp4,757,0,28.495133333333335,1.1579278339631855,0.0,4.1015625
FYHTC.mp4,758,1,28.495133333333335,1.445380249992013,1.099609375,9.296875
FYHTC.mp4,759,2,28.495133333333335,1.1281554999877699,23.203125,29.0
FYHTC.mp4,760,3,28.495133333333335,1.1329487079638056,23.203125,29.0
GFK4S.mp4,830,0,36.06666666666667,0.28523441700963303,14.1015625,20.59375
GFK4S.mp4,831,1,36.06666666666667,0.28570062504149973,0.0,13.5
GG3K5.mp4,815,0,32.02614379084967,1.6035400839755312,19.5,31.0
GG3K5.mp4,816,1,32.02614379084967,1.5996181669761427,19.5,31.0
GG3K5.mp4,817,2,32.02614379084967,1.6078791659674607,19.5,31.0
GG3K5.mp4,818,3,32.02614379084967,1.6049564169952646,15.296875,24.59375
H5CJD.mp4,832,0,26.511627906976745,0.4181206669891253,19.296875,25.703125
I87SH.mp4,890,0,31.10475509474437,1.303432083048392,0.0,3.69921875
I87SH.mp4,891,1,31.10475509474437,1.2962050840142183,18.796875,32.0
I87SH.mp4,892,2,31.10475509474437,1.2968816250213422,0.0,8.1015625
I87SH.mp4,893,3,31.10475509474437,1.3022029169951566,18.796875,32.0
I87SH.mp4,894,4,31.10475509474437,1.2974672500276938,18.796875,32.0
I9CDV.mp4,774,0,30.663966666666667,1.4384208749979734,5.19921875,11.0
I9CDV.mp4,775,1,30.663966666666667,1.4307402920094319,17.203125,23.796875
I9CDV.mp4,776,2,30.663966666666667,1.4325587089988403,17.203125,23.796875
ICQUJ.mp4,888,0,20.81077829904968,0.4292248749989085,14.3984375,22.0
ICQUJ.mp4,889,1,20.81077829904968,0.4276517909602262,14.3984375,22.0
IDXZK.mp4,846,0,35.428809325562035,0.7568489169934765,0.0,9.1015625
IDXZK.mp4,847,1,35.428809325562035,0.7543088750098832,0.0,9.1015625
IONV9.mp4,843,0,38.275862068965516,1.4459577080560848,4.1015625,9.296875
IONV9.mp4,844,1,38.275862068965516,1.4533269999665208,0.0,6.19921875
IONV9.mp4,845,2,38.275862068965516,1.407461124996189,0.0,6.19921875
JR6VG.mp4,804,0,22.4,0.06259945797501132,12.0,17.90625
JR6VG.mp4,805,1,22.4,0.06369704101234674,8.0,15.1015625
JR6VG.mp4,806,2,22.4,0.06324341701110825,8.0,15.1015625
JR6VG.mp4,807,3,22.4,0.06342087499797344,12.0,17.90625
K8MZH.mp4,780,0,30.538749639873235,0.1281042920309119,1.7001953125,8.0
L0HDB.mp4,772,0,30.332419236171493,1.2741948339971714,2.599609375,7.80078125
LE7PM.mp4,871,0,47.647600000000004,0.595307083975058,0.0,4.1015625
LLQBB.mp4,820,0,32.233333333333334,0.8267870840500109,13.796875,21.5
LLQBB.mp4,821,1,32.233333333333334,0.8119092920096591,26.09375,33.0
LLQBB.mp4,822,2,32.233333333333334,0.8193426670040935,26.09375,33.0
LLQBB.mp4,823,3,32.233333333333334,0.8045070829684846,17.0,30.703125
LLQBB.mp4,824,4,32.233333333333334,0.8213031249470077,12.0,21.703125
LLQBB.mp4,825,5,32.233333333333334,0.8289460829691961,17.0,30.703125
MS4GA.mp4,750,0,29.763066666666667,0.14746916596777737,2.80078125,9.1015625
MS4GA.mp4,751,1,29.763066666666667,0.14801987499231473,1.2998046875,6.8984375
MS4GA.mp4,752,2,29.763066666666667,0.14717870799358934,5.3984375,11.5
MS4GA.mp4,753,3,29.763066666666667,0.14921349997166544,2.80078125,9.1015625
MS4GA.mp4,754,4,29.763066666666667,0.14315470797009766,1.2998046875,6.8984375
MSACP.mp4,836,0,29.991975391199677,0.8775037919986062,0.0,2.80078125
QE4YE.mp4,878,0,42.8,1.7146437079645693,0.0,3.5
QE4YE.mp4,879,1,42.8,1.6703325000125915,4.19921875,9.703125
QI0EL.mp4,886,0,31.083333333333332,0.823452000040561,23.5,32.0
QI0EL.mp4,887,1,31.083333333333332,0.8168409169884399,18.203125,22.796875
QYM5H.mp4,765,0,30.033333333333335,1.1179780829697847,0.0,5.19921875
QYM5H.mp4,766,1,30.033333333333335,1.1121523329638876,16.5,31.0
QYM5H.mp4,767,2,30.033333333333335,1.1288098329678178,0.0,5.19921875
RX7TC.mp4,828,0,30.226230852372257,1.2782732089981437,0.0,11.5
RX7TC.mp4,829,1,30.226230852372257,1.2790975000243634,0.0,6.3984375
SBM3M.mp4,789,0,20.009614229059007,0.043437749962322414,0.0,8.796875
SBM3M.mp4,790,1,20.009614229059007,0.04457670799456537,0.0,8.796875
TCI7K.mp4,877,0,30.833333333333332,0.7390266669681296,3.599609375,10.296875
TJJKK.mp4,782,0,9.333333333333334,0.02489216602407396,4.6015625,9.296875
TJJKK.mp4,783,1,9.333333333333334,0.025645958026871085,4.6015625,9.296875
TJJKK.mp4,784,2,9.333333333333334,0.023055917001329362,0.0,2.900390625
TJJKK.mp4,785,3,9.333333333333334,0.023160582990385592,0.300048828125,4.69921875
VG7S6.mp4,851,0,20.430236750390577,0.4194132919656113,12.5,21.0
VG7S6.mp4,852,1,20.430236750390577,0.40734887501457706,0.89990234375,10.796875
VIN5T.mp4,837,0,20.043956043956044,0.03596941696014255,2.0,8.796875
VJ0LT.mp4,872,0,31.999011613540898,0.23126858402974904,23.09375,33.0
VJ0LT.mp4,873,1,31.999011613540898,0.22829866700340062,2.5,13.3984375
VJ0LT.mp4,874,2,31.999011613540898,0.23865324998041615,2.5,13.3984375
VJ0LT.mp4,875,3,31.999011613540898,0.2317585000419058,12.8984375,21.40625
VJ0LT.mp4,876,4,31.999011613540898,0.2328692500013858,23.09375,33.0
W0XPU.mp4,791,0,31.18,0.9781210420187563,0.300048828125,6.5
W0XPU.mp4,792,1,31.18,0.9810301669640467,0.0,5.3984375
W0XPU.mp4,793,2,31.18,0.9783578329952434,19.0,24.09375
W0XPU.mp4,794,3,31.18,0.9765345829655416,0.300048828125,6.5
W0XPU.mp4,795,4,31.18,0.9753273749956861,20.59375,26.5
XO8NL.mp4,880,0,30.9328968903437,0.13001383398659527,3.599609375,12.5
XO8NL.mp4,881,1,30.9328968903437,0.13114229100756347,0.0,9.1015625
XO8NL.mp4,882,2,30.9328968903437,0.13072062499122694,3.599609375,12.5
YACA8.mp4,850,0,29.766666666666666,1.2365661669755355,3.400390625,11.796875
YW5QQ.mp4,755,0,31.966666666666665,0.7477487080032006,22.90625,29.703125
YW5QQ.mp4,756,1,31.966666666666665,0.7510166660067625,8.1015625,21.203125
ZIP18.mp4,864,0,34.03333333333333,1.5347300000139512,25.203125,31.796875
ZIP18.mp4,865,1,34.03333333333333,1.5520254580187611,0.0,4.0
ZIP18.mp4,866,2,34.03333333333333,1.5126983749796636,0.0,4.0
ZIP18.mp4,867,3,34.03333333333333,1.520431125012692,0.0,4.0
ZIP18.mp4,868,4,34.03333333333333,1.5041652499930933,21.09375,26.203125
ZQKVY.mp4,799,0,13.105375199574242,0.12069683300796896,0.0,5.3984375
ZX37G.mp4,827,0,17.350666666666665,0.4211864580283873,1.7998046875,7.80078125
1FIGA.mp4,931,0,35.78575,1.8105776669690385,14.296875,21.90625
1FIGA.mp4,932,1,35.78575,1.7119645000202581,9.6015625,15.1015625
1FIGA.mp4,933,2,35.78575,1.7160623329691589,18.09375,24.90625
1FIGA.mp4,934,3,35.78575,1.717775083030574,18.09375,24.90625
1FIGA.mp4,935,4,35.78575,1.7024551249924116,15.5,23.703125
1FIGA.mp4,936,5,35.78575,1.703482625016477,11.796875,21.203125
1FIGA.mp4,937,6,35.78575,1.704020417004358,9.6015625,15.1015625
1RD2K.mp4,984,0,19.88,0.43303741700947285,1.0,8.6015625
1RD2K.mp4,985,1,19.88,0.4175942089641467,0.0,5.5
2B577.mp4,973,0,30.75,1.15217437496176,19.40625,32.0
2B577.mp4,974,1,30.75,1.1357302499818616,0.0,3.69921875
3LN8C.mp4,1009,0,35.15202499699556,1.3293419160181656,23.0,31.90625
3LN8C.mp4,1010,1,35.15202499699556,1.3180007500341162,23.0,31.90625
3LN8C.mp4,1011,2,35.15202499699556,1.3173167500062846,23.0,31.90625
5R7VN.mp4,977,0,29.362666666666666,0.8705372920376249,7.1015625,14.203125
5R7VN.mp4,978,1,29.362666666666666,0.8571164580062032,7.1015625,14.203125
5R7VN.mp4,979,2,29.362666666666666,0.8563268749858253,7.1015625,14.203125
5R7VN.mp4,980,3,29.362666666666666,0.8556272920104675,0.89990234375,10.703125
5R7VN.mp4,981,4,29.362666666666666,0.8594508329988457,0.89990234375,10.703125
735W9.mp4,929,0,31.133333333333333,1.0061961660394445,16.796875,23.796875
735W9.mp4,930,1,31.133333333333333,1.0054866669815965,16.796875,23.796875
7V4NJ.mp4,1033,0,30.74307090630845,1.170741083973553,17.09375,22.296875
7V4NJ.mp4,1034,1,30.74307090630845,1.157604582956992,17.09375,22.296875
AFCDN.mp4,900,0,29.496133333333333,0.9446715419762768,24.90625,30.0
B0XI9.mp4,1012,0,31.704526883477694,0.2166091250255704,10.703125,20.90625
B0XI9.mp4,1013,1,31.704526883477694,0.2115191250341013,0.199951171875,8.203125
B0XI9.mp4,1014,2,31.704526883477694,0.21342949999962002,0.199951171875,8.203125
B0XI9.mp4,1015,3,31.704526883477694,0.21145429101306945,18.59375,33.0
B6XQZ.mp4,1003,0,30.8,0.18626400001812726,3.099609375,17.90625
B6XQZ.mp4,1004,1,30.8,0.18630783399567008,3.099609375,17.90625
BI6Y4.mp4,924,0,34.4989281886388,0.5567543749930337,0.0999755859375,5.1015625
BI6Y4.mp4,925,1,34.4989281886388,0.5546063749934547,4.6015625,9.796875
BI6Y4.mp4,926,2,34.4989281886388,0.5501240409794264,25.296875,33.09375
BI6Y4.mp4,927,3,34.4989281886388,0.5504225839977153,25.296875,33.09375
BI6Y4.mp4,928,4,34.4989281886388,0.5498309579561464,0.0999755859375,5.1015625
BIQGN.mp4,1027,0,30.44708333333333,2.241778083029203,0.0,5.3984375
BIQGN.mp4,1028,1,30.44708333333333,2.2398505000164732,12.5,17.796875
BIQGN.mp4,1029,2,30.44708333333333,2.24395450000884,0.0,5.3984375
BIQGN.mp4,1030,3,30.44708333333333,2.237057165999431,15.796875,21.203125
CUSTU.mp4,905,0,34.24254166666667,2.2356574999867007,29.40625,35.0
CUSTU.mp4,906,1,34.24254166666667,2.2357957920175977,29.40625,35.0
CUSTU.mp4,907,2,34.24254166666667,2.2386267500114627,24.40625,30.296875
DO48Z.mp4,961,0,31.2312,0.23021524999057874,0.7998046875,9.0
DO48Z.mp4,962,1,31.2312,0.2301443750038743,4.69921875,17.90625
DO48Z.mp4,963,2,31.2312,0.23179020802490413,0.7998046875,9.0
DO48Z.mp4,964,3,31.2312,0.23031899996567518,5.69921875,16.40625
G2DIN.mp4,1005,0,31.77739083846772,1.164969333971385,6.6015625,15.5
G2DIN.mp4,1006,1,31.77739083846772,1.1673830420477316,23.09375,33.0
G2DIN.mp4,1007,2,31.77739083846772,1.159976416034624,6.6015625,15.5
G2DIN.mp4,1008,3,31.77739083846772,1.1723625840386376,11.5,18.796875
HSKVH.mp4,998,0,30.6,0.5394302080385387,9.203125,13.5
HSKVH.mp4,999,1,30.6,0.5408697500242852,4.0,10.296875
IKYAW.mp4,1031,0,30.794998354721947,1.2730345830204897,4.80078125,12.796875
IKYAW.mp4,1032,1,30.794998354721947,1.262676666956395,0.0,3.099609375
IWTWJ.mp4,1047,0,19.6,0.7767550000571646,13.203125,20.796875
IWTWJ.mp4,1048,1,19.6,0.7741909580072388,4.30078125,9.5
IWTWJ.mp4,1049,2,19.6,0.7777340830070898,11.6015625,17.296875
J3RP9.mp4,923,0,38.621916666666664,1.343964958039578,4.6015625,16.703125
J59UP.mp4,1023,0,30.87059653290768,1.355507124972064,0.0,5.6015625
J59UP.mp4,1024,1,30.87059653290768,1.3586775420117192,0.0,5.6015625
JNK11.mp4,965,0,23.766666666666666,1.0751456249854527,1.7998046875,7.30078125
JNK11.mp4,966,1,23.766666666666666,1.0631080000312068,1.7998046875,7.30078125
JXTAD.mp4,975,0,33.01251850854758,1.086017207999248,17.796875,34.0
JXTAD.mp4,976,1,33.01251850854758,1.09102058399003,23.796875,34.0
K7NRW.mp4,948,0,30.733333333333334,1.5471087080077268,13.203125,23.703125
K7NRW.mp4,949,1,30.733333333333334,1.5547638339921832,5.80078125,14.8984375
K7NRW.mp4,950,2,30.733333333333334,1.5405455000000075,5.80078125,14.8984375
K7NRW.mp4,951,3,30.733333333333334,1.5493414160446264,5.80078125,14.8984375
K7NRW.mp4,952,4,30.733333333333334,1.5415438329800963,13.203125,23.703125
K7NRW.mp4,953,5,30.733333333333334,1.5423103329958394,5.80078125,14.8984375
K7NRW.mp4,954,6,30.733333333333334,1.5777001249953173,0.0,4.6015625
KA09C.mp4,901,0,30.533333333333335,0.6493283750023693,27.203125,32.0
KA09C.mp4,902,1,30.533333333333335,0.6459172090399079,27.203125,32.0
KA09C.mp4,903,2,30.533333333333335,0.6549552499782294,27.203125,32.0
KA09C.mp4,904,3,30.533333333333335,0.6458774579805322,27.203125,32.0
KZS5M.mp4,955,0,35.8730921764211,1.7150782910175622,22.0,36.8125
KZS5M.mp4,956,1,35.8730921764211,1.692101292021107,22.0,36.8125
KZS5M.mp4,957,2,35.8730921764211,1.699179749994073,23.296875,34.3125
KZS5M.mp4,958,3,35.8730921764211,1.704825415974483,2.099609375,8.5
KZS5M.mp4,959,4,35.8730921764211,1.7402786249876954,7.30078125,14.8984375
KZS5M.mp4,960,5,35.8730921764211,1.7291216250159778,2.099609375,8.5
LXEPT.mp4,1038,0,31.066666666666666,1.5783335419837385,0.0,6.80078125
LXEPT.mp4,1039,1,31.066666666666666,1.5702524159569293,17.40625,30.90625
LXEPT.mp4,1040,2,31.066666666666666,1.5651226249756292,6.19921875,14.6015625
LZ2Y4.mp4,938,0,21.248339973439574,0.027152166003361344,11.796875,20.09375
LZ2Y4.mp4,939,1,21.248339973439574,0.028047250001691282,11.796875,20.09375
LZ2Y4.mp4,940,2,21.248339973439574,0.028967250022105873,11.796875,20.09375
LZ2Y4.mp4,941,3,21.248339973439574,0.029268209007568657,10.0,15.5
M4Z0M.mp4,942,0,33.890311278803395,0.054664541967213154,0.7001953125,8.3984375
M4Z0M.mp4,943,1,33.890311278803395,0.054394917038735,0.7001953125,8.3984375
N56QO.mp4,982,0,9.62176509621765,0.02605058398330584,0.7998046875,5.6015625
N56QO.mp4,983,1,9.62176509621765,0.024294374976307154,0.0,4.6015625
OEM65.mp4,1002,0,35.4,0.6400679159560241,0.0,6.80078125
P0CET.mp4,1001,0,33.4334,1.1861524999840185,0.0,7.19921875
Q38XP.mp4,908,0,31.066666666666666,0.4824540829868056,6.69921875,18.90625
SLHDI.mp4,909,0,38.62617885091298,1.1859290410066023,21.59375,26.09375
SLHDI.mp4,910,1,38.62617885091298,1.2082860000082292,21.59375,26.09375
SLHDI.mp4,911,2,38.62617885091298,1.191169790981803,2.80078125,12.3984375
SLHDI.mp4,912,3,38.62617885091298,1.191576708049979,1.099609375,6.30078125
SLHDI.mp4,913,4,38.62617885091298,1.1906457919976674,26.40625,31.90625
SLHDI.mp4,914,5,38.62617885091298,1.2030568329500966,2.80078125,12.3984375
SLHDI.mp4,915,6,38.62617885091298,1.1754417089978233,26.40625,31.90625
SLT0S.mp4,922,0,31.297933333333333,0.6896084169857204,6.8984375,13.0
TCJCJ.mp4,1021,0,30.865778688524593,0.4027878339984454,4.80078125,10.5
TCJCJ.mp4,1022,1,30.865778688524593,0.4058968749595806,0.0,8.296875
TH3M0.mp4,967,0,31.766666666666666,1.4494275000179186,18.796875,25.796875
TH3M0.mp4,968,1,31.766666666666666,1.46117195795523,0.0,4.69921875
TH3M0.mp4,969,2,31.766666666666666,1.457795583002735,18.796875,25.796875
TH3M0.mp4,970,3,31.766666666666666,1.456850917020347,14.5,19.296875
TH3M0.mp4,971,4,31.766666666666666,1.4553342920262367,24.5,32.1875
TH3M0.mp4,972,5,31.766666666666666,1.4605549169937149,18.796875,25.796875
TKAUR.mp4,986,0,41.65305455733421,0.407345165964216,3.19921875,8.8984375
TKAUR.mp4,987,1,41.65305455733421,0.4083347920095548,0.0,18.703125
TKAUR.mp4,988,2,41.65305455733421,0.4076009579584934,0.0,18.703125
TKAUR.mp4,989,3,41.65305455733421,0.416405166964978,27.0,40.3125
TKAUR.mp4,990,4,41.65305455733421,0.41357624996453524,27.0,40.3125
TKAUR.mp4,991,5,41.65305455733421,0.4073570420150645,14.8984375,19.703125
TKAUR.mp4,992,6,41.65305455733421,0.41705062496475875,0.0,18.703125
TQO6O.mp4,1000,0,34.11342040761508,0.917011082987301,15.703125,25.203125
ULD0T.mp4,920,0,30.363666666666667,0.14312820800114423,5.0,14.296875
ULD0T.mp4,921,1,30.363666666666667,0.14368766697589308,0.0,2.80078125
V8IGX.mp4,1016,0,26.966666666666665,0.27008983405539766,20.203125,28.0
V8IGX.mp4,1017,1,26.966666666666665,0.28552237496478483,0.0,8.1015625
V8IGX.mp4,1018,2,26.966666666666665,0.27064875001087785,0.0,9.703125
V8IGX.mp4,1019,3,26.966666666666665,0.27143845800310373,20.203125,28.0
V8IGX.mp4,1020,4,26.966666666666665,0.2730592089938,20.203125,28.0
W65SM.mp4,1026,0,36.0,1.417118292010855,5.69921875,16.203125
W7EDM.mp4,993,0,20.55041461362817,0.6206086670281366,0.39990234375,5.19921875
W7EDM.mp4,994,1,20.55041461362817,0.6010568329948001,0.39990234375,5.19921875
W7EDM.mp4,995,2,20.55041461362817,0.5947942499769852,11.6015625,17.59375
W7EDM.mp4,996,3,20.55041461362817,0.5996249159798026,0.39990234375,5.19921875
W7EDM.mp4,997,4,20.55041461362817,0.5948325829813257,0.7998046875,9.1015625
XGS3K.mp4,1035,0,22.12,0.9692439999780618,12.6015625,20.5
XGS3K.mp4,1036,1,22.12,0.9752205419936217,1.2998046875,9.296875
XGS3K.mp4,1037,2,22.12,0.986969624995254,1.2998046875,9.296875
XKU2U.mp4,916,0,32.388803022496994,1.3702936670160852,9.0,16.40625
XKU2U.mp4,917,1,32.388803022496994,1.3695101250195876,19.203125,26.5
XKU2U.mp4,918,2,32.388803022496994,1.3779550000326708,19.203125,26.5
XKU2U.mp4,919,3,32.388803022496994,1.4001537500298582,19.203125,26.5
Y2MGC.mp4,1041,0,32.04,0.5561126249958761,18.296875,33.0
Y2MGC.mp4,1042,1,32.04,0.5578035410144366,18.296875,33.0
Y2MGC.mp4,1043,2,32.04,0.558329124993179,0.0,10.203125
Y2MGC.mp4,1044,3,32.04,0.5534462920040824,6.69921875,13.1015625
Y2MGC.mp4,1045,4,32.04,0.5501248750369996,8.1015625,16.296875
Y2MGC.mp4,1046,5,32.04,0.5618070000200532,0.0,4.1015625
YPRUL.mp4,944,0,30.705882352941178,0.9696563340257853,22.09375,32.0
YPRUL.mp4,945,1,30.705882352941178,0.9679405419738032,0.0,8.1015625
YPRUL.mp4,946,2,30.705882352941178,0.9692171249771491,15.5,26.703125
YPRUL.mp4,947,3,30.705882352941178,0.9691799170104787,15.5,26.703125
Z3H4P.mp4,1025,0,30.096733333333333,0.7750994999660179,20.0,29.59375
0SFYS.mp4,1123,0,32.1285140562249,0.7074012089869939,0.0,5.69921875
13XM4.mp4,1170,0,28.3,1.455245792050846,6.5,11.8984375
13XM4.mp4,1171,1,28.3,1.4727900410071015,18.0,22.203125
13XM4.mp4,1172,2,28.3,1.458412749983836,6.5,11.8984375
13XM4.mp4,1173,3,28.3,1.4659579999861307,7.1015625,11.5
1F706.mp4,1124,0,30.07996787901094,1.1768465419881977,0.0,3.400390625
1F706.mp4,1125,1,30.07996787901094,1.1742408749996684,0.0,3.400390625
1F706.mp4,1126,2,30.07996787901094,1.1899209580151364,0.0,3.400390625
1F706.mp4,1127,3,30.07996787901094,1.1904899170040153,25.203125,31.0
1F706.mp4,1128,4,30.07996787901094,1.1729913749732077,0.0,5.5
1NJOQ.mp4,1164,0,35.0,1.675146166991908,0.0,5.8984375
1NJOQ.mp4,1165,1,35.0,1.6572417090064846,14.6015625,20.703125
1NJOQ.mp4,1166,2,35.0,1.6621307919849642,14.6015625,20.703125
1NJOQ.mp4,1167,3,35.0,1.6604488749871962,30.703125,36.0
1NJOQ.mp4,1168,4,35.0,1.665296999970451,14.6015625,20.703125
2443O.mp4,1174,0,31.625,1.1642310000024736,10.703125,18.0
2443O.mp4,1175,1,31.625,1.1922815840225667,10.703125,18.0
2AG8W.mp4,1099,0,11.025504782146653,0.0256048750015907,4.0,8.703125
2AG8W.mp4,1100,1,11.025504782146653,0.025167499959934503,7.19921875,12.0
2AG8W.mp4,1101,2,11.025504782146653,0.02561933296965435,7.19921875,12.0
3C1ZN.mp4,1107,0,30.8,0.07565041596535593,24.40625,28.796875
3R4DD.mp4,1176,0,33.1,1.7650097089936025,24.703125,34.0
3R4DD.mp4,1177,1,33.1,1.8192125000059605,24.703125,34.0
3R4DD.mp4,1178,2,33.1,1.8151386660174467,24.703125,34.0
4UXE3.mp4,1189,0,32.9,0.09063995897304267,25.59375,31.09375
4UXE3.mp4,1190,1,32.9,0.0941155839827843,25.59375,31.09375
5EEXF.mp4,1194,0,33.5,1.3194523749989457,1.0,7.0
5EEXF.mp4,1195,1,33.5,1.3261892919545062,1.0,7.0
5EEXF.mp4,1196,2,33.5,1.281558166956529,1.0,7.0
5EEXF.mp4,1197,3,33.5,1.2838303329772316,1.0,7.0
5EEXF.mp4,1198,4,33.5,1.310694334038999,16.90625,23.796875
5EEXF.mp4,1199,5,33.5,1.266970125027001,1.0,7.0
5HPZ1.mp4,1051,0,33.70033333333333,0.9757234170101583,0.0,8.703125
5HPZ1.mp4,1052,1,33.70033333333333,0.9738048329600133,0.0,8.703125
5HPZ1.mp4,1053,2,33.70033333333333,0.971675792010501,16.40625,23.09375
5HPZ1.mp4,1054,3,33.70033333333333,0.9846962500014342,16.40625,23.09375
5HPZ1.mp4,1055,4,33.70033333333333,0.9875631249742582,16.40625,23.09375
5TYXL.mp4,1158,0,30.6,1.3056830830173567,25.09375,31.40625
727IZ.mp4,1132,0,34.76806666666667,0.7366316250409,0.0,4.3984375
727IZ.mp4,1133,1,34.76806666666667,0.7374423749861307,14.203125,20.09375
727IZ.mp4,1134,2,34.76806666666667,0.7252759170369245,0.0,4.3984375
727IZ.mp4,1135,3,34.76806666666667,0.7406954999896698,14.203125,20.09375
7RXMM.mp4,1085,0,25.11717341665665,0.5126552919973619,0.0,8.0
7RXMM.mp4,1086,1,25.11717341665665,0.550610082980711,0.0,8.0
8HW76.mp4,1114,0,32.53333333333333,0.8358322500134818,4.69921875,12.296875
8RU1Q.mp4,1152,0,28.7,1.2862778329872526,0.0,4.3984375
8RU1Q.mp4,1153,1,28.7,1.285937374981586,0.0,4.3984375
9EEGQ.mp4,1088,0,31.033333333333335,1.4669142499915324,7.6015625,14.296875
9EEGQ.mp4,1089,1,31.033333333333335,1.459255709021818,7.6015625,14.296875
9EEGQ.mp4,1090,2,31.033333333333335,1.4820872920099646,14.1015625,23.59375
9U82D.mp4,1058,0,34.63333333333333,1.2144635830190964,13.796875,19.703125
9U82D.mp4,1059,1,34.63333333333333,1.2199830830213614,24.5,36.0
A9YQJ.mp4,1149,0,32.958217270194986,1.3717166669666767,22.796875,34.0
A9YQJ.mp4,1150,1,32.958217270194986,1.363522625004407,22.796875,34.0
A9YQJ.mp4,1151,2,32.958217270194986,1.3690604159492068,22.796875,34.0
D4D2T.mp4,1103,0,23.73512798942435,0.6810084169846959,13.8984375,25.0
D4D2T.mp4,1104,1,23.73512798942435,0.6892803329974413,9.3984375,15.1015625
D4D2T.mp4,1105,2,23.73512798942435,0.701786583987996,13.8984375,25.0
D4D2T.mp4,1106,3,23.73512798942435,0.6949602920212783,2.80078125,12.8984375
DPLMM.mp4,1121,0,15.233532934131738,0.029439250007271767,10.6015625,16.0
DPLMM.mp4,1122,1,15.233532934131738,0.029398875019978732,10.6015625,16.0
EFADI.mp4,1102,0,19.82934743420262,0.5921552500221878,5.19921875,11.0
ETDTU.mp4,1087,0,12.349514563106796,0.02829866699175909,0.0,4.69921875
FTYFA.mp4,1060,0,30.4,1.3643393749953248,0.0,4.8984375
FTYFA.mp4,1061,1,30.4,1.4083074170048349,4.1015625,8.796875
FTYFA.mp4,1062,2,30.4,1.375795417057816,0.0,4.8984375
FTYFA.mp4,1063,3,30.4,1.3710424160235561,4.1015625,8.796875
FTYFA.mp4,1064,4,30.4,1.3750819999841042,4.1015625,8.796875
FV8CK.mp4,1159,0,30.76406666666667,1.1693679169984534,0.0,7.69921875
GZF5F.mp4,1065,0,16.948559022306267,0.3305394999915734,4.69921875,11.703125
H46LQ.mp4,1160,0,33.86666666666667,0.8107569999992847,23.5,29.09375
I6TPS.mp4,1095,0,30.694205393000573,0.41022279200842604,17.203125,32.0
IWTWJ.mp4,1050,0,19.6,0.7869474579929374,11.6015625,17.296875
J5DOP.mp4,1154,0,30.326334091213052,1.0163729580235668,26.203125,31.0
J5DOP.mp4,1155,1,30.326334091213052,1.0313552500447258,0.0,11.296875
J5DOP.mp4,1156,2,30.326334091213052,1.025320166023448,0.0,11.296875
J5DOP.mp4,1157,3,30.326334091213052,1.0756929580238648,25.796875,31.0
KGO3W.mp4,1142,0,30.530499999999996,2.3499252920155413,17.09375,25.796875
KGO3W.mp4,1143,1,30.530499999999996,2.284356999967713,7.5,14.5
KGO3W.mp4,1144,2,30.530499999999996,2.2045841249637306,7.5,14.5
LDNE2.mp4,1169,0,31.875,0.726029124984052,23.0,33.0
LFDQF.mp4,1191,0,30.697333333333333,0.6358662079437636,0.0,6.1015625
LFDQF.mp4,1192,1,30.697333333333333,0.6270422090310603,0.0,6.1015625
LV4U7.mp4,1091,0,30.242088487516128,1.4063021669862792,0.0,6.80078125
LV4U7.mp4,1092,1,30.242088487516128,1.3919680829858407,2.80078125,10.796875
LV4U7.mp4,1093,2,30.242088487516128,1.3668790410156362,0.0,6.80078125
LV4U7.mp4,1094,3,30.242088487516128,1.3814342910191044,0.0,6.80078125
MHAGN.mp4,1068,0,21.02859889449652,0.686864625022281,7.0,12.6015625
MHAGN.mp4,1069,1,21.02859889449652,0.6837128340266645,14.1015625,22.0
MHAGN.mp4,1070,2,21.02859889449652,0.6887017500121146,14.1015625,22.0
MUE2B.mp4,1079,0,31.398201144726084,0.13425912498496473,16.5,24.0
MUE2B.mp4,1080,1,31.398201144726084,0.13009349995991215,1.7998046875,6.69921875
MUE2B.mp4,1081,2,31.398201144726084,0.13145487499423325,16.5,24.0
MUE2B.mp4,1082,3,31.398201144726084,0.1315011249971576,1.7998046875,6.69921875
MUE2B.mp4,1083,4,31.398201144726084,0.12988091702573,0.0,5.6015625
MUE2B.mp4,1084,5,31.398201144726084,0.12667391600552946,16.5,24.0
N2WXN.mp4,1119,0,30.833333333333332,0.7928038330283016,7.1015625,19.90625
N86ED.mp4,1136,0,31.765066666666666,0.5068566250265576,0.0,8.5
N86ED.mp4,1137,1,31.765066666666666,0.5156426660250872,1.7001953125,11.5
N86ED.mp4,1138,2,31.765066666666666,0.5237575829960406,0.0,8.5
N86ED.mp4,1139,3,31.765066666666666,0.5164825409883633,8.5,14.3984375
NACLT.mp4,1140,0,20.466666666666665,0.9998616669909097,12.6015625,21.0
NACLT.mp4,1141,1,20.466666666666665,0.9803640000172891,6.3984375,12.203125
NBKCK.mp4,1117,0,8.140350877192983,0.023495375004131347,0.0,3.19921875
NBKCK.mp4,1118,1,8.140350877192983,0.02396816696273163,0.0,3.19921875
NKE77.mp4,1115,0,30.8,0.7715967500116676,8.203125,14.796875
NKE77.mp4,1116,1,30.8,0.7749782920000143,10.0,15.6015625
ODM20.mp4,1075,0,29.0,0.09387112502008677,21.5,30.0
ODM20.mp4,1076,1,29.0,0.10479966702405363,22.40625,30.0
ODM20.mp4,1077,2,29.0,0.09647912497166544,21.5,30.0
ODM20.mp4,1078,3,29.0,0.09630391700193286,5.5,13.6015625
OETY6.mp4,1187,0,30.7,0.7598740829853341,8.6015625,18.09375
OETY6.mp4,1188,1,30.7,0.7969212079769932,28.703125,32.0
OZ02A.mp4,1071,0,40.807433333333336,0.7614954159944318,10.5,16.09375
OZ02A.mp4,1072,1,40.807433333333336,0.7616232500295155,10.5,16.09375
OZ02A.mp4,1073,2,40.807433333333336,0.7535592500353232,2.900390625,11.796875
OZ02A.mp4,1074,3,40.807433333333336,0.7582207919913344,2.900390625,11.796875
QSVXJ.mp4,1066,0,32.39325842696629,1.3919497080496512,12.703125,18.5
QSVXJ.mp4,1067,1,32.39325842696629,1.3667314579943195,5.69921875,17.5
SCFIN.mp4,1145,0,34.501133333333335,1.8412247499800287,8.703125,22.0
SCFIN.mp4,1146,1,34.501133333333335,1.8425952909747139,5.3984375,19.40625
SUG5S.mp4,1179,0,30.73904512753434,0.12595879199216142,0.0,5.3984375
SUG5S.mp4,1180,1,30.73904512753434,0.12667862500529736,9.703125,17.09375
SUG5S.mp4,1181,2,30.73904512753434,0.1268861669814214,0.0,3.69921875
SUG5S.mp4,1182,3,30.73904512753434,0.1252905420260504,0.0,3.69921875
SUG5S.mp4,1183,4,30.73904512753434,0.12591045803856105,9.703125,17.09375
TRHT1.mp4,1147,0,8.96654787906656,0.01828895800281316,0.0,4.1015625
TRHT1.mp4,1148,1,8.96654787906656,0.0226873749634251,0.0,4.19921875
VD58Y.mp4,1112,0,23.514043109079033,0.02731941599631682,10.1015625,16.90625
VD58Y.mp4,1113,1,23.514043109079033,0.03057316702324897,13.8984375,21.09375
VNMNF.mp4,1056,0,27.266666666666666,0.32060112501494586,0.0,12.6015625
VNMNF.mp4,1057,1,27.266666666666666,0.32227245799731463,21.90625,28.0
WUTHF.mp4,1161,0,36.96666666666667,1.4686844170209952,0.7998046875,6.3984375
WUTHF.mp4,1162,1,36.96666666666667,1.4670546669512987,0.7998046875,6.3984375
WUTHF.mp4,1163,2,36.96666666666667,1.4768262500292622,0.7998046875,6.3984375
X2JBJ.mp4,1120,0,30.8,0.9375385839957744,6.0,18.0
X4BQG.mp4,1184,0,32.76606666666667,0.24458108295220882,5.69921875,14.796875
X4BQG.mp4,1185,1,32.76606666666667,0.23612333397613838,5.69921875,14.796875
X4BQG.mp4,1186,2,32.76606666666667,0.2356626660330221,1.2998046875,14.296875
XJA7Z.mp4,1108,0,30.678851174934724,0.1281551249558106,1.099609375,9.3984375
XJA7Z.mp4,1109,1,30.678851174934724,0.13242566701956093,1.099609375,9.3984375
XJA7Z.mp4,1110,2,30.678851174934724,0.12941187497926876,7.3984375,16.0
XJA7Z.mp4,1111,3,30.678851174934724,0.12783537502400577,1.099609375,9.3984375
XXS99.mp4,1129,0,29.003092097538065,0.7152630000491627,19.0,30.0
XXS99.mp4,1130,1,29.003092097538065,0.7172537499573082,15.8984375,24.59375
XXS99.mp4,1131,2,29.003092097538065,0.7099024169729091,13.3984375,18.703125
Y0MCG.mp4,1193,0,30.7,0.45764491701265797,4.8984375,10.796875
ZDWM7.mp4,1096,0,30.44818114825484,0.1861945409909822,0.0,9.5
ZDWM7.mp4,1097,1,30.44818114825484,0.18450274999486282,0.0,9.296875
ZDWM7.mp4,1098,2,30.44818114825484,0.18355908303055912,0.0,14.296875
0J471.mp4,1238,0,21.755066666666668,1.0973694160347804,7.3984375,17.203125
0J471.mp4,1239,1,21.755066666666668,1.005299832962919,13.0,23.0
0J471.mp4,1240,2,21.755066666666668,0.9849667079979554,13.0,23.0
0J471.mp4,1241,3,21.755066666666668,0.9917439169948921,13.0,23.0
0QAZ7.mp4,1301,0,30.363666666666667,0.9932179999887012,25.296875,31.0
0QAZ7.mp4,1302,1,30.363666666666667,1.0290381250088103,23.40625,29.203125
1F4JZ.mp4,1264,0,31.985904516653676,0.40045449999161065,2.0,8.703125
1P7GJ.mp4,1225,0,42.708333333333336,1.6634923749952577,16.40625,23.59375
2KGV3.mp4,1328,0,30.8,0.5501609169878066,2.599609375,7.19921875
2KGV3.mp4,1329,1,30.8,0.5287072500213981,2.599609375,13.1015625
2KGV3.mp4,1330,2,30.8,0.5456229169503786,2.599609375,13.1015625
2KGV3.mp4,1331,3,30.8,0.5672428340185434,2.599609375,13.1015625
2KGV3.mp4,1332,4,30.8,0.5415670409565791,2.599609375,13.1015625
2KGV3.mp4,1333,5,30.8,0.5357457909849472,18.203125,23.90625
3MV13.mp4,1287,0,24.86504171437919,0.028392750013154,16.296875,25.296875
3T785.mp4,1305,0,30.7,1.2021429580054246,2.099609375,8.0
3T785.mp4,1306,1,30.7,1.1847015829989687,2.099609375,8.0
3W1GP.mp4,1273,0,35.06836666666667,0.2833552920492366,25.203125,31.296875
3W1GP.mp4,1274,1,35.06836666666667,0.2783778340090066,0.0,2.599609375
3W1GP.mp4,1275,2,35.06836666666667,0.28321716701611876,0.0,2.599609375
3W1GP.mp4,1276,3,35.06836666666667,0.2753617920097895,14.0,31.0
3W1GP.mp4,1277,4,35.06836666666667,0.28228824998950586,2.900390625,8.703125
3W1GP.mp4,1278,5,35.06836666666667,0.28314233297714964,0.0,2.5
3W1GP.mp4,1279,6,35.06836666666667,0.28350762504851446,32.1875,36.0
3W1GP.mp4,1280,7,35.06836666666667,0.2832199999829754,14.0,31.0
4NHRT.mp4,1307,0,24.095661579137122,0.9470538749592379,1.900390625,8.703125
4NHRT.mp4,1308,1,24.095661579137122,0.9495620839879848,5.3984375,13.0
4YBN9.mp4,1203,0,33.43333333333333,1.6247419170103967,2.69921875,15.703125
4YBN9.mp4,1204,1,33.43333333333333,1.6361051250132732,21.703125,29.40625
5D85P.mp4,1323,0,12.0,0.026797832979355007,4.19921875,8.6015625
5EEXF.mp4,1200,0,33.5,1.2704327499959618,2.400390625,8.703125
5EEXF.mp4,1201,1,33.5,1.2659738750080578,2.19921875,7.69921875
5GHV3.mp4,1221,0,34.4,0.9153374590096064,0.0,9.203125
5GHV3.mp4,1222,1,34.4,0.908704667002894,0.39990234375,13.3984375
65ULK.mp4,1288,0,30.560549109331593,0.12796816701302305,16.0,31.0
74WSB.mp4,1322,0,30.749655391793027,0.5888825840083882,11.203125,20.90625
7E2AJ.mp4,1230,0,16.295114932565962,0.4113782089552842,0.7001953125,5.80078125
7E2AJ.mp4,1231,1,16.295114932565962,0.4074760420480743,0.0,4.1015625
7E2AJ.mp4,1232,2,16.295114932565962,0.40736816701246426,7.0,12.3984375
7E2AJ.mp4,1233,3,16.295114932565962,0.4078624999965541,12.1015625,17.0
7E2AJ.mp4,1234,4,16.295114932565962,0.40833691600710154,0.0,3.099609375
8O07M.mp4,1291,0,30.279999999999998,1.1636827909969725,16.203125,26.703125
8O07M.mp4,1292,1,30.279999999999998,1.1656378339976072,16.203125,26.703125
8V8HC.mp4,1313,0,34.020445785151665,0.18744433304527774,0.0,6.1015625
8V8HC.mp4,1314,1,34.020445785151665,0.19186000002082437,1.7001953125,7.1015625
8V8HC.mp4,1315,2,34.020445785151665,0.19129745801910758,0.0,6.1015625
9J7EW.mp4,1256,0,30.81186827518748,0.1251147500006482,3.900390625,18.203125
9J7EW.mp4,1257,1,30.81186827518748,0.12734841700876132,3.900390625,18.203125
9J7EW.mp4,1258,2,30.81186827518748,0.1228140420280397,11.1015625,24.5
9J7EW.mp4,1259,3,30.81186827518748,0.12232349999248981,18.203125,25.40625
AGGSE.mp4,1272,0,28.22646434981237,0.03166562499245629,8.8984375,15.0
AWR2R.mp4,1327,0,35.1278600269179,1.6428583749802783,2.69921875,11.703125
BEAAA.mp4,1293,0,28.083333333333332,0.8868829170241952,0.0,3.5
BEAAA.mp4,1294,1,28.083333333333332,0.8792432500049472,0.7001953125,10.8984375
BEAAA.mp4,1295,2,28.083333333333332,0.8793188749696128,0.0,3.5
BEAAA.mp4,1296,3,28.083333333333332,0.8852425839868374,0.0,3.5
BEAAA.mp4,1297,4,28.083333333333332,0.8801589999930002,0.0,3.5
BEAAA.mp4,1298,5,28.083333333333332,0.8773697079741396,0.7001953125,10.8984375
BEAAA.mp4,1299,6,28.083333333333332,0.8774579589953646,0.0,3.5
D0AGO.mp4,1334,0,39.19007184846506,0.3053772500134073,0.7001953125,16.296875
D0AGO.mp4,1335,1,39.19007184846506,0.3056817920296453,0.7001953125,16.296875
D0AGO.mp4,1336,2,39.19007184846506,0.3074485409888439,0.7001953125,16.296875
D0AGO.mp4,1337,3,39.19007184846506,0.30497187498258427,0.7001953125,16.296875
D7W4E.mp4,1316,0,30.733333333333334,1.471885624981951,6.5,15.703125
D7W4E.mp4,1317,1,30.733333333333334,1.4740474579739384,6.5,13.703125
D7W4E.mp4,1318,2,30.733333333333334,1.4680410830187611,20.90625,29.09375
DLOS7.mp4,1260,0,41.470588235294116,2.0769674589973874,13.796875,20.90625
DLOS7.mp4,1261,1,41.470588235294116,2.0746057499782182,11.703125,16.90625
DLOS7.mp4,1262,2,41.470588235294116,2.06404000002658,0.0,9.5
DLOS7.mp4,1263,3,41.470588235294116,2.0562811249983497,0.0,9.5
E002I.mp4,1212,0,23.766666666666666,0.9801154170418158,4.1015625,13.3984375
E002I.mp4,1213,1,23.766666666666666,0.9832731659989804,0.300048828125,7.30078125
E002I.mp4,1214,2,23.766666666666666,0.9807303329580463,12.8984375,19.703125
E002I.mp4,1215,3,23.766666666666666,0.987511417013593,12.8984375,19.703125
E002I.mp4,1216,4,23.766666666666666,0.9773035839898512,0.300048828125,7.30078125
E002I.mp4,1217,5,23.766666666666666,1.030626708001364,12.8984375,19.703125
E002I.mp4,1218,6,23.766666666666666,1.2355381659581326,4.69921875,14.1015625
E002I.mp4,1219,7,23.766666666666666,1.1699663330218755,4.69921875,14.1015625
E002I.mp4,1220,8,23.766666666666666,0.9800989159848541,12.8984375,19.703125
EF7Q9.mp4,1338,0,28.465116279069765,1.4186418749741279,6.80078125,13.3984375
EF7Q9.mp4,1339,1,28.465116279069765,1.4037836249917746,6.80078125,13.3984375
EF7Q9.mp4,1340,2,28.465116279069765,1.3656271660001948,14.0,20.5
FG9NT.mp4,1342,0,27.266666666666666,0.5640415839734487,11.5,20.90625
FG9NT.mp4,1343,1,27.266666666666666,0.5646161250188015,11.5,20.90625
FRGXE.mp4,1303,0,21.561561561561565,0.6063203749945387,2.099609375,8.6015625
FRGXE.mp4,1304,1,21.561561561561565,0.6117592499940656,19.59375,23.0
G2AMK.mp4,1341,0,27.35440931780366,0.6103776670061052,24.0,28.0
HG7C2.mp4,1242,0,29.8298,1.47738404199481,0.0,13.5
HG7C2.mp4,1243,1,29.8298,1.4848180420231074,21.90625,30.90625
HG7C2.mp4,1244,2,29.8298,1.4857122089597397,17.703125,31.0
HQ8BB.mp4,1269,0,16.133333333333333,0.05137350002769381,2.5,9.203125
HQ8BB.mp4,1270,1,16.133333333333333,0.03914566698949784,0.0,6.3984375
HQ8BB.mp4,1271,2,16.133333333333333,0.04165308299707249,2.5,9.203125
HS14N.mp4,1347,0,31.097733333333334,0.3749411660246551,10.8984375,16.296875
HS14N.mp4,1348,1,31.097733333333334,0.37162116600666195,2.69921875,8.5
HS14N.mp4,1349,2,31.097733333333334,0.3623979580006562,4.5,16.59375
IIL9C.mp4,1251,0,32.321877619446774,1.0293272500275634,0.0,13.203125
IIL9C.mp4,1252,1,32.321877619446774,1.0366733340197243,0.0,4.3984375
IIL9C.mp4,1253,2,32.321877619446774,1.0378028330160305,0.0,13.203125
IIL9C.mp4,1254,3,32.321877619446774,1.026226415997371,0.0,4.3984375
KS5JT.mp4,1266,0,29.266666666666666,1.4361297080176882,0.0,5.69921875
KS5JT.mp4,1267,1,29.266666666666666,1.3887415829813108,0.0,5.69921875
KS5JT.mp4,1268,2,29.266666666666666,1.3885493749985471,0.0,5.69921875
LLTBQ.mp4,1344,0,20.610503545246967,0.42298525001388043,0.300048828125,6.69921875
LLTBQ.mp4,1345,1,20.610503545246967,0.4207026250078343,6.69921875,13.203125
LLTBQ.mp4,1346,2,20.610503545246967,0.4157445410382934,0.300048828125,6.69921875
MB281.mp4,1226,0,28.633333333333333,1.525053958001081,19.5,28.90625
MB281.mp4,1227,1,28.633333333333333,1.5108252920326777,19.5,28.90625
MB281.mp4,1228,2,28.633333333333333,1.5137003329582512,19.5,28.90625
MB281.mp4,1229,3,28.633333333333333,1.5022672500344925,14.296875,19.796875
ONVGA.mp4,1309,0,14.040561622464898,0.31084904103772715,4.8984375,11.6015625
OQSXX.mp4,1281,0,28.5285,0.4560230829520151,8.6015625,15.6015625
OQSXX.mp4,1282,1,28.5285,0.4694713340140879,0.0,7.6015625
OQSXX.mp4,1283,2,28.5285,0.44742699997732416,0.0,7.6015625
P3CLM.mp4,1325,0,41.7,0.12342391698621213,29.09375,41.0
P3CLM.mp4,1326,1,41.7,0.1314688750426285,29.09375,41.0
PC7H2.mp4,1208,0,31.183011789924972,0.2094632080406882,4.69921875,18.203125
PC7H2.mp4,1209,1,31.183011789924972,0.18870158400386572,4.69921875,18.203125
PC7H2.mp4,1210,2,31.183011789924972,0.17929762497078627,4.69921875,17.703125
PC7H2.mp4,1211,3,31.183011789924972,0.17789170803735033,4.69921875,17.703125
Q3Z4V.mp4,1319,0,31.322958333333332,2.3784309169859625,16.796875,24.59375
RMKOC.mp4,1289,0,32.835220800107216,0.14821629197103903,0.0,12.0
RMKOC.mp4,1290,1,32.835220800107216,0.1503495000069961,7.3984375,13.796875
S5KQ1.mp4,1245,0,30.19683333333333,2.300461541977711,3.0,8.203125
S5KQ1.mp4,1246,1,30.19683333333333,2.2956540000159293,11.703125,17.09375
S5KQ1.mp4,1247,2,30.19683333333333,2.2850174580235034,11.296875,16.703125
S5KQ1.mp4,1248,3,30.19683333333333,2.397014832997229,8.3984375,13.796875
SBI6Z.mp4,1255,0,26.993633333333335,0.47370149998459965,11.796875,20.59375
T96JC.mp4,1300,0,29.462766666666667,0.9117994160042144,4.80078125,14.3984375
T9N9R.mp4,1321,0,30.131574542167463,0.2651594579801895,10.5,15.703125
TDGNE.mp4,1223,0,27.961266666666667,0.5594286249834113,3.5,8.6015625
TDGNE.mp4,1224,1,27.961266666666667,0.556214208016172,22.90625,29.0
VVQYB.mp4,1324,0,39.20583333333333,1.1189062079647556,9.6015625,15.5
WT46G.mp4,1310,0,34.7,0.47055133298272267,0.89990234375,7.19921875
WT46G.mp4,1311,1,34.7,0.4643489170121029,4.6015625,13.1015625
WT46G.mp4,1312,2,34.7,0.4789784580352716,4.8984375,16.59375
XRU9O.mp4,1205,0,28.2,0.5586920840432867,8.703125,21.90625
XRU9O.mp4,1206,1,28.2,0.5452397920307703,8.703125,21.90625
XRU9O.mp4,1207,2,28.2,0.553856624988839,8.703125,21.90625
YFJ9U.mp4,1202,0,30.311424162083018,0.8123634579824284,2.19921875,13.1015625
YHXU9.mp4,1265,0,30.912842019819394,1.0003263329854235,14.203125,18.703125
YIIFF.mp4,1249,0,30.1795277712284,1.0074408339569345,19.09375,31.0
YIIFF.mp4,1250,1,30.1795277712284,1.0078187080216594,0.0,9.5
ZXHCH.mp4,1284,0,25.17726234827545,0.14524216699646786,19.203125,23.5
ZXHCH.mp4,1285,1,25.17726234827545,0.14894116698997095,3.19921875,7.3984375
ZXHCH.mp4,1286,2,25.17726234827545,0.1451471250038594,4.69921875,10.796875
ZYJJF.mp4,1320,0,30.68265559054063,0.7328705419786274,1.5,11.703125
ZZ3HT.mp4,1235,0,35.11841666666666,2.84395787504036,7.0,11.296875
ZZ3HT.mp4,1236,1,35.11841666666666,2.7817758329911157,2.400390625,8.0
ZZ3HT.mp4,1237,2,35.11841666666666,2.843541417038068,8.203125,16.40625
0FM93.mp4,1434,0,38.17796182203818,2.144198708992917,23.0,39.0
0FM93.mp4,1435,1,38.17796182203818,1.948715791979339,23.0,39.0
0FM93.mp4,1436,2,38.17796182203818,1.9632130000391044,23.0,39.0
13IS9.mp4,1445,0,27.066666666666666,0.6282412499422207,12.203125,22.203125
13IS9.mp4,1446,1,27.066666666666666,0.6309532090090215,3.0,14.203125
13IS9.mp4,1447,2,27.066666666666666,0.625028874957934,3.0,14.203125
13IS9.mp4,1448,3,27.066666666666666,0.6418301250087097,3.0,14.203125
26RQN.mp4,1427,0,33.7821466892804,1.570075374969747,22.0,35.0
2FPB3.mp4,1458,0,32.4,1.0183202080079354,0.0,13.296875
2FPB3.mp4,1459,1,32.4,1.0050337919965386,8.0,15.796875
2FPB3.mp4,1460,2,32.4,1.0242288750014268,3.19921875,10.796875
3G1OQ.mp4,1437,0,27.485791666666664,1.2708100830204785,22.703125,28.0
3G1OQ.mp4,1438,1,27.485791666666664,1.2875449169659987,22.703125,28.0
3OLX3.mp4,1488,0,29.933333333333334,0.9818012499599718,15.1015625,22.09375
4GLAP.mp4,1475,0,30.48581675904793,0.1381544999894686,16.09375,20.703125
5INX3.mp4,1395,0,44.72704714640198,0.5419347500428557,32.5,46.0
7EJUR.mp4,1377,0,23.940583333333333,0.800604292016942,0.39990234375,10.296875
7EJUR.mp4,1378,1,23.940583333333333,0.8006356249679811,0.0,5.19921875
7EJUR.mp4,1379,2,23.940583333333333,0.7898401669808663,0.0,5.19921875
7EJUR.mp4,1380,3,23.940583333333333,0.7840262080426328,10.6015625,16.90625
7EJUR.mp4,1381,4,23.940583333333333,0.7795555830234662,0.39990234375,10.296875
81R72.mp4,1443,0,32.49913333333333,0.05093599995598197,22.90625,29.796875
81R72.mp4,1444,1,32.49913333333333,0.05729891697410494,22.90625,29.796875
8TZSC.mp4,1457,0,18.50739093858911,0.41430558398133144,10.203125,19.0
96ATI.mp4,1365,0,33.93333333333333,1.6357484170002863,5.80078125,15.8984375
99B6U.mp4,1412,0,27.933333333333334,0.9038471250096336,16.90625,22.5
99B6U.mp4,1413,1,27.933333333333334,0.9066524169757031,0.89990234375,14.203125
99B6U.mp4,1414,2,27.933333333333334,0.9189256249810569,16.59375,23.796875
99B6U.mp4,1415,3,27.933333333333334,0.9161827079951763,16.59375,23.796875
B4XZD.mp4,1366,0,22.112726835716863,0.7658066249568947,5.1015625,9.6015625
BQA97.mp4,1411,0,30.3,0.08054204098880291,0.39990234375,7.19921875
BQZ52.mp4,1478,0,40.98141462762401,1.6578023330075666,0.0,5.8984375
BQZ52.mp4,1479,1,40.98141462762401,1.6374521660036407,0.0,5.30078125
DV6CH.mp4,1358,0,31.866666666666667,1.495597875036765,24.203125,30.59375
DV6CH.mp4,1359,1,31.866666666666667,1.4684252919978462,0.0,6.19921875
DV6CH.mp4,1360,2,31.866666666666667,1.4684352919575758,0.0,6.19921875
DV6CH.mp4,1361,3,31.866666666666667,1.476250790990889,14.3984375,27.40625
DV6CH.mp4,1362,4,31.866666666666667,1.4627613329794258,0.0,6.19921875
EJY5V.mp4,1428,0,21.15130392981613,0.5303965840139426,17.203125,22.0
ENOLD.mp4,1432,0,16.28408888888889,0.4070221669971943,0.0,6.69921875
F3M1Q.mp4,1396,0,16.107382550335572,0.041732833022251725,9.3984375,16.40625
F3M1Q.mp4,1397,1,16.107382550335572,0.04223000002093613,0.7001953125,6.0
F3M1Q.mp4,1398,2,16.107382550335572,0.04266412497963756,0.0,3.5
F3M1Q.mp4,1399,3,16.107382550335572,0.04258341598324478,9.3984375,16.40625
F3M1Q.mp4,1400,4,16.107382550335572,0.04367058398202062,0.0,3.5
FFYL6.mp4,1382,0,13.761467889908257,0.02809308300493285,0.0,6.30078125
FFYL6.mp4,1383,1,13.761467889908257,0.028431958984583616,5.19921875,10.8984375
FFYL6.mp4,1384,2,13.761467889908257,0.027912541991099715,0.0,6.30078125
FFYL6.mp4,1385,3,13.761467889908257,0.027317917032632977,5.19921875,10.8984375
FFYL6.mp4,1386,4,13.761467889908257,0.027500124997459352,0.0,6.30078125
FFYL6.mp4,1387,5,13.761467889908257,0.02732941700378433,5.19921875,10.8984375
FFYL6.mp4,1388,6,13.761467889908257,0.03394625004148111,9.8984375,15.0
FLLUJ.mp4,1453,0,30.633333333333333,0.5578691249829717,12.8984375,26.796875
FLLUJ.mp4,1454,1,30.633333333333333,0.5488216250087135,12.8984375,26.796875
FLLUJ.mp4,1455,2,30.633333333333333,0.5642525419825688,12.8984375,26.796875
FRSBQ.mp4,1433,0,32.0,1.5713019579998218,20.296875,33.0
FVINY.mp4,1485,0,30.833333333333332,0.4827721249894239,0.0,14.6015625
FVINY.mp4,1486,1,30.833333333333332,0.4676840000320226,0.0,14.6015625
FVINY.mp4,1487,2,30.833333333333332,0.4734214170021005,0.0,14.6015625
GHJ3Q.mp4,1466,0,26.259566666666668,0.36565220897318795,5.19921875,10.3984375
GHJ3Q.mp4,1467,1,26.259566666666668,0.350286791974213,5.19921875,10.3984375
GT43R.mp4,1354,0,34.034,0.912846208026167,2.099609375,9.296875
GT43R.mp4,1355,1,34.034,0.9497968750074506,12.6015625,25.5
GT43R.mp4,1356,2,34.034,0.9278370000538416,2.099609375,9.296875
HI4NV.mp4,1363,0,30.08121929208864,0.49362345796544105,3.400390625,18.296875
HI4NV.mp4,1364,1,30.08121929208864,0.484417375002522,3.400390625,18.296875
HS14N.mp4,1350,0,31.097733333333334,0.35880966600961983,5.8984375,14.1015625
HS14N.mp4,1351,1,31.097733333333334,0.36435200000414625,4.5,16.59375
ICOX1.mp4,1367,0,31.81286549707602,1.203346792026423,16.90625,23.796875
ICOX1.mp4,1368,1,31.81286549707602,1.1814560419879854,7.8984375,15.796875
ICOX1.mp4,1369,2,31.81286549707602,1.186308792035561,16.90625,23.796875
IKJGO.mp4,1401,0,45.84785482514121,1.082214291964192,22.5,28.40625
IUETR.mp4,1480,0,20.72163454571801,0.49730175000149757,0.0,8.1015625
IUETR.mp4,1481,1,20.72163454571801,0.5022720419801772,0.0,8.1015625
IUETR.mp4,1482,2,20.72163454571801,0.5019683330319822,1.900390625,8.1015625
IUETR.mp4,1483,3,20.72163454571801,0.5079240829800256,0.0,8.1015625
J1KLV.mp4,1429,0,29.166666666666668,1.5333134999964386,16.203125,26.40625
J1KLV.mp4,1430,1,29.166666666666668,1.4570683750207536,23.5,30.0
JTXAM.mp4,1417,0,23.733333333333334,0.2632598750060424,16.59375,25.0
JTXAM.mp4,1418,1,23.733333333333334,0.25304783397587016,13.796875,19.09375
KMZDA.mp4,1392,0,32.9,0.978701583982911,24.203125,30.796875
KO2MY.mp4,1423,0,19.71272312037983,0.6856663330108859,2.5,10.8984375
KO2MY.mp4,1424,1,19.71272312037983,0.6777317089727148,2.5,10.8984375
KTDG0.mp4,1441,0,14.035787933213598,0.22827012499328703,5.69921875,11.1015625
KZR42.mp4,1484,0,30.898404701931153,0.2751326250145212,8.3984375,16.703125
L2502.mp4,1352,0,33.8,1.7554195830016397,14.203125,31.09375
L2502.mp4,1353,1,33.8,1.7804880000185221,29.40625,35.0
LQMXW.mp4,1450,0,36.084038714463965,1.680316917016171,0.0,16.796875
LQMXW.mp4,1451,1,36.084038714463965,1.661155624955427,11.203125,18.40625
LSCMZ.mp4,1393,0,18.5,0.060971166007220745,0.0,7.6015625
LSCMZ.mp4,1394,1,18.5,0.05994524998823181,13.703125,19.0
MLHCK.mp4,1476,0,31.097733333333334,1.4716175419744104,0.0,7.8984375
MRZ44.mp4,1439,0,16.366666666666667,0.05552950000856072,9.6015625,15.296875
MRZ44.mp4,1440,1,16.366666666666667,0.056990584009326994,9.6015625,15.296875
NJANX.mp4,1477,0,21.451748587910107,0.6009623749996535,11.3984375,17.40625
OVFVJ.mp4,1473,0,33.26653306613226,0.41170933295506984,22.09375,34.0
OVFVJ.mp4,1474,1,33.26653306613226,0.4149172499892302,12.5,26.796875
OXCDM.mp4,1431,0,32.644067796610166,1.3298603750299662,6.5,15.5
P6JGZ.mp4,1419,0,11.5,0.3163776660221629,0.0,4.3984375
P6JGZ.mp4,1420,1,11.5,0.3125652080052532,6.30078125,11.6015625
P6JGZ.mp4,1421,2,11.5,0.32414824998704717,6.1015625,11.296875
P6JGZ.mp4,1422,3,11.5,0.31929737504106015,0.0,4.3984375
PNRFK.mp4,1425,0,28.595233333333333,1.1803732920088805,0.0,13.296875
PNRFK.mp4,1426,1,28.595233333333333,1.2144125839695334,0.0,13.296875
POACA.mp4,1489,0,29.696333333333335,0.08344720804598182,25.203125,31.0
QQGU3.mp4,1370,0,18.066666666666666,0.06039962498471141,0.0,5.30078125
QQGU3.mp4,1371,1,18.066666666666666,0.06111412501195446,15.203125,19.0
QQGU3.mp4,1372,2,18.066666666666666,0.06130208296235651,0.0,5.30078125
QQGU3.mp4,1373,3,18.066666666666666,0.0613484579953365,10.296875,18.5
QQGU3.mp4,1374,4,18.066666666666666,0.061746333027258515,7.69921875,15.0
QQGU3.mp4,1375,5,18.066666666666666,0.06303645897423849,0.0,5.30078125
QVBTC.mp4,1471,0,34.30093333333333,0.9324593750061467,0.0,12.6015625
QVBTC.mp4,1472,1,34.30093333333333,0.9179121250053868,0.0,12.6015625
R971Z.mp4,1490,0,35.95460355847296,1.1117420839727856,14.0,23.40625
R971Z.mp4,1491,1,35.95460355847296,1.128012375032995,20.703125,30.59375
R971Z.mp4,1492,2,35.95460355847296,1.1428048749803565,11.1015625,19.796875
R971Z.mp4,1493,3,35.95460355847296,1.1235854999977164,19.40625,25.0
R971Z.mp4,1494,4,35.95460355847296,1.113635334011633,0.0,7.19921875
R971Z.mp4,1495,5,35.95460355847296,1.1291221249848604,0.0,7.19921875
R971Z.mp4,1496,6,35.95460355847296,1.126071042031981,0.0,6.1015625
R971Z.mp4,1497,7,35.95460355847296,1.1085772920050658,19.59375,32.8125
REWLB.mp4,1456,0,30.666666666666668,1.5852336669922806,16.90625,29.0
RO8Y6.mp4,1416,0,36.08605,0.06988329201703891,1.400390625,8.5
SAO1A.mp4,1452,0,13.52196342035329,0.026826000015717,3.099609375,8.796875
SR8IK.mp4,1402,0,30.614629586351953,0.37037320801755413,4.6015625,14.8984375
SR8IK.mp4,1403,1,30.614629586351953,0.38049583398969844,4.6015625,14.8984375
SR8IK.mp4,1404,2,30.614629586351953,0.3858624590211548,4.6015625,14.8984375
TNDT2.mp4,1461,0,21.221052631578946,0.02846341603435576,16.0,22.0
TNDT2.mp4,1462,1,21.221052631578946,0.026272375020198524,16.0,22.0
TNDT2.mp4,1463,2,21.221052631578946,0.028552083997055888,4.5,12.1015625
TNDT2.mp4,1464,3,21.221052631578946,0.027800749987363815,4.5,12.1015625
TNDT2.mp4,1465,4,21.221052631578946,0.027778415998909622,16.0,22.0
VHD24.mp4,1449,0,29.487987672480216,0.04554249998182058,18.203125,23.40625
VNQTH.mp4,1406,0,10.497630823504998,0.024247749999631196,1.599609375,6.6015625
VNQTH.mp4,1407,1,10.497630823504998,0.025443583959713578,1.599609375,6.6015625
VNQTH.mp4,1408,2,10.497630823504998,0.028068166982848197,1.599609375,6.6015625
VNQTH.mp4,1409,3,10.497630823504998,0.025748000014573336,6.0,10.296875
VNQTH.mp4,1410,4,10.497630823504998,0.02525383298052475,7.3984375,11.0
VXOE4.mp4,1498,0,31.281249999999996,0.9092224999913014,0.0,10.1015625
VXOE4.mp4,1499,1,31.281249999999996,0.9065526250051335,11.0,26.59375
W97NR.mp4,1442,0,31.537583126217505,0.7399345419835299,15.796875,29.0
WX711.mp4,1405,0,30.8,0.9177117500221357,14.796875,22.5
X8JVY.mp4,1468,0,29.295933333333334,0.3712658750009723,0.0,6.0
X8JVY.mp4,1469,1,29.295933333333334,0.3689393340027891,3.0,8.8984375
X8JVY.mp4,1470,2,29.295933333333334,0.3739943749969825,0.0,6.0
X95D0.mp4,1357,0,31.18615551015503,0.7992619999567978,17.203125,32.0
YE6UZ.mp4,1391,0,34.41925871363043,0.5570312910131179,15.0,23.0
YN3AA.mp4,1389,0,30.648842517117703,0.12248987500788644,12.1015625,27.0
YN3AA.mp4,1390,1,30.648842517117703,0.12541716697160155,9.5,13.5
Z2KJ5.mp4,1376,0,31.862745098039216,0.2194703749846667,4.8984375,16.0
02DPI.mp4,1622,0,41.306436119116235,1.1007663329946809,23.40625,30.5
02DPI.mp4,1623,1,41.306436119116235,0.9713358340086415,19.703125,26.0
02DPI.mp4,1624,2,41.306436119116235,0.9704293750110082,0.0,15.203125
02DPI.mp4,1625,3,41.306436119116235,0.9713600829709321,23.40625,30.5
0KZYF.mp4,1515,0,30.7307,1.1948183749918826,5.80078125,12.296875
0KZYF.mp4,1516,1,30.7307,1.1857302919961512,2.30078125,7.80078125
0KZYF.mp4,1517,2,30.7307,1.1979755000211298,2.30078125,7.80078125
0KZYF.mp4,1518,3,30.7307,1.1887300420203246,2.30078125,7.80078125
0KZYF.mp4,1519,4,30.7307,1.1796700829872862,2.30078125,7.80078125
0KZYF.mp4,1520,5,30.7307,1.178062749968376,2.30078125,7.80078125
0KZYF.mp4,1521,6,30.7307,1.173596499953419,0.0,9.5
0KZYF.mp4,1522,7,30.7307,1.1690228340448812,25.796875,32.0
0KZYF.mp4,1523,8,30.7307,1.1663772920146585,5.80078125,12.296875
0Z1PC.mp4,1606,0,38.86666666666667,1.7573112909449264,18.0,25.09375
0Z1PC.mp4,1607,1,38.86666666666667,1.7573481249855831,10.3984375,17.703125
0Z1PC.mp4,1608,2,38.86666666666667,1.746360499993898,10.3984375,17.703125
0Z1PC.mp4,1609,3,38.86666666666667,1.7669404160114937,3.400390625,9.3984375
0Z1PC.mp4,1610,4,38.86666666666667,1.7685063749668188,11.796875,28.796875
0Z1PC.mp4,1611,5,38.86666666666667,1.7508050419855863,25.0,32.5
0Z1PC.mp4,1612,6,38.86666666666667,1.7513205420109443,18.0,25.09375
136V6.mp4,1597,0,34.06666666666667,1.6532476670108736,0.0,5.3984375
136V6.mp4,1598,1,34.06666666666667,1.6409903340390883,13.703125,26.703125
136V6.mp4,1599,2,34.06666666666667,1.6706509169889614,13.703125,26.703125
136V6.mp4,1600,3,34.06666666666667,1.6522642910131253,26.0,31.0
136V6.mp4,1601,4,34.06666666666667,1.652237750007771,1.099609375,8.296875
1440M.mp4,1647,0,28.389623103279494,0.12859954201849177,17.5,27.0
1440M.mp4,1648,1,28.389623103279494,0.12255320802796632,17.5,27.0
1440M.mp4,1649,2,28.389623103279494,0.1212824999820441,17.5,27.0
2KMGY.mp4,1588,0,19.616102051868342,0.40472483297344297,0.0,3.400390625
2KMGY.mp4,1589,1,19.616102051868342,0.3987980000092648,5.8984375,11.5
2ZICJ.mp4,1614,0,35.123483607927014,1.1040530829923227,27.296875,33.59375
2ZICJ.mp4,1615,1,35.123483607927014,1.0945417910115793,4.5,12.3984375
2ZICJ.mp4,1616,2,35.123483607927014,1.099936250015162,4.5,12.3984375
2ZICJ.mp4,1617,3,35.123483607927014,1.1077004169928841,28.703125,36.0
2ZICJ.mp4,1618,4,35.123483607927014,1.099918957974296,27.296875,33.59375
3HLP7.mp4,1541,0,30.846004420925716,0.5469236249919049,0.0,4.6015625
3HLP7.mp4,1542,1,30.846004420925716,0.5451542080263607,0.0,4.6015625
47RAA.mp4,1561,0,42.129327237099936,0.31865104200551286,17.203125,33.40625
47RAA.mp4,1562,1,42.129327237099936,0.3147668750025332,17.203125,33.40625
4BIMI.mp4,1602,0,37.4455732946299,1.1986580830416642,4.8984375,22.40625
4BIMI.mp4,1603,1,37.4455732946299,1.1815154159558006,18.796875,23.703125
4BIMI.mp4,1604,2,37.4455732946299,1.1927325000287965,3.80078125,8.703125
4BIMI.mp4,1605,3,37.4455732946299,1.1792016249964945,4.8984375,22.40625
5OV3M.mp4,1592,0,32.642539087348084,0.818262540968135,18.203125,25.0
7MRKY.mp4,1584,0,36.66996666666667,1.9185469999792986,29.90625,36.09375
7MRKY.mp4,1585,1,36.66996666666667,1.9109207909787074,29.90625,36.09375
7MRKY.mp4,1586,2,36.66996666666667,1.915782333991956,29.90625,36.09375
8SXHK.mp4,1628,0,29.74402115130393,0.6056662920163944,13.796875,19.796875
8SXHK.mp4,1629,1,29.74402115130393,0.5987380419974215,13.796875,19.796875
8SXHK.mp4,1630,2,29.74402115130393,0.6000794590217993,13.796875,19.796875
9ZE0J.mp4,1631,0,32.1,1.1980383330374025,0.0,9.3984375
9ZE0J.mp4,1632,1,32.1,1.1876700000138953,0.0,9.3984375
9ZE0J.mp4,1633,2,32.1,1.2018690839759074,5.8984375,20.59375
9ZE0J.mp4,1634,3,32.1,1.1932660409947857,0.0,9.3984375
9ZE0J.mp4,1635,4,32.1,1.194860957970377,12.5,19.0
AF5BS.mp4,1613,0,30.163466666666668,0.048651083023287356,13.3984375,18.796875
BIJYC.mp4,1578,0,35.2352,1.371627416985575,20.59375,36.0
BIJYC.mp4,1579,1,35.2352,1.3653191670309752,20.59375,36.0
BIJYC.mp4,1580,2,35.2352,1.3824668750166893,24.796875,36.0
BIJYC.mp4,1581,3,35.2352,1.3753365839947946,24.796875,36.0
BIJYC.mp4,1582,4,35.2352,1.3599761670338921,24.796875,36.0
BIJYC.mp4,1583,5,35.2352,1.363812749972567,24.796875,36.0
C6C7Q.mp4,1569,0,31.6,0.2868472500122152,0.0,5.19921875
C6C7Q.mp4,1570,1,31.6,0.2764725419692695,11.0,16.203125
C6C7Q.mp4,1571,2,31.6,0.28981083299731836,11.0,16.203125
C6C7Q.mp4,1572,3,31.6,0.28359679196728393,11.0,16.203125
C6C7Q.mp4,1573,4,31.6,0.2798843340133317,23.09375,32.6875
CSPSU.mp4,1645,0,25.370190861383158,0.901968041958753,0.7998046875,7.6015625
CSPSU.mp4,1646,1,25.370190861383158,0.9086168750072829,0.7998046875,7.6015625
CYCEV.mp4,1619,0,30.833333333333332,1.5742992919986136,0.0,4.80078125
CYCEV.mp4,1620,1,30.833333333333332,1.5567796669784002,0.0,5.8984375
CYCEV.mp4,1621,2,30.833333333333332,1.5704950420185924,2.30078125,9.703125
D0Y4L.mp4,1574,0,30.066666666666666,1.5525429589906707,0.0,5.8984375
D0Y4L.mp4,1575,1,30.066666666666666,1.5715240419958718,0.0,5.8984375
E5ZF5.mp4,1563,0,35.665202963161605,1.2957879160530865,6.0,12.296875
E5ZF5.mp4,1564,1,35.665202963161605,1.2984369579935446,22.59375,37.0
E5ZF5.mp4,1565,2,35.665202963161605,1.2951099999481812,22.59375,37.0
E5ZF5.mp4,1566,3,35.665202963161605,1.2831116669694893,13.703125,20.90625
E5ZF5.mp4,1567,4,35.665202963161605,1.2787831670138985,10.5,17.203125
E5ZF5.mp4,1568,5,35.665202963161605,1.2990933749824762,6.0,12.296875
E89S9.mp4,1513,0,20.661901615712654,0.7776407499914058,0.0,8.8984375
E89S9.mp4,1514,1,20.661901615712654,0.7770757920225151,0.0,8.8984375
FK143.mp4,1549,0,36.625245258338786,0.31520020798780024,31.203125,37.0
FK143.mp4,1550,1,36.625245258338786,0.3173019160167314,31.203125,37.0
FK143.mp4,1551,2,36.625245258338786,0.3115607079816982,0.0,11.203125
FK143.mp4,1552,3,36.625245258338786,0.3137827920145355,20.203125,27.59375
FK143.mp4,1553,4,36.625245258338786,0.31468045798828825,31.203125,37.0
FQ2Q3.mp4,1587,0,15.533333333333333,0.033344540977850556,11.8984375,16.0
HSWPR.mp4,1576,0,33.083333333333336,0.19309958402300254,6.3984375,12.796875
HSWPR.mp4,1577,1,33.083333333333336,0.18490333302179351,2.30078125,6.6015625
HXUI5.mp4,1530,0,48.01936059100751,0.7851467920118012,34.0,39.0
HXUI5.mp4,1531,1,48.01936059100751,0.7891911659971811,13.3984375,28.703125
HXUI5.mp4,1532,2,48.01936059100751,0.7883669160073623,29.203125,36.09375
HXUI5.mp4,1533,3,48.01936059100751,0.7861734579782933,0.0,14.5
HXUI5.mp4,1534,4,48.01936059100751,0.7908843340119347,34.0,39.0
HXUI5.mp4,1535,5,48.01936059100751,0.8236146670533344,29.203125,36.09375
HXUI5.mp4,1536,6,48.01936059100751,0.7909575419616885,0.0,14.5
HXUI5.mp4,1537,7,48.01936059100751,0.7893111670273356,13.3984375,28.703125
JEB7V.mp4,1554,0,30.966666666666665,0.0782416250440292,0.0,4.80078125
JEB7V.mp4,1555,1,30.966666666666665,0.08898020797641948,4.19921875,11.5
JEB7V.mp4,1556,2,30.966666666666665,0.09197712497552857,4.19921875,11.5
JEB7V.mp4,1557,3,30.966666666666665,0.09029854199616238,23.09375,28.203125
JEB7V.mp4,1558,4,30.966666666666665,0.08850716700544581,4.19921875,11.5
JT537.mp4,1500,0,26.566666666666666,1.2797383749857545,16.90625,23.09375
JT537.mp4,1501,1,26.566666666666666,1.271939874975942,16.90625,23.09375
KT2SV.mp4,1527,0,40.50302139474114,0.2313247499987483,15.0,25.296875
LD9EC.mp4,1524,0,30.964266666666667,0.8353847080143169,0.0,2.599609375
Q0IHP.mp4,1593,0,35.15996198923028,0.31084195798030123,22.703125,32.5
Q0IHP.mp4,1594,1,35.15996198923028,0.3154807089595124,22.703125,32.5
Q0IHP.mp4,1595,2,35.15996198923028,0.31407525000395253,16.0,21.90625
Q0IHP.mp4,1596,3,35.15996198923028,0.3116127499961294,22.703125,32.5
QMKZV.mp4,1641,0,33.71889239397126,0.697452082997188,4.3984375,12.1015625
QMKZV.mp4,1642,1,33.71889239397126,0.6894432500121184,12.703125,22.40625
QMKZV.mp4,1643,2,33.71889239397126,0.6969332080334425,4.3984375,12.1015625
QMKZV.mp4,1644,3,33.71889239397126,0.687910583044868,4.3984375,12.1015625
QUAFE.mp4,1638,0,29.9,0.2626440830063075,13.8984375,20.5
QUAFE.mp4,1639,1,29.9,0.2756715000141412,0.7001953125,14.6015625
QUAFE.mp4,1640,2,29.9,0.27992375002941117,0.7001953125,14.6015625
QVD5B.mp4,1637,0,30.192590611207702,0.846432416990865,0.0,14.796875
R5WMI.mp4,1591,0,15.38276649441173,0.30795416701585054,2.5,7.19921875
T56KO.mp4,1525,0,33.08305,1.2409502500086091,21.203125,28.09375
T56KO.mp4,1526,1,33.08305,1.2615576250245795,8.1015625,15.3984375
TR652.mp4,1538,0,29.6,0.3755847089923918,8.703125,15.6015625
TR652.mp4,1539,1,29.6,0.3810849169967696,0.0,11.6015625
TR652.mp4,1540,2,29.6,0.38365216698730364,0.0,11.6015625
U9NI5.mp4,1503,0,21.632015382766497,0.4915851659607142,11.296875,16.59375
U9NI5.mp4,1504,1,21.632015382766497,0.49370395799633116,13.0,22.296875
U9NI5.mp4,1505,2,21.632015382766497,0.49597883300157264,0.0,5.1015625
U9NI5.mp4,1506,3,21.632015382766497,0.49548854102613404,3.30078125,11.203125
U9NI5.mp4,1507,4,21.632015382766497,0.4968510000035167,13.0,22.296875
U9NI5.mp4,1508,5,21.632015382766497,0.4992229579947889,9.3984375,16.5
VE6GK.mp4,1528,0,31.06597764691744,1.3310161250410601,24.703125,32.0
VE6GK.mp4,1529,1,31.06597764691744,1.3219695000443608,24.703125,32.0
W019T.mp4,1590,0,30.997633333333333,1.382771166972816,14.1015625,26.796875
W5P6B.mp4,1502,0,30.029999999999998,1.439471332996618,9.296875,17.296875
WP5RH.mp4,1509,0,33.233333333333334,1.6825896669761278,0.0,8.0
WP5RH.mp4,1510,1,33.233333333333334,1.6789520829916,0.0,8.0
WP5RH.mp4,1511,2,33.233333333333334,1.6700015839887783,0.0,8.0
WP5RH.mp4,1512,3,33.233333333333334,1.6692380409804173,0.0,8.0
X9LP4.mp4,1626,0,30.9,0.6337299579754472,16.703125,30.703125
X9LP4.mp4,1627,1,30.9,0.6313129169866443,0.0,3.099609375
XPXWY.mp4,1543,0,33.1331,0.5474444580031559,0.0,9.796875
XPXWY.mp4,1544,1,33.1331,0.5390365839703009,0.0,9.796875
XPXWY.mp4,1545,2,33.1331,0.5524057499715127,0.0,9.796875
XPXWY.mp4,1546,3,33.1331,0.5513047080021352,0.0,9.796875
XPXWY.mp4,1547,4,33.1331,0.5492375829489902,21.90625,28.296875
XPXWY.mp4,1548,5,33.1331,0.5692147090448998,4.1015625,15.6015625
YMJ6E.mp4,1559,0,25.966666666666665,0.7307672920287587,1.400390625,9.3984375
YMJ6E.mp4,1560,1,25.966666666666665,0.7106049580033869,1.400390625,9.3984375
ZB5J4.mp4,1636,0,39.88231448185682,0.311181208002381,25.703125,41.0
2TAT3.mp4,1775,0,30.41176470588235,1.3384732500417158,7.69921875,16.296875
4CAB5.mp4,1760,0,30.568921596377017,1.4976165000116453,0.0,14.5
4CAB5.mp4,1761,1,30.568921596377017,1.5117308750050142,0.0,14.5
4CAB5.mp4,1762,2,30.568921596377017,1.5024191249976866,6.69921875,13.0
4CAB5.mp4,1763,3,30.568921596377017,1.5147752499906346,6.69921875,13.0
4RKKP.mp4,1776,0,30.648842517117703,0.14271958399331197,25.40625,31.0
51N2C.mp4,1752,0,30.67484662576687,0.21636999998008832,15.703125,20.40625
5SBEY.mp4,1732,0,15.142410767936546,0.30743704101769254,12.0,16.0
5SBEY.mp4,1733,1,15.142410767936546,0.3178932079463266,4.69921875,9.703125
5SBEY.mp4,1734,2,15.142410767936546,0.3059179999982007,11.8984375,16.0
7LWW3.mp4,1705,0,44.89722322394518,0.806677957996726,1.7998046875,23.59375
7LWW3.mp4,1706,1,44.89722322394518,0.8045017090043984,20.203125,27.796875
8D6PU.mp4,1742,0,37.916666666666664,0.0917729579959996,1.0,6.6015625
9MNZ5.mp4,1781,0,52.57142857142857,0.6074544590082951,40.09375,50.09375
9MNZ5.mp4,1782,1,52.57142857142857,0.598166499985382,26.90625,41.1875
9MNZ5.mp4,1783,2,52.57142857142857,0.5893118330277503,26.90625,41.1875
9MNZ5.mp4,1784,3,52.57142857142857,0.5887333750142716,43.0,53.0
9MNZ5.mp4,1785,4,52.57142857142857,0.6029955839621834,26.90625,41.1875
9MNZ5.mp4,1786,5,52.57142857142857,0.5894535419647582,41.40625,53.0
9MNZ5.mp4,1787,6,52.57142857142857,0.6005018329597078,26.90625,41.1875
9YOI8.mp4,1687,0,30.898219594481745,0.7324234590050764,4.80078125,11.8984375
9YOI8.mp4,1688,1,30.898219594481745,0.7270938329747878,4.80078125,11.8984375
9YOI8.mp4,1689,2,30.898219594481745,0.7256919589708559,24.59375,30.296875
9YOI8.mp4,1690,3,30.898219594481745,0.7255843750317581,14.796875,22.703125
9YOI8.mp4,1691,4,30.898219594481745,0.7136462080525234,14.796875,22.703125
9YOI8.mp4,1692,5,30.898219594481745,0.7262573749758303,24.59375,30.296875
9YOI8.mp4,1693,6,30.898219594481745,0.7255117499735206,4.80078125,11.8984375
AEKYE.mp4,1671,0,32.632600000000004,1.44996183301555,9.796875,18.703125
AEKYE.mp4,1672,1,32.632600000000004,1.4467583330115303,19.90625,34.0
AEKYE.mp4,1673,2,32.632600000000004,1.4502827919786796,0.0,11.5
AEKYE.mp4,1674,3,32.632600000000004,1.4482906670309603,19.5,34.0
AZPOX.mp4,1658,0,32.69933333333333,2.4246618329780176,0.0,6.6015625
BQOLV.mp4,1750,0,36.47398149260906,1.772972209029831,0.0,11.703125
BQOLV.mp4,1751,1,36.47398149260906,1.7690880000009201,0.199951171875,11.703125
CH41S.mp4,1657,0,39.26553672316384,1.5489084579749033,2.30078125,10.296875
DCRI5.mp4,1659,0,30.40209218698921,0.12347699998645112,0.39990234375,5.5
DCRI5.mp4,1660,1,30.40209218698921,0.12186074996134266,3.80078125,9.1015625
DCRI5.mp4,1661,2,30.40209218698921,0.12199883401626721,0.39990234375,5.5
E6RD3.mp4,1788,0,27.388327355722204,0.02972154098097235,0.0,7.6015625
E6RD3.mp4,1789,1,27.388327355722204,0.02944399998523295,19.796875,26.0
E6RD3.mp4,1790,2,27.388327355722204,0.032289499999023974,22.90625,28.0
ECW3E.mp4,1791,0,39.7782849690251,0.4040041660191491,1.400390625,10.3984375
ECW3E.mp4,1792,1,39.7782849690251,0.39906191697809845,1.400390625,10.3984375
ECW3E.mp4,1793,2,39.7782849690251,0.3992603750084527,14.703125,20.5
EW8GX.mp4,1670,0,29.4,1.435207917005755,15.3984375,20.703125
FDDDG.mp4,1697,0,15.286624203821656,0.04513087501982227,0.0,5.8984375
FDDDG.mp4,1698,1,15.286624203821656,0.04332562501076609,1.7998046875,6.30078125
FDDDG.mp4,1699,2,15.286624203821656,0.04659658303717151,0.0,5.8984375
FNBYE.mp4,1720,0,38.43555555555556,0.31138666602782905,20.5,31.796875
FNBYE.mp4,1721,1,38.43555555555556,0.31118308298755437,14.703125,21.203125
FNBYE.mp4,1722,2,38.43555555555556,0.3102016249904409,20.5,31.796875
FNBYE.mp4,1723,3,38.43555555555556,0.31064350000815466,6.5,10.796875
FNBYE.mp4,1724,4,38.43555555555556,0.3110771670471877,14.703125,21.203125
FNBYE.mp4,1725,5,38.43555555555556,0.31358491600258276,20.5,31.796875
GCI2J.mp4,1675,0,30.639179391225902,1.1909733340144157,8.296875,19.296875
GCI2J.mp4,1676,1,30.639179391225902,1.178880500025116,8.296875,19.296875
GCI2J.mp4,1677,2,30.639179391225902,1.1838845000020228,6.1015625,14.1015625
GCI2J.mp4,1678,3,30.639179391225902,1.1816039169789292,0.0,11.796875
GCI2J.mp4,1679,4,30.639179391225902,1.1826702499529347,8.296875,17.296875
GN0M8.mp4,1680,0,24.858166666666666,1.58803058299236,21.0,26.0
HA8S9.mp4,1650,0,31.033333333333335,1.1888676249654964,8.203125,14.8984375
HI75B.mp4,1754,0,17.666145895925972,0.3974320419947617,3.900390625,10.3984375
HI75B.mp4,1755,1,17.666145895925972,0.39711262501077726,5.0,10.0
HI75B.mp4,1756,2,17.666145895925972,0.3980538339819759,5.0,10.0
HNPX7.mp4,1730,0,29.9299,0.2694997920189053,25.203125,31.0
HNPX7.mp4,1731,1,29.9299,0.2677018340327777,0.0,5.8984375
I75CL.mp4,1777,0,28.61842105263158,1.1571387499570847,0.0,6.8984375
I75CL.mp4,1778,1,28.61842105263158,1.149511875002645,10.8984375,18.203125
I75CL.mp4,1779,2,28.61842105263158,1.1544270410086028,0.0,6.8984375
I75CL.mp4,1780,3,28.61842105263158,1.1561998749966733,2.69921875,9.3984375
K8OB6.mp4,1794,0,31.68,1.0003654590109363,20.203125,30.203125
K8OB6.mp4,1795,1,31.68,0.9925967089948244,19.703125,33.0
K9EAZ.mp4,1662,0,33.2,1.7257648329832591,0.0,10.0
KE5EM.mp4,1716,0,12.466666666666667,0.026231582975015044,4.6015625,9.296875
KE5EM.mp4,1717,1,12.466666666666667,0.02649591601220891,4.80078125,10.296875
KE5EM.mp4,1718,2,12.466666666666667,0.02644037501886487,0.89990234375,7.1015625
KE5EM.mp4,1719,3,12.466666666666667,0.026810584007762372,6.30078125,10.8984375
KFLI0.mp4,1726,0,18.80783559668309,0.49154483299935237,5.0,9.0
KFLI0.mp4,1727,1,18.80783559668309,0.48689824994653463,5.0,9.0
KWHPI.mp4,1652,0,23.705,0.7950284999678843,0.0,4.5
KWHPI.mp4,1653,1,23.705,0.7828396669938229,1.7998046875,6.0
KWJ5O.mp4,1757,0,34.46666666666667,0.9417430420289747,30.796875,35.0
L0QNM.mp4,1772,0,30.470588235294116,1.1515453339670785,0.0,12.203125
L0QNM.mp4,1773,1,30.470588235294116,1.1423017090419307,17.5,28.5
L0QNM.mp4,1774,2,30.470588235294116,1.1463897919747978,0.0,12.203125
L8CC0.mp4,1654,0,36.55974226082084,1.1294235000386834,26.90625,37.0
MVPPS.mp4,1663,0,19.886533333333333,0.8738843749742955,0.0,5.80078125
MVX03.mp4,1707,0,33.4334,0.6080732910195366,16.40625,25.203125
MYBRN.mp4,1739,0,22.29299363057325,0.4961685830494389,11.796875,21.0
MYBRN.mp4,1740,1,22.29299363057325,0.4959076250088401,12.1015625,21.0
MYBRN.mp4,1741,2,22.29299363057325,0.49494900001445785,12.1015625,21.0
MZZK2.mp4,1764,0,31.078732789733994,1.0474569579819217,17.703125,23.09375
MZZK2.mp4,1765,1,31.078732789733994,1.0424868750269525,21.203125,32.0
MZZK2.mp4,1766,2,31.078732789733994,1.045730417012237,0.0,6.3984375
MZZK2.mp4,1767,3,31.078732789733994,1.0409180419519544,21.203125,32.0
MZZK2.mp4,1768,4,31.078732789733994,1.0465344589902088,8.3984375,21.0
MZZK2.mp4,1769,5,31.078732789733994,1.0432145419763401,6.6015625,10.8984375
MZZK2.mp4,1770,6,31.078732789733994,1.0399878339958377,6.6015625,10.8984375
MZZK2.mp4,1771,7,31.078732789733994,1.0420252089970745,6.6015625,10.8984375
N6FZ7.mp4,1681,0,18.206946280495135,0.49796808301471174,0.0,6.3984375
N6FZ7.mp4,1682,1,18.206946280495135,0.49320787499891594,8.203125,12.796875
N6FZ7.mp4,1683,2,18.206946280495135,0.49541883397614583,7.6015625,13.703125
N6FZ7.mp4,1684,3,18.206946280495135,0.4977204999886453,7.6015625,13.703125
N6FZ7.mp4,1685,4,18.206946280495135,0.4964048329857178,0.0,6.3984375
N6FZ7.mp4,1686,5,18.206946280495135,0.4952997090294957,0.0,6.3984375
OB660.mp4,1700,0,14.466666666666667,0.22855520795565099,7.3984375,12.296875
OB660.mp4,1701,1,14.466666666666667,0.22824787499848753,0.0,5.6015625
OB660.mp4,1702,2,14.466666666666667,0.22672508301911876,7.3984375,12.296875
OB660.mp4,1703,3,14.466666666666667,0.23283133300719783,0.0,5.6015625
OB660.mp4,1704,4,14.466666666666667,0.22632637503556907,0.0,5.6015625
OHOFG.mp4,1664,0,35.1415,0.31396908301394433,22.296875,33.0
OHOFG.mp4,1665,1,35.1415,0.3149981669848785,1.0,7.5
OHOFG.mp4,1666,2,35.1415,0.3111694590188563,1.0,7.5
OHOFG.mp4,1667,3,35.1415,0.3115559169673361,22.296875,33.0
OHOFG.mp4,1668,4,35.1415,0.317118916020263,22.296875,33.0
OHOFG.mp4,1669,5,35.1415,0.31326266698306426,22.296875,33.0
OJYDD.mp4,1728,0,36.08605,0.7064079999690875,21.09375,33.1875
OJYDD.mp4,1729,1,36.08605,0.7234774170210585,21.09375,33.1875
PAW5E.mp4,1735,0,17.4,0.22674604202620685,0.0,8.203125
PAW5E.mp4,1736,1,17.4,0.22528974997112527,10.5,15.1015625
PAW5E.mp4,1737,2,17.4,0.22994945797836408,10.5,15.1015625
PAW5E.mp4,1738,3,17.4,0.22555287496652454,0.0,8.203125
PBEUF.mp4,1747,0,32.36566666666667,1.2346857500378974,0.7998046875,7.69921875
PBEUF.mp4,1748,1,32.36566666666667,1.2323713750229217,0.7998046875,7.69921875
PTAZ9.mp4,1796,0,30.136803023714755,0.9092024170095101,12.6015625,17.203125
PTAZ9.mp4,1797,1,30.136803023714755,0.9108925410546362,1.5,16.0
PTAZ9.mp4,1798,2,30.136803023714755,0.9096167089883238,13.3984375,19.5
PTAZ9.mp4,1799,3,30.136803023714755,0.9134457500185817,18.796875,24.203125
RJD1Z.mp4,1694,0,35.4,1.3953135829651728,0.0,11.203125
SM4AO.mp4,1749,0,32.99276287782035,0.4058978339890018,2.5,7.6015625
T63X2.mp4,1753,0,35.334184759472116,0.4051933329901658,22.203125,36.0
TRVEA.mp4,1708,0,32.05233033524121,0.21811579103814438,0.0,3.599609375
TRVEA.mp4,1709,1,32.05233033524121,0.21836312499362975,3.599609375,9.203125
TRVEA.mp4,1710,2,32.05233033524121,0.21405366604449227,3.599609375,9.203125
TRVEA.mp4,1711,3,32.05233033524121,0.21849541697883978,3.599609375,9.203125
TRVEA.mp4,1712,4,32.05233033524121,0.21636204200331122,0.0,3.599609375
U33ZS.mp4,1758,0,30.8,1.3848522499902174,0.5,9.1015625
U33ZS.mp4,1759,1,30.8,1.3849036669707857,0.0,4.0
VW4UD.mp4,1743,0,26.919841365220528,0.4218502910225652,9.296875,13.8984375
VW4UD.mp4,1744,1,26.919841365220528,0.42314170801546425,0.0,13.3984375
VW4UD.mp4,1745,2,26.919841365220528,0.42356462497264147,9.296875,13.8984375
VW4UD.mp4,1746,3,26.919841365220528,0.4266514159971848,0.0,13.3984375
W0YVE.mp4,1713,0,19.233333333333334,0.3463245830498636,4.3984375,10.0
W0YVE.mp4,1714,1,19.233333333333334,0.34035504201892763,7.5,14.1015625
W0YVE.mp4,1715,2,19.233333333333334,0.3361494579585269,4.3984375,10.0
WF89D.mp4,1695,0,30.32195833333333,1.8003526250249706,6.6015625,12.6015625
WF89D.mp4,1696,1,30.32195833333333,1.8114017500192858,1.0,7.19921875
WPU76.mp4,1655,0,40.507133333333336,1.9498831249657087,0.0,9.296875
WPU76.mp4,1656,1,40.507133333333336,1.961409666982945,2.099609375,9.296875
WRCO6.mp4,1651,0,16.266666666666666,0.310293874994386,0.0,4.3984375
0E6H9.mp4,1862,0,30.597233333333335,1.3078835420310497,22.59375,29.5
0LHWF.mp4,1897,0,30.163466666666668,0.06669537496054545,0.0,4.1015625
0LHWF.mp4,1898,1,30.163466666666668,0.0826998749980703,2.099609375,16.203125
0LHWF.mp4,1899,2,30.163466666666668,0.05079275002935901,2.69921875,15.0
0LHWF.mp4,1900,3,30.163466666666668,0.06766866601537913,2.69921875,15.0
1QP1S.mp4,1817,0,33.674157303370784,1.2760294590261765,8.296875,14.8984375
1QP1S.mp4,1818,1,33.674157303370784,1.2531572500010952,8.296875,14.8984375
1QP1S.mp4,1819,2,33.674157303370784,1.2761639159871265,21.90625,35.0
1QP1S.mp4,1820,3,33.674157303370784,1.2735091249924153,14.796875,21.203125
1QP1S.mp4,1821,4,33.674157303370784,1.2882455000071786,8.296875,14.8984375
1QP1S.mp4,1822,5,33.674157303370784,1.2816805409966037,8.296875,14.8984375
1QP1S.mp4,1823,6,33.674157303370784,1.2654200840042904,14.796875,21.203125
2OHTZ.mp4,1920,0,33.233200000000004,0.6420203329762444,6.6015625,15.5
2OHTZ.mp4,1921,1,33.233200000000004,0.6410723330336623,6.6015625,15.5
2OHTZ.mp4,1922,2,33.233200000000004,0.6397978749591857,0.0,5.30078125
2OHTZ.mp4,1923,3,33.233200000000004,0.6334333749837242,0.0,5.30078125
2OHTZ.mp4,1924,4,33.233200000000004,0.6351993749849498,0.0,5.30078125
3B97C.mp4,1861,0,20.5,0.5519395419978537,2.099609375,8.5
3IS9Y.mp4,1813,0,34.200833333333335,0.47021141700679436,21.296875,27.703125
3IS9Y.mp4,1814,1,34.200833333333335,0.4698429169948213,18.0,23.40625
3IS9Y.mp4,1815,2,34.200833333333335,0.4667242499999702,29.796875,35.0
4FX6G.mp4,1890,0,40.93333333333333,2.209916749969125,7.80078125,18.59375
4FX6G.mp4,1891,1,40.93333333333333,2.210681290947832,7.80078125,18.59375
4FX6G.mp4,1892,2,40.93333333333333,2.20590733300196,16.40625,27.203125
68OG0.mp4,1949,0,29.7,1.3811631669523194,18.703125,29.90625
7AB3X.mp4,1877,0,27.640908544646077,0.9696347080171108,17.09375,24.796875
7O6FK.mp4,1831,0,19.04,0.5948136250372045,3.099609375,10.296875
7O6FK.mp4,1832,1,19.04,0.5938588750432245,3.099609375,10.296875
7O6FK.mp4,1833,2,19.04,0.5970417089993134,9.296875,14.5
7O6FK.mp4,1834,3,19.04,0.5987319169798866,11.1015625,20.0
7O6FK.mp4,1835,4,19.04,0.5961466250009835,4.0,9.6015625
7O6FK.mp4,1836,5,19.04,0.595310959033668,9.296875,14.5
8W829.mp4,1911,0,34.56707419192765,1.6442654589773156,0.0,7.69921875
8W829.mp4,1912,1,34.56707419192765,1.6357453339733183,2.099609375,7.5
8W829.mp4,1913,2,34.56707419192765,1.637589999998454,17.40625,29.296875
8W829.mp4,1914,3,34.56707419192765,1.6440945829963312,2.099609375,7.5
B47TS.mp4,1888,0,21.87237110924168,0.7961612090002745,12.3984375,17.90625
BJ7YW.mp4,1883,0,13.636666001463448,0.027391290990635753,8.3984375,15.0
BJ7YW.mp4,1884,1,13.636666001463448,0.0324832089827396,9.3984375,15.0
CDULZ.mp4,1826,0,30.35976996121439,0.9121237919898704,20.59375,31.0
DHDCF.mp4,1932,0,27.2,0.44527016702340916,2.099609375,8.796875
DHDCF.mp4,1933,1,27.2,0.4356932090013288,2.099609375,8.796875
DHDCF.mp4,1934,2,27.2,0.4406873339903541,2.099609375,8.796875
DJVKE.mp4,1837,0,31.766666666666666,0.38749337499029934,14.1015625,26.5
DJVKE.mp4,1838,1,31.766666666666666,0.3751193750067614,14.1015625,26.5
DJVKE.mp4,1839,2,31.766666666666666,0.382238749996759,14.1015625,26.5
DMO76.mp4,1925,0,22.125,0.7980481670238078,11.6015625,20.40625
DMO76.mp4,1926,1,22.125,0.7939126249984838,11.6015625,20.40625
DMO76.mp4,1927,2,22.125,0.7839372500311583,17.90625,22.796875
DMO76.mp4,1928,3,22.125,0.7853135000332259,11.6015625,20.40625
DSI0N.mp4,1852,0,33.466766666666665,0.6426382079953328,3.400390625,10.703125
DSI0N.mp4,1853,1,33.466766666666665,0.6398209169856273,7.19921875,11.8984375
DSI0N.mp4,1854,2,33.466766666666665,0.6383708750363439,7.19921875,11.8984375
EIT66.mp4,1894,0,12.209688122096882,0.01995399995939806,7.5,13.0
EIT66.mp4,1895,1,12.209688122096882,0.019155999994836748,7.5,13.0
EIT66.mp4,1896,2,12.209688122096882,0.021927541005425155,2.80078125,8.703125
EURF2.mp4,1908,0,33.82102756039469,1.4481002080137841,22.5,29.40625
EURF2.mp4,1909,1,33.82102756039469,1.463321084040217,22.5,29.40625
EURF2.mp4,1910,2,33.82102756039469,1.4643359999754466,22.5,29.40625
F024X.mp4,1880,0,31.87317759828401,0.19104787503601983,8.5,14.0
F024X.mp4,1881,1,31.87317759828401,0.175554916029796,0.0,8.8984375
F024X.mp4,1882,2,31.87317759828401,0.17505441699177027,9.0,14.0
F9VSQ.mp4,1840,0,35.18581657006478,1.3634593750466593,7.0,15.703125
F9VSQ.mp4,1841,1,35.18581657006478,1.373649374989327,0.0,7.30078125
F9VSQ.mp4,1842,2,35.18581657006478,1.5036724170204252,7.0,15.703125
FJYWX.mp4,1885,0,37.86666666666667,0.5469105420052074,24.296875,33.59375
FJYWX.mp4,1886,1,37.86666666666667,0.5505729580181651,22.796875,35.09375
FJYWX.mp4,1887,2,37.86666666666667,0.5617334999842569,20.5,26.59375
FQS5V.mp4,1929,0,25.79830416741836,0.4154706250410527,14.703125,21.09375
FQS5V.mp4,1930,1,25.79830416741836,0.41400799999246374,15.0,22.0
HIKIC.mp4,1863,0,30.697333333333333,2.0593747090315446,17.5,23.5
HIKIC.mp4,1864,1,30.697333333333333,2.080048500036355,0.89990234375,7.69921875
HIKIC.mp4,1865,2,30.697333333333333,2.0519695000257343,11.796875,22.40625
JIUH7.mp4,1847,0,27.9,1.2702168330433778,15.203125,21.796875
JIUH7.mp4,1848,1,27.9,1.2715854159905575,0.0,10.0
JIUH7.mp4,1849,2,27.9,1.2652597919804975,0.0,10.0
JIUH7.mp4,1850,3,27.9,1.2646541249705479,15.203125,21.796875
JIUH7.mp4,1851,4,27.9,1.2645868340041488,0.0,10.0
JMPKP.mp4,1800,0,35.635600000000004,0.7725884579704143,6.8984375,14.5
JMPKP.mp4,1801,1,35.635600000000004,0.7743472920265049,5.1015625,9.796875
JMPKP.mp4,1802,2,35.635600000000004,0.7766374999773689,5.1015625,9.796875
JS3TB.mp4,1803,0,24.2,1.1813584589981474,0.0,3.599609375
JS3TB.mp4,1804,1,24.2,1.1905929999775253,0.0,5.1015625
JS3TB.mp4,1805,2,24.2,1.1742027910077013,0.0,5.1015625
LGPWK.mp4,1893,0,32.33708966193043,0.1288987910374999,22.40625,28.0
LRJKT.mp4,1889,0,33.3333,0.5442703749868087,0.7001953125,12.796875
MKMFK.mp4,1843,0,22.766666666666666,0.7177104580332525,0.39990234375,6.0
MKMFK.mp4,1844,1,22.766666666666666,0.7038039580220357,0.39990234375,6.0
NUKJ0.mp4,1816,0,30.59893656154901,1.0004866250092164,22.796875,30.296875
O3HV7.mp4,1827,0,34.63333333333333,0.18060741596855223,20.203125,27.296875
O3HV7.mp4,1828,1,34.63333333333333,0.19852154195541516,4.80078125,14.0
O3HV7.mp4,1829,2,34.63333333333333,0.18300325004383922,16.0,24.40625
O3HV7.mp4,1830,3,34.63333333333333,0.1815587090095505,20.203125,27.296875
OOKN5.mp4,1878,0,36.8,1.8662089160061441,16.59375,27.796875
OOKN5.mp4,1879,1,36.8,1.86806470900774,22.796875,38.0
OTUV7.mp4,1915,0,16.907408640085205,0.03465424996102229,0.0,6.30078125
OTUV7.mp4,1916,1,16.907408640085205,0.0339171250234358,0.0,6.30078125
OTUV7.mp4,1917,2,16.907408640085205,0.036237458989489824,0.0,6.30078125
OTUV7.mp4,1918,3,16.907408640085205,0.0341539999935776,0.0,6.30078125
OTUV7.mp4,1919,4,16.907408640085205,0.03342749999137595,9.3984375,14.3984375
OVFR0.mp4,1824,0,21.824440619621342,0.6794622499728575,11.296875,17.296875
OVFR0.mp4,1825,1,21.824440619621342,0.6828957910183817,0.0,8.5
OY3LS.mp4,1941,0,45.0,1.2481242089997977,28.59375,37.59375
OY3LS.mp4,1942,1,45.0,1.2472867079777643,34.90625,41.40625
OY3LS.mp4,1943,2,45.0,1.2616119160084054,7.19921875,23.59375
OY3LS.mp4,1944,3,45.0,1.2478906660107896,34.90625,41.40625
OY3LS.mp4,1945,4,45.0,1.2466182920034043,22.296875,33.09375
OY3LS.mp4,1946,5,45.0,1.2586719579994678,34.0,46.0
OY3LS.mp4,1947,6,45.0,1.246934249997139,7.19921875,23.59375
OY3LS.mp4,1948,7,45.0,1.2545343749807216,2.5,10.1015625
PT4XS.mp4,1866,0,31.266666666666666,0.9369148749974556,16.09375,20.296875
PT4XS.mp4,1867,1,31.266666666666666,0.9349653329700232,21.59375,32.0
PT4XS.mp4,1868,2,31.266666666666666,0.9363702079863288,16.09375,20.296875
PT4XS.mp4,1869,3,31.266666666666666,0.9360795419779606,16.09375,20.296875
PT4XS.mp4,1870,4,31.266666666666666,0.937379666022025,21.59375,32.0
QACLT.mp4,1810,0,26.2,0.27789712499361485,3.5,8.796875
QACLT.mp4,1811,1,26.2,0.27810500003397465,8.8984375,18.09375
QACLT.mp4,1812,2,26.2,0.2758377499994822,3.5,8.796875
QRSRE.mp4,1806,0,33.025365362002354,0.368905708019156,0.0,6.30078125
QRSRE.mp4,1807,1,33.025365362002354,0.37666937499307096,2.099609375,12.203125
QRSRE.mp4,1808,2,33.025365362002354,0.3730710000381805,2.099609375,12.203125
QRSRE.mp4,1809,3,33.025365362002354,0.3740354999899864,3.900390625,8.3984375
RJNAB.mp4,1901,0,32.733333333333334,1.5508691670256667,0.0999755859375,5.6015625
RJNAB.mp4,1902,1,32.733333333333334,1.5478717079968192,7.19921875,12.1015625
RJNAB.mp4,1903,2,32.733333333333334,1.5485619169776328,7.19921875,12.1015625
RJNAB.mp4,1904,3,32.733333333333334,1.557125291961711,0.0999755859375,5.6015625
TS2DM.mp4,1935,0,31.898533333333333,0.05134637502487749,0.0,13.796875
TS2DM.mp4,1936,1,31.898533333333333,0.05040733300847933,0.0,15.703125
TS2DM.mp4,1937,2,31.898533333333333,0.05443079199176282,0.0,15.703125
TS2DM.mp4,1938,3,31.898533333333333,0.052525749953929335,3.099609375,10.0
TS2DM.mp4,1939,4,31.898533333333333,0.05183324997778982,0.0,13.796875
TS2DM.mp4,1940,5,31.898533333333333,0.0530335420044139,0.0,13.796875
VWFJA.mp4,1871,0,25.838103025347504,0.029661084001418203,1.2001953125,7.19921875
XRG9K.mp4,1872,0,19.080548085542322,0.028500207990873605,0.199951171875,6.3984375
XRG9K.mp4,1873,1,19.080548085542322,0.027449207962490618,5.5,11.5
XRG9K.mp4,1874,2,19.080548085542322,0.02817170904017985,1.7001953125,9.3984375
XRG9K.mp4,1875,3,19.080548085542322,0.02795424999203533,1.7001953125,9.3984375
XRG9K.mp4,1876,4,19.080548085542322,0.027271166967693716,1.7001953125,9.3984375
Y80PJ.mp4,1931,0,30.509270124383946,0.2821407919982448,0.0,5.69921875
YT2C3.mp4,1855,0,30.4559043348281,1.1753289999905974,0.7001953125,10.203125
YT2C3.mp4,1856,1,30.4559043348281,1.1749591659754515,6.5,12.5
YT2C3.mp4,1857,2,30.4559043348281,1.1842237919918261,14.6015625,21.296875
YT2C3.mp4,1858,3,30.4559043348281,1.174481833993923,6.69921875,17.40625
YT2C3.mp4,1859,4,30.4559043348281,1.1727357920026407,0.7001953125,10.203125
YT2C3.mp4,1860,5,30.4559043348281,1.1826205829856917,0.7001953125,10.203125
ZL3QP.mp4,1905,0,30.597233333333335,1.4601675000158139,2.099609375,9.296875
ZL3QP.mp4,1906,1,30.597233333333335,1.4622867499710992,0.0,6.0
ZL3QP.mp4,1907,2,30.597233333333335,1.4588245829800144,2.099609375,9.296875
ZTWJB.mp4,1845,0,31.498133333333335,0.6384171670069918,0.0,5.30078125
ZTWJB.mp4,1846,1,31.498133333333335,0.641720165964216,0.0,5.30078125
0KTWY.mp4,2024,0,23.1231,0.9896067089866847,0.0,10.296875
15RTV.mp4,2076,0,33.890311278803395,0.9588017500354908,12.1015625,20.09375
15RTV.mp4,2077,1,33.890311278803395,0.9593258330132812,3.099609375,13.203125
1L5D3.mp4,2041,0,30.816892222403393,0.13528454100014642,18.5,32.0
1L5D3.mp4,2042,1,30.816892222403393,0.12038941599894315,2.900390625,10.0
1L5D3.mp4,2043,2,30.816892222403393,0.12022366601740941,2.5,16.796875
1L5D3.mp4,2044,3,30.816892222403393,0.11963512504007667,2.900390625,10.0
1XOQ8.mp4,2062,0,29.82573726541555,0.6101589580066502,1.099609375,6.19921875
21O5C.mp4,2067,0,30.49802265567397,0.0459136669524014,3.0,9.0
21O5C.mp4,2068,1,30.49802265567397,0.06134354101959616,3.0,9.0
30K2N.mp4,2015,0,22.72189349112426,0.12952524999855086,5.19921875,10.6015625
30K2N.mp4,2016,1,22.72189349112426,0.13080679200356826,1.7001953125,6.69921875
3LMTS.mp4,2078,0,30.313169164882225,0.7233936249976978,16.203125,31.0
3LMTS.mp4,2079,1,30.313169164882225,0.7447767090052366,16.296875,31.0
41T8C.mp4,2093,0,21.266666666666666,0.6025353329605423,5.1015625,11.703125
41T8C.mp4,2094,1,21.266666666666666,0.6051038329605944,12.296875,20.5
4H61U.mp4,1960,0,30.433333333333334,0.17954608297441155,19.0,31.0
4K0BP.mp4,2017,0,30.76406666666667,0.04812562500592321,8.6015625,17.703125
4K0BP.mp4,2018,1,30.76406666666667,0.04958408302627504,8.6015625,17.703125
68OG0.mp4,1950,0,29.7,1.3719330839812756,9.296875,16.59375
7835X.mp4,2081,0,30.766666666666666,1.454418874986004,0.0,5.69921875
7835X.mp4,2082,1,30.766666666666666,1.4720438339863904,0.0,5.69921875
7835X.mp4,2083,2,30.766666666666666,1.4497467079781927,0.0,5.69921875
8H570.mp4,2003,0,30.8,1.5508781669777818,6.80078125,21.296875
8H570.mp4,2004,1,30.8,1.542597499967087,0.0,7.1015625
8TSU4.mp4,2080,0,12.633333333333333,0.13134974997956306,0.0,5.5
9BQ7M.mp4,2010,0,32.955542063010185,0.288891332980711,9.703125,16.203125
AB2V6.mp4,2027,0,30.263566666666666,0.8175097909988835,20.0,25.203125
AB2V6.mp4,2028,1,30.263566666666666,0.8060823329724371,11.8984375,17.296875
AB2V6.mp4,2029,2,30.263566666666666,0.8119454169645905,6.80078125,13.5
AB2V6.mp4,2030,3,30.263566666666666,0.8175764580373652,20.0,25.203125
ATV2F.mp4,1972,0,30.6,1.1743363750283606,12.703125,20.703125
ATV2F.mp4,1973,1,30.6,1.1856866250163876,12.703125,20.703125
ATV2F.mp4,1974,2,30.6,1.1909911659895442,0.0,10.1015625
ATV2F.mp4,1975,3,30.6,1.168300041987095,12.703125,20.703125
B4TWR.mp4,1976,0,30.9,1.3698642079834826,9.6015625,16.296875
B4TWR.mp4,1977,1,30.9,1.3703484589932486,9.796875,16.09375
BDJ84.mp4,1961,0,30.6,0.7164636250236072,19.296875,26.40625
C10FA.mp4,2084,0,36.80343333333333,1.0057098750257865,16.40625,32.1875
C10FA.mp4,2085,1,36.80343333333333,1.012875417014584,16.40625,32.1875
C10FA.mp4,2086,2,36.80343333333333,0.9975222080247477,9.0,21.90625
C10FA.mp4,2087,3,36.80343333333333,1.0036581250024028,16.40625,32.1875
CLB72.mp4,1962,0,36.20283333333333,1.3621580000035465,15.6015625,23.703125
CLB72.mp4,1963,1,36.20283333333333,1.3613165830029175,15.6015625,23.703125
CLB72.mp4,1964,2,36.20283333333333,1.362869749951642,15.6015625,23.703125
CLB72.mp4,1965,3,36.20283333333333,1.3562451670295559,0.0,3.599609375
CLB72.mp4,1966,4,36.20283333333333,1.3621068749926053,0.0,3.599609375
CQ435.mp4,1978,0,25.318523358379615,0.02900712500559166,1.2998046875,12.796875
CQ435.mp4,1979,1,25.318523358379615,0.029021082969848067,0.0,5.19921875
DGPAW.mp4,1951,0,16.584545126787646,0.40025087498361245,10.5,16.59375
DGPAW.mp4,1952,1,16.584545126787646,0.40218304202426225,5.1015625,13.0
FQ8FN.mp4,2011,0,31.266666666666666,1.4500375830102712,14.8984375,25.09375
FQ8FN.mp4,2012,1,31.266666666666666,1.4629365419968963,6.6015625,17.0
FQ8FN.mp4,2013,2,31.266666666666666,1.4404153329669498,14.8984375,25.09375
FQ8FN.mp4,2014,3,31.266666666666666,1.4393958749715239,14.8984375,25.09375
GAOV2.mp4,1953,0,23.915394784280736,0.5963035000022501,2.30078125,9.203125
GAOV2.mp4,1954,1,23.915394784280736,0.6071079579996876,12.0,21.5
GLSU2.mp4,2096,0,31.104563565138783,0.3718909580493346,14.203125,19.703125
GLSU2.mp4,2097,1,31.104563565138783,0.3536609579459764,11.203125,24.09375
GMPHO.mp4,2063,0,39.99347045380346,0.4004367499728687,1.0,9.0
GMPHO.mp4,2064,1,39.99347045380346,0.4012691249954514,1.0,9.0
GMPHO.mp4,2065,2,39.99347045380346,0.4015915829804726,34.40625,41.0
GMPHO.mp4,2066,3,39.99347045380346,0.400475499976892,1.0,9.796875
IMLN5.mp4,1959,0,29.6296,0.07957683299900964,5.6015625,15.5
J3RD3.mp4,2059,0,30.933333333333334,1.365914875001181,5.30078125,10.796875
J3RD3.mp4,2060,1,30.933333333333334,1.3608619999722578,1.099609375,8.0
J3RD3.mp4,2061,2,30.933333333333334,1.3720821249880828,1.099609375,8.0
JFBTV.mp4,2069,0,30.259462351210377,1.002572666038759,0.0,5.80078125
JFBTV.mp4,2070,1,30.259462351210377,0.9966153749846853,0.0,3.19921875
JFBTV.mp4,2071,2,30.259462351210377,1.0054214170086198,16.796875,22.59375
JFBTV.mp4,2072,3,30.259462351210377,0.9991401250008494,0.0,5.80078125
JFBTV.mp4,2073,4,30.259462351210377,0.9918372079846449,0.0,5.80078125
JFBTV.mp4,2074,5,30.259462351210377,1.0010990420123562,21.5,30.296875
JFBTV.mp4,2075,6,30.259462351210377,0.9983161250129342,16.796875,22.59375
KNGRY.mp4,2021,0,30.296933333333335,0.8758139160345308,13.296875,18.09375
KNGRY.mp4,2022,1,30.296933333333335,0.8614613329991698,0.0,3.400390625
KNGRY.mp4,2023,2,30.296933333333335,0.8630596249713562,13.296875,18.09375
M014B.mp4,1982,0,30.288384082487514,0.12316716701025143,28.296875,31.0
M014B.mp4,1983,1,30.288384082487514,0.12278370896819979,5.69921875,15.0
M014B.mp4,1984,2,30.288384082487514,0.12175483402097598,14.5,24.40625
M014B.mp4,1985,3,30.288384082487514,0.12443700002040714,28.296875,31.0
MXATD.mp4,2098,0,17.766666666666666,0.3282325419713743,5.30078125,10.796875
MXATD.mp4,2099,1,17.766666666666666,0.32828279095701873,0.60009765625,9.0
NL9AW.mp4,2008,0,33.313244944422124,0.3736147499876097,6.5,13.203125
NL9AW.mp4,2009,1,33.313244944422124,0.37019291694741696,0.0,6.19921875
OB9D0.mp4,2006,0,32.375,0.9934927499853075,23.40625,33.0
OB9D0.mp4,2007,1,32.375,0.9823304589954205,23.40625,33.0
OT35M.mp4,2033,0,13.839909508283984,0.029838957998435944,4.3984375,9.796875
OT35M.mp4,2034,1,13.839909508283984,0.02832145895808935,4.3984375,9.796875
OT35M.mp4,2035,2,13.839909508283984,0.028579042002093047,4.3984375,9.796875
OT35M.mp4,2036,3,13.839909508283984,0.028204958012793213,9.6015625,15.0
OT35M.mp4,2037,4,13.839909508283984,0.027812041982542723,9.6015625,15.0
OT35M.mp4,2038,5,13.839909508283984,0.030878250021487474,9.6015625,15.0
OT35M.mp4,2039,6,13.839909508283984,0.028344792022835463,4.3984375,9.796875
OT35M.mp4,2040,7,13.839909508283984,0.029042374982964247,4.3984375,9.796875
PGPSJ.mp4,2045,0,29.74402115130393,1.2460636670002714,21.296875,27.40625
PGPSJ.mp4,2046,1,29.74402115130393,1.2530095420079306,19.09375,25.296875
PXY5Q.mp4,2088,0,32.266666666666666,1.650222958996892,23.0,33.0
PXY5Q.mp4,2089,1,32.266666666666666,1.6406880830181763,6.3984375,13.296875
PXY5Q.mp4,2090,2,32.266666666666666,1.6497041250113398,19.0,24.59375
PXY5Q.mp4,2091,3,32.266666666666666,1.6534596250276081,4.0,10.203125
PXY5Q.mp4,2092,4,32.266666666666666,1.6501644169911742,23.0,33.0
Q5MDU.mp4,1955,0,9.350120348083689,0.021825833013281226,0.0,3.599609375
Q5MDU.mp4,1956,1,9.350120348083689,0.021725416998378932,0.0,3.599609375
Q5MDU.mp4,1957,2,9.350120348083689,0.021645166038069874,0.0,3.599609375
Q5MDU.mp4,1958,3,9.350120348083689,0.021814915991853923,0.0,3.599609375
QMHK8.mp4,1989,0,58.83919062832801,0.9685525420354679,0.0,16.703125
QMHK8.mp4,1990,1,58.83919062832801,0.9627176659996621,0.89990234375,14.1015625
QMHK8.mp4,1991,2,58.83919062832801,0.9602988749975339,17.09375,26.09375
QMHK8.mp4,1992,3,58.83919062832801,0.9640981670236215,9.5,17.296875
QMHK8.mp4,1993,4,58.83919062832801,0.9641787500004284,0.89990234375,14.1015625
QMHK8.mp4,1994,5,58.83919062832801,0.9636630000313744,39.5,46.40625
QMHK8.mp4,1995,6,58.83919062832801,0.9648610830190592,42.09375,54.6875
QMHK8.mp4,1996,7,58.83919062832801,0.9676914589945227,17.09375,26.09375
QMHK8.mp4,1997,8,58.83919062832801,0.9677072500344366,39.5,46.40625
QMHK8.mp4,1998,9,58.83919062832801,0.9715490830130875,20.09375,44.40625
QMHK8.mp4,1999,10,58.83919062832801,0.9692137910169549,42.09375,54.6875
QMHK8.mp4,2000,11,58.83919062832801,0.9703671669703908,42.09375,54.6875
R1KMF.mp4,2055,0,28.2,1.2706100000068545,11.1015625,23.296875
R1KMF.mp4,2056,1,28.2,1.2716495000058785,20.90625,25.09375
R1KMF.mp4,2057,2,28.2,1.279689666989725,10.296875,18.5
R1KMF.mp4,2058,3,28.2,1.2601388749899343,20.90625,25.09375
RAGOI.mp4,2019,0,10.980966325036603,0.02680358401266858,7.3984375,12.0
RAGOI.mp4,2020,1,10.980966325036603,0.0243610410252586,2.69921875,7.19921875
RRQEV.mp4,2095,0,18.466666666666665,0.0329676250112243,4.69921875,11.296875
RSFGZ.mp4,2001,0,17.296647522372112,0.05542083299951628,1.599609375,10.203125
RSFGZ.mp4,2002,1,17.296647522372112,0.05919195798924193,1.599609375,10.203125
S4P5J.mp4,2025,0,41.50813333333333,1.763626917032525,5.8984375,24.796875
S4P5J.mp4,2026,1,41.50813333333333,1.8167805410339497,33.6875,38.5
SB8G0.mp4,1967,0,31.266666666666666,0.46362975001102313,0.0,4.0
SB8G0.mp4,1968,1,31.266666666666666,0.47101300000213087,0.0,6.5
SB8G0.mp4,1969,2,31.266666666666666,0.4707319170120172,25.40625,29.5
SB8G0.mp4,1970,3,31.266666666666666,0.4792570839636028,0.0,6.5
SB8G0.mp4,1971,4,31.266666666666666,0.4714144999743439,0.0,4.0
TKJCI.mp4,1980,0,30.267558528428093,0.6559695000178181,16.296875,31.0
TKJCI.mp4,1981,1,30.267558528428093,0.6446058750152588,16.296875,31.0
UR55B.mp4,2005,0,33.82193920461372,1.1651783749694005,18.796875,33.8125
UR5TU.mp4,2047,0,32.61157087253901,0.7359803339932114,0.39990234375,7.3984375
UR5TU.mp4,2048,1,32.61157087253901,0.7324427079875022,20.203125,27.09375
UR5TU.mp4,2049,2,32.61157087253901,0.7440545830177143,0.39990234375,7.3984375
UR5TU.mp4,2050,3,32.61157087253901,0.7258050839882344,20.203125,27.09375
UR5TU.mp4,2051,4,32.61157087253901,0.7353062919573858,0.7998046875,7.69921875
UR5TU.mp4,2052,5,32.61157087253901,0.7624197079567239,20.203125,27.09375
UR5TU.mp4,2053,6,32.61157087253901,0.742307291016914,0.7998046875,7.69921875
UR5TU.mp4,2054,7,32.61157087253901,0.7485017500002868,0.39990234375,7.3984375
W3NN2.mp4,1986,0,29.7,1.2442363330046646,26.703125,31.0
W3NN2.mp4,1987,1,29.7,1.2038478340255097,26.703125,31.0
W3NN2.mp4,1988,2,29.7,1.2404046249575913,26.703125,31.0
YGL6R.mp4,2031,0,32.49438202247191,1.0775727500440553,21.09375,28.796875
YGL6R.mp4,2032,1,32.49438202247191,1.0583349170046858,4.80078125,14.796875
00607.mp4,2208,0,32.84012991699747,1.6269671659683809,25.90625,31.703125
0HV07.mp4,2184,0,29.633267845448593,0.1362062500556931,18.796875,28.5
1LBUG.mp4,2209,0,31.47324437255695,0.18750612495932728,1.0,6.69921875
29V7T.mp4,2106,0,32.96666666666667,0.4629303330439143,4.3984375,9.3984375
29V7T.mp4,2107,1,32.96666666666667,0.4530289589893073,4.3984375,9.3984375
29V7T.mp4,2108,2,32.96666666666667,0.47260937496321276,0.0,9.703125
3KDI5.mp4,2115,0,34.6346,0.19817599997622892,21.90625,36.0
3KDI5.mp4,2116,1,34.6346,0.1842990830191411,21.90625,36.0
3QL7J.mp4,2133,0,33.44066545918025,0.8237679169978946,20.90625,27.796875
3QL7J.mp4,2134,1,33.44066545918025,0.8357546249753796,20.90625,27.796875
3QL7J.mp4,2135,2,33.44066545918025,0.8231640420272015,0.0,15.6015625
3QL7J.mp4,2136,3,33.44066545918025,0.8236610409803689,0.0,15.6015625
3QL7J.mp4,2137,4,33.44066545918025,0.8116483749472536,25.796875,31.59375
3QL7J.mp4,2138,5,33.44066545918025,0.839102833007928,25.796875,31.59375
3QL7J.mp4,2139,6,33.44066545918025,0.8144477910245769,19.09375,25.796875
3VT73.mp4,2103,0,33.033,0.17375741701107472,10.3984375,15.8984375
3VT73.mp4,2104,1,33.033,0.177990541968029,8.3984375,13.1015625
3VT73.mp4,2105,2,33.033,0.19974091701442376,2.30078125,11.6015625
448J4.mp4,2120,0,31.066666666666666,1.2971770839649253,13.796875,21.90625
448J4.mp4,2121,1,31.066666666666666,1.2897992499638349,1.2998046875,7.30078125
4GHHK.mp4,2165,0,33.376852651580585,0.8303969589760527,0.199951171875,5.19921875
4PEL7.mp4,2150,0,23.98369910144637,1.0972473750007339,18.59375,23.703125
4PEL7.mp4,2151,1,23.98369910144637,1.1062366249971092,7.69921875,13.6015625
4PEL7.mp4,2152,2,23.98369910144637,1.0858720840187743,6.6015625,11.6015625
4PEL7.mp4,2153,3,23.98369910144637,1.0781876670080237,18.59375,23.703125
4PEL7.mp4,2154,4,23.98369910144637,1.0879254160099663,6.6015625,11.6015625
5TKIB.mp4,2185,0,28.41490578532298,1.1522296250332147,18.203125,23.703125
9LTZT.mp4,2140,0,30.32195833333333,2.2675483339698985,13.6015625,22.90625
A59CN.mp4,2147,0,24.3,1.1589477910310961,18.59375,25.0
A59CN.mp4,2148,1,24.3,1.1536332500400022,18.59375,25.0
A59CN.mp4,2149,2,24.3,1.1473460840061307,18.59375,25.0
AFIRW.mp4,2237,0,31.9319,0.9022693749866448,16.40625,23.59375
AFIRW.mp4,2238,1,31.9319,0.8966354590374976,16.40625,23.59375
AFIRW.mp4,2239,2,31.9319,0.9079112079925835,20.203125,33.0
AFIRW.mp4,2240,3,31.9319,0.8943264170084149,0.0,6.6015625
AFIRW.mp4,2241,4,31.9319,0.9009370830026455,0.0,6.6015625
AFIRW.mp4,2242,5,31.9319,0.9004434159724042,20.203125,33.0
AFIRW.mp4,2243,6,31.9319,0.9005488330149092,0.0,6.6015625
BFH78.mp4,2122,0,30.866666666666667,0.5599750829860568,21.0,32.0
BFH78.mp4,2123,1,30.866666666666667,0.5611254590330645,21.0,32.0
BFH78.mp4,2124,2,30.866666666666667,0.5595368329668418,23.796875,30.703125
BLWIW.mp4,2109,0,17.6,0.24472337495535612,13.0,19.0
BW2OT.mp4,2129,0,30.912988143881037,0.3647239999845624,0.0,13.8984375
BW2OT.mp4,2130,1,30.912988143881037,0.3627317500067875,0.0,13.8984375
CLAWJ.mp4,2131,0,32.46666666666667,1.3590525000472553,23.703125,33.0
CLAWJ.mp4,2132,1,32.46666666666667,1.3630552910035476,23.703125,33.0
E0OJ8.mp4,2112,0,33.9,0.19031383300898597,0.0,11.796875
E9UYZ.mp4,2113,0,31.858229205051757,0.6399690830148757,7.19921875,13.796875
EFUTW.mp4,2230,0,17.12534551135681,0.4871632499853149,0.5,7.69921875
EFUTW.mp4,2231,1,17.12534551135681,0.4873589159687981,0.5,7.69921875
G71O7.mp4,2114,0,47.43387579836178,1.4911611250136048,43.8125,48.0
GFPDD.mp4,2146,0,30.466666666666665,1.3688038749969564,0.0,10.1015625
GYVK9.mp4,2235,0,28.862166666666667,0.5314093329943717,17.59375,22.5
GYVK9.mp4,2236,1,28.862166666666667,0.5465401659603231,17.59375,22.5
HJ4B1.mp4,2194,0,28.966666666666665,0.17302862502401695,14.796875,23.90625
HJ4B1.mp4,2195,1,28.966666666666665,0.18154854100430384,2.099609375,10.703125
ICQZX.mp4,2117,0,30.50393437133769,0.8121233339770697,0.0,5.80078125
ICQZX.mp4,2118,1,30.50393437133769,0.8164539170102216,12.5,18.0
ICQZX.mp4,2119,2,30.50393437133769,0.8002284999820404,9.3984375,14.703125
IDXM0.mp4,2126,0,36.66996666666667,0.4669133329880424,0.0,7.1015625
J4QHT.mp4,2213,0,31.142996902005542,0.12432616698788479,8.6015625,14.5
J4QHT.mp4,2214,1,31.142996902005542,0.13219487498281524,0.0,3.19921875
J4QHT.mp4,2215,2,31.142996902005542,0.12411779200192541,1.400390625,6.80078125
JKWJ6.mp4,2216,0,31.2,1.0227836249978282,9.8984375,19.796875
JKWJ6.mp4,2217,1,31.2,1.0296923749847338,0.0,9.5
JKWJ6.mp4,2218,2,31.2,1.0266848750179633,13.796875,23.09375
JVOM3.mp4,2141,0,38.190001221349185,1.644285333051812,4.69921875,9.3984375
JVOM3.mp4,2142,1,38.190001221349185,1.630358708964195,4.69921875,9.3984375
JVOM3.mp4,2143,2,38.190001221349185,1.6289418329834007,11.3984375,18.0
JVOM3.mp4,2144,3,38.190001221349185,1.641890875005629,16.90625,32.0
JVOM3.mp4,2145,4,38.190001221349185,1.630290957982652,4.69921875,9.3984375
LIQS5.mp4,2166,0,32.03333333333333,1.5558120000059716,17.203125,33.0
LIQS5.mp4,2167,1,32.03333333333333,1.5590967910247855,30.0,33.0
LSH63.mp4,2110,0,21.071050000000003,0.4931330839754082,10.0,16.90625
M98YV.mp4,2244,0,30.049999999999997,1.1591925829998218,28.09375,31.0
MCMTH.mp4,2111,0,33.833333333333336,1.2821917910478078,21.0,35.0
MIAE4.mp4,2211,0,29.3293,0.9005683329887688,11.3984375,24.5
MIAE4.mp4,2212,1,29.3293,0.9023934999713674,3.900390625,8.8984375
MTOFZ.mp4,2245,0,29.276192849134173,0.7029163340339437,19.40625,30.0
MTOFZ.mp4,2246,1,29.276192849134173,0.6953322500339709,19.40625,30.0
MXATD.mp4,2100,0,17.766666666666666,0.3260625419788994,0.199951171875,6.0
MXATD.mp4,2101,1,17.766666666666666,0.32428862497908995,0.199951171875,6.0
MXATD.mp4,2102,2,17.766666666666666,0.3254206670098938,0.199951171875,6.0
MZ3X9.mp4,2155,0,31.473771856786012,0.7997373340185732,15.796875,29.09375
MZ3X9.mp4,2156,1,31.473771856786012,0.7960686659789644,2.599609375,10.0
MZ3X9.mp4,2157,2,31.473771856786012,0.8040984999970533,8.703125,17.90625
MZ3X9.mp4,2158,3,31.473771856786012,0.791266500018537,8.703125,17.90625
MZ3X9.mp4,2159,4,31.473771856786012,0.7910649999976158,17.703125,27.703125
MZ3X9.mp4,2160,5,31.473771856786012,0.7904004579759203,2.599609375,10.0
N8913.mp4,2224,0,31.96868373837873,0.2123368339962326,27.296875,33.0
NB0IB.mp4,2127,0,38.4819424607223,0.8324442500015721,0.0,5.5
NB0IB.mp4,2128,1,38.4819424607223,0.8263830830110237,0.0,5.5
O87OF.mp4,2174,0,31.95614386950127,0.6797919169766828,0.0,10.5
O87OF.mp4,2175,1,31.95614386950127,0.6878174590528943,0.0,10.5
RJZ3I.mp4,2228,0,25.733333333333334,1.161752542015165,20.40625,27.0
RJZ3I.mp4,2229,1,25.733333333333334,1.158246250008233,20.40625,27.0
RKJ0C.mp4,2248,0,30.94983991462113,0.21896287496201694,0.0,14.3984375
RKJ0C.mp4,2249,1,30.94983991462113,0.21800941601395607,8.3984375,14.3984375
TESF6.mp4,2201,0,30.433333333333334,1.107369999983348,17.59375,22.90625
TESF6.mp4,2202,1,30.433333333333334,1.1177064590156078,2.900390625,10.1015625
TESF6.mp4,2203,2,30.433333333333334,1.1065175409894437,3.19921875,10.796875
TESF6.mp4,2204,3,30.433333333333334,1.1147174159996212,21.296875,31.0
TESF6.mp4,2205,4,30.433333333333334,1.1066695409826934,7.1015625,13.0
TESF6.mp4,2206,5,30.433333333333334,1.108849999960512,2.900390625,10.1015625
TESF6.mp4,2207,6,30.433333333333334,1.1202651250059716,3.19921875,10.796875
USNON.mp4,2176,0,30.766666666666666,1.5683326659491286,21.5,30.296875
USNON.mp4,2177,1,30.766666666666666,1.5493229170097038,0.0,4.0
USNON.mp4,2178,2,30.766666666666666,1.5955783749814145,21.5,30.296875
USNON.mp4,2179,3,30.766666666666666,1.5650006670039147,21.5,30.296875
UUF84.mp4,2161,0,31.933333333333334,1.5726425840402953,12.203125,22.796875
UUF84.mp4,2162,1,31.933333333333334,1.5638625409919769,24.5,33.0
UUF84.mp4,2163,2,31.933333333333334,1.565736457996536,24.5,32.5
UUF84.mp4,2164,3,31.933333333333334,1.5721224999870174,12.3984375,20.203125
UUPJS.mp4,2197,0,30.683333333333334,1.3612367089954205,0.0,9.1015625
UUPJS.mp4,2198,1,30.683333333333334,1.3745823749923147,2.599609375,9.1015625
UUPJS.mp4,2199,2,30.683333333333334,1.3616851670085452,0.0,9.1015625
UUPJS.mp4,2200,3,30.683333333333334,1.3677386660128832,2.599609375,9.1015625
V6RRM.mp4,2219,0,15.068165510643388,0.3180493339896202,8.796875,16.0
W292V.mp4,2220,0,21.281603012372244,0.6134040000033565,12.203125,19.796875
W292V.mp4,2221,1,21.281603012372244,0.6124406669987366,6.6015625,14.1015625
W292V.mp4,2222,2,21.281603012372244,0.6095910000149161,12.203125,19.796875
W292V.mp4,2223,3,21.281603012372244,0.6127006249735132,0.0,10.6015625
W5YUE.mp4,2232,0,33.011930053930385,0.22014304104959592,7.8984375,16.203125
W5YUE.mp4,2233,1,33.011930053930385,0.2191410000086762,17.5,30.90625
W5YUE.mp4,2234,2,33.011930053930385,0.2176189580350183,7.8984375,16.203125
WD12X.mp4,2247,0,31.433333333333334,1.3922850840026513,2.400390625,7.30078125
X37P1.mp4,2125,0,30.866666666666667,1.130581124976743,14.1015625,20.703125
XOOPP.mp4,2210,0,17.308958333333333,0.9643159169936553,6.69921875,15.203125
XSVLL.mp4,2187,0,31.898533333333333,0.6859844169812277,0.0,10.796875
XSVLL.mp4,2188,1,31.898533333333333,0.6974401249899529,0.0,10.796875
XSVLL.mp4,2189,2,31.898533333333333,0.686311166966334,0.0,10.796875
XSVLL.mp4,2190,3,31.898533333333333,0.6858335419674404,27.0,33.0
XSVLL.mp4,2191,4,31.898533333333333,0.6922162499977276,0.0,10.796875
XSVLL.mp4,2192,5,31.898533333333333,0.6859422910492867,0.0,10.796875
XSVLL.mp4,2193,6,31.898533333333333,0.6818611249909736,0.0,10.796875
Y2EID.mp4,2225,0,21.96,0.5995089579955675,4.80078125,10.5
Y2EID.mp4,2226,1,21.96,0.610377500008326,3.599609375,9.1015625
Y2EID.mp4,2227,2,21.96,0.6120407079579309,14.0,19.796875
YAFX0.mp4,2168,0,37.43333333333333,1.755398083012551,6.19921875,14.8984375
YAFX0.mp4,2169,1,37.43333333333333,1.7447455420042388,4.19921875,9.296875
YAFX0.mp4,2170,2,37.43333333333333,1.7475834579672664,9.203125,26.90625
YAFX0.mp4,2171,3,37.43333333333333,1.7530172500410117,9.203125,26.90625
YAFX0.mp4,2172,4,37.43333333333333,1.7471505840076134,18.796875,29.5
YAFX0.mp4,2173,5,37.43333333333333,1.74381158297183,9.203125,26.90625
YB67Z.mp4,2186,0,24.143556280587276,0.02776187501149252,13.703125,18.90625
Z6B6S.mp4,2196,0,30.0,1.0805030000046827,9.8984375,18.203125
ZZ4GP.mp4,2180,0,31.564866666666667,0.7214204580523074,0.0,11.8984375
ZZ4GP.mp4,2181,1,31.564866666666667,0.7253055829787627,0.0,11.8984375
ZZ4GP.mp4,2182,2,31.564866666666667,0.7140849999850616,0.0,11.8984375
ZZ4GP.mp4,2183,3,31.564866666666667,0.7180336670135148,0.0,11.8984375
1KC11.mp4,2391,0,36.06666666666667,0.47836624999763444,2.69921875,8.8984375
1KC11.mp4,2392,1,36.06666666666667,0.381230583996512,4.1015625,8.8984375
21F9H.mp4,2321,0,30.309112806101968,1.046809374995064,21.0,26.90625
21F9H.mp4,2322,1,30.309112806101968,1.041146542003844,0.0,4.3984375
21F9H.mp4,2323,2,30.309112806101968,1.0579581669881009,26.203125,31.0
31YNM.mp4,2385,0,30.4,0.8169612499768846,11.703125,24.40625
31YNM.mp4,2386,1,30.4,0.811369167000521,0.0,15.1015625
31YNM.mp4,2387,2,30.4,0.7967729999800213,11.703125,24.40625
3P055.mp4,2357,0,43.05494505494506,1.2333969580358826,7.5,27.703125
422BV.mp4,2269,0,20.370147818771784,0.7625824169954285,10.3984375,16.0
422BV.mp4,2270,1,20.370147818771784,0.7775265419622883,0.0,9.3984375
422BV.mp4,2271,2,20.370147818771784,0.7619892919901758,5.1015625,13.703125
422BV.mp4,2272,3,20.370147818771784,0.7807899169856682,5.1015625,13.703125
7229M.mp4,2338,0,34.63333333333333,1.2830105000175536,25.203125,36.0
7229M.mp4,2339,1,34.63333333333333,1.269286499998998,8.6015625,15.203125
8NEYJ.mp4,2377,0,30.9,1.2731786249787547,3.5,9.0
8NEYJ.mp4,2378,1,30.9,1.2786600420367904,19.703125,32.0
8NEYJ.mp4,2379,2,30.9,1.2750082919956185,19.703125,32.0
8NEYJ.mp4,2380,3,30.9,1.2745916249696165,3.5,9.0
8YFD1.mp4,2293,0,31.39297999532445,0.8118954580277205,7.1015625,18.796875
8YFD1.mp4,2294,1,31.39297999532445,0.817224916012492,0.0,8.703125
8YFD1.mp4,2295,2,31.39297999532445,0.8159698329982348,0.0,8.703125
8YFD1.mp4,2296,3,31.39297999532445,0.8182419999502599,7.1015625,18.796875
ABPGE.mp4,2309,0,30.42752171008684,1.171239749994129,10.5,18.59375
ABPGE.mp4,2310,1,30.42752171008684,1.168769042007625,4.19921875,17.203125
ACSP8.mp4,2320,0,31.097733333333334,1.0896347499801777,22.09375,32.0
ARKBT.mp4,2363,0,28.2282,1.153100874973461,0.0,5.3984375
ARKBT.mp4,2364,1,28.2282,1.1564582499559037,24.703125,29.0
AYZS4.mp4,2273,0,49.6496,1.4955539159709588,4.19921875,17.90625
AYZS4.mp4,2274,1,49.6496,1.4890921249752864,4.19921875,17.90625
AYZS4.mp4,2275,2,49.6496,1.4912204580032267,4.19921875,17.90625
AYZS4.mp4,2276,3,49.6496,1.4911988750100136,0.0,8.203125
AYZS4.mp4,2277,4,49.6496,1.48593962501036,14.8984375,26.296875
AYZS4.mp4,2278,5,49.6496,1.4899889579974115,0.0,8.203125
AYZS4.mp4,2279,6,49.6496,1.4918900419725105,4.19921875,17.90625
BYP85.mp4,2381,0,33.93333333333333,0.78206316602882,24.796875,29.703125
BYP85.mp4,2382,1,33.93333333333333,0.7737994170165621,24.796875,29.703125
BYP85.mp4,2383,2,33.93333333333333,0.7819746249588206,21.796875,29.796875
CTIYN.mp4,2331,0,29.7,0.34794683300424367,7.5,19.90625
DUSJO.mp4,2316,0,27.193833333333334,1.2501835420262069,15.0,22.0
DUSJO.mp4,2317,1,27.193833333333334,1.2509210410062224,6.8984375,12.6015625
DUSJO.mp4,2318,2,27.193833333333334,1.2536067920154892,6.8984375,12.6015625
DUSJO.mp4,2319,3,27.193833333333334,1.2541307919891551,15.0,22.0
DWH0T.mp4,2388,0,34.898891063274625,0.22553137503564358,22.40625,32.90625
DWH0T.mp4,2389,1,34.898891063274625,0.21734441601438448,22.40625,32.90625
GV0L7.mp4,2305,0,30.366666666666667,1.3614353750017472,3.30078125,10.0
GV0L7.mp4,2306,1,30.366666666666667,1.3581704589887522,0.0999755859375,12.6015625
GV0L7.mp4,2307,2,30.366666666666667,1.3536450419924222,0.0999755859375,12.6015625
GV0L7.mp4,2308,3,30.366666666666667,1.3545250000315718,3.30078125,10.0
HUWAZ.mp4,2374,0,72.1061479346782,1.0988192089716904,2.0,10.296875
HUWAZ.mp4,2375,1,72.1061479346782,1.098145000054501,2.0,10.296875
ITDHX.mp4,2292,0,32.5,0.13237654202384874,22.5,33.0
JBFPI.mp4,2252,0,30.497133333333334,1.3560207079863176,7.6015625,13.8984375
JBFPI.mp4,2253,1,30.497133333333334,1.3537661249865778,7.6015625,13.8984375
JBFPI.mp4,2254,2,30.497133333333334,1.3547028329921886,0.0,9.296875
JMCBE.mp4,2334,0,20.807692307692307,0.6932484580320306,0.0,6.5
JMCBE.mp4,2335,1,20.807692307692307,0.6854815839906223,0.0,6.5
K7Z6T.mp4,2355,0,26.6,0.9794698330224492,0.0,8.703125
K7Z6T.mp4,2356,1,26.6,0.9757344170357101,0.0,8.703125
KB916.mp4,2365,0,30.0,0.17474329203832895,0.0,14.0
KTXSD.mp4,2332,0,9.42769884477493,0.021651583025231957,5.3984375,10.0
MA6GY.mp4,2280,0,33.375,0.8955739170196466,16.90625,22.203125
MA6GY.mp4,2281,1,33.375,0.895567542000208,0.0,6.80078125
MA6GY.mp4,2282,2,33.375,0.8931067080120556,0.0,6.80078125
MA6GY.mp4,2283,3,33.375,0.8955660829669796,9.5,16.0
MJYTA.mp4,2390,0,26.901874999999997,1.5122191249975003,8.6015625,14.8984375
O3Y57.mp4,2396,0,29.866666666666667,0.5029832909931429,2.30078125,9.0
O3Y57.mp4,2397,1,29.866666666666667,0.5015874580130912,23.703125,31.0
O3Y57.mp4,2398,2,29.866666666666667,0.5027256250032224,6.19921875,13.1015625
O3Y57.mp4,2399,3,29.866666666666667,0.5013816250138916,2.30078125,9.0
OIL1V.mp4,2343,0,15.533333333333333,0.029604083043523133,11.1015625,16.0
OWRDE.mp4,2324,0,43.85277995301488,2.152090457966551,0.89990234375,13.0
OWRDE.mp4,2325,1,43.85277995301488,2.153492500016,0.89990234375,13.0
OWRDE.mp4,2326,2,43.85277995301488,2.1514200419769622,20.796875,36.90625
OWRDE.mp4,2327,3,43.85277995301488,2.152365208021365,20.796875,36.90625
OWRDE.mp4,2328,4,43.85277995301488,2.1560088329715654,20.796875,36.90625
OWRDE.mp4,2329,5,43.85277995301488,2.1597329580108635,0.89990234375,13.0
PCNUP.mp4,2346,0,23.6,1.0732348329620436,4.30078125,9.703125
PCNUP.mp4,2347,1,23.6,1.074880917032715,4.30078125,9.703125
PCNUP.mp4,2348,2,23.6,1.0734523750143126,4.30078125,9.703125
PCNUP.mp4,2349,3,23.6,1.0770159169915132,13.5,25.0
PCNUP.mp4,2350,4,23.6,1.0743832500302233,0.0,9.1015625
PCNUP.mp4,2351,5,23.6,1.0765689589898102,2.0,7.1015625
PZ0ND.mp4,2358,0,11.566666666666666,0.13401791598880664,9.1015625,13.0
QQMY8.mp4,2369,0,13.384615384615383,0.02429241599747911,6.30078125,11.703125
QQMY8.mp4,2370,1,13.384615384615383,0.02480483299586922,0.7998046875,5.3984375
QQMY8.mp4,2371,2,13.384615384615383,0.024686208984348923,0.7998046875,5.3984375
QQMY8.mp4,2372,3,13.384615384615383,0.026009084016550332,0.7998046875,5.3984375
QQMY8.mp4,2373,4,13.384615384615383,0.02625083300517872,9.796875,14.0
RBQ9Y.mp4,2297,0,58.38773854456947,2.7267293329932727,47.90625,54.90625
RBQ9Y.mp4,2298,1,58.38773854456947,2.706873541988898,0.0,13.1015625
RBQ9Y.mp4,2299,2,58.38773854456947,2.710990083985962,38.59375,51.90625
RBQ9Y.mp4,2300,3,58.38773854456947,2.706323374994099,39.1875,51.90625
RBQ9Y.mp4,2301,4,58.38773854456947,2.7092198749887757,53.1875,59.0
RBQ9Y.mp4,2302,5,58.38773854456947,2.713719332998153,53.1875,59.0
RBQ9Y.mp4,2303,6,58.38773854456947,2.7099610419827513,39.1875,51.90625
RBQ9Y.mp4,2304,7,58.38773854456947,2.7155629170010798,38.59375,51.90625
RIZ7Y.mp4,2340,0,31.266666666666666,1.2818960830336437,12.703125,18.59375
RIZ7Y.mp4,2341,1,31.266666666666666,1.2843256660271436,12.703125,18.59375
RIZ7Y.mp4,2342,2,31.266666666666666,1.2830785420374013,12.703125,18.59375
RKJ0C.mp4,2250,0,30.94983991462113,0.22045858402270824,0.0,3.19921875
RKJ0C.mp4,2251,1,30.94983991462113,0.22853508300613612,0.0,14.3984375
S06H3.mp4,2336,0,21.966666666666665,0.9917896250262856,7.3984375,13.703125
S06H3.mp4,2337,1,21.966666666666665,0.9836169579648413,7.3984375,13.703125
SANRG.mp4,2376,0,31.954306884841003,0.21977633301867172,13.296875,21.203125
ST7MR.mp4,2286,0,48.4484,2.1400192919536494,0.0,8.1015625
ST7MR.mp4,2287,1,48.4484,2.1368614999810234,45.6875,49.0
ST7MR.mp4,2288,2,48.4484,2.1431104160146788,28.296875,35.6875
ST7MR.mp4,2289,3,48.4484,2.150652166979853,0.0,8.1015625
T42IZ.mp4,2266,0,29.40292225362275,1.3351755000185221,19.90625,26.90625
T42IZ.mp4,2267,1,29.40292225362275,1.334905333002098,12.3984375,22.59375
T42IZ.mp4,2268,2,29.40292225362275,1.341537625005003,4.0,12.3984375
T5SI3.mp4,2393,0,13.6,0.04180891695432365,1.599609375,6.6015625
T5SI3.mp4,2394,1,13.6,0.04230158304562792,9.296875,15.0
T5SI3.mp4,2395,2,13.6,0.042486833001021296,6.1015625,12.8984375
TBRZ5.mp4,2333,0,31.55878201250252,1.2057940420345403,22.796875,33.0
USPJK.mp4,2315,0,31.541101487171108,0.2190522089949809,17.703125,23.90625
V7YEJ.mp4,2311,0,30.966666666666665,0.08200887497514486,0.0,7.69921875
V7YEJ.mp4,2312,1,30.966666666666665,0.08642058295663446,9.8984375,16.90625
V7YEJ.mp4,2313,2,30.966666666666665,0.0823257919983007,9.8984375,16.90625
V7YEJ.mp4,2314,3,30.966666666666665,0.08494845899986103,0.0,7.69921875
VBN1O.mp4,2344,0,33.5,0.08402599999681115,0.0,6.69921875
VBN1O.mp4,2345,1,33.5,0.08765333303017542,0.0,6.69921875
VQOI3.mp4,2265,0,17.90954773869347,0.6072722499957308,0.0,3.599609375
VU996.mp4,2255,0,30.260473079207575,0.9969480829895474,23.40625,31.0
VU996.mp4,2256,1,30.260473079207575,0.9925723749911413,17.203125,24.296875
VU996.mp4,2257,2,30.260473079207575,0.9963790830224752,7.3984375,14.703125
VU996.mp4,2258,3,30.260473079207575,0.9929204999934882,0.0,14.8984375
VU996.mp4,2259,4,30.260473079207575,0.9962207080097869,0.0,4.0
VU996.mp4,2260,5,30.260473079207575,0.9940359579632059,0.0,14.8984375
VU996.mp4,2261,6,30.260473079207575,0.9925987910246477,23.40625,31.0
VU996.mp4,2262,7,30.260473079207575,0.9959302920033224,23.40625,31.0
VU996.mp4,2263,8,30.260473079207575,1.0047889999696054,0.0,4.0
VU996.mp4,2264,9,30.260473079207575,1.0089737090165727,0.39990234375,7.0
W5ZY8.mp4,2354,0,33.533500000000004,0.8307543330010958,21.703125,28.5
WDF45.mp4,2290,0,13.033333333333333,0.136466791969724,5.3984375,10.1015625
WDF45.mp4,2291,1,13.033333333333333,0.13586062501417473,5.30078125,10.203125
X06Z6.mp4,2368,0,23.3,0.15650354203535244,14.8984375,24.0
XEJ35.mp4,2366,0,29.5,0.5314429589780048,5.1015625,10.6015625
XEJ35.mp4,2367,1,29.5,0.526515916979406,5.1015625,10.6015625
XHN6Y.mp4,2352,0,26.0,0.45099358301376924,0.0,9.703125
XHN6Y.mp4,2353,1,26.0,0.4415140409837477,0.0,9.703125
Y44TV.mp4,2384,0,23.566666666666666,0.9924158340436406,8.8984375,20.296875
YG9UR.mp4,2330,0,31.933333333333334,0.9167555829626508,12.203125,18.09375
YK49T.mp4,2284,0,31.898533333333333,1.2338651249883696,0.0,13.6015625
YLEEO.mp4,2285,0,14.120898930417018,0.31176650000270456,0.0,6.3984375
ZC017.mp4,2359,0,30.854173432932768,0.12878416600869969,10.203125,18.796875
ZC017.mp4,2360,1,30.854173432932768,0.12836516700917855,0.0,13.1015625
ZC017.mp4,2361,2,30.854173432932768,0.13257087499368936,13.703125,21.296875
ZC017.mp4,2362,3,30.854173432932768,0.13009541702922434,0.0,9.296875
07QNG.mp4,2456,0,55.09670833333333,1.1502673749928363,29.40625,36.6875
07QNG.mp4,2457,1,55.09670833333333,1.0289036670001224,9.6015625,19.90625
07QNG.mp4,2458,2,55.09670833333333,1.0548544579651207,29.40625,36.6875
1VF27.mp4,2404,0,20.55041461362817,0.6770384589908645,11.0,18.0
28BVI.mp4,2461,0,43.201825888490376,0.5059081250219606,36.1875,42.40625
28BVI.mp4,2462,1,43.201825888490376,0.5018762919935398,19.0,34.1875
28BVI.mp4,2463,2,43.201825888490376,0.49165266699856147,36.6875,43.09375
28BVI.mp4,2464,3,43.201825888490376,0.5033614580170251,19.0,34.1875
28BVI.mp4,2465,4,43.201825888490376,0.5037034169654362,35.59375,44.0
28BVI.mp4,2466,5,43.201825888490376,0.49695199995767325,25.0,34.40625
28BVI.mp4,2467,6,43.201825888490376,0.493217333976645,2.80078125,15.3984375
28BVI.mp4,2468,7,43.201825888490376,0.5053285830072127,19.0,34.1875
28BVI.mp4,2469,8,43.201825888490376,0.5086386670009233,19.0,34.1875
3YQE2.mp4,2424,0,30.0,0.9717238750308752,24.703125,31.0
3YQE2.mp4,2425,1,30.0,0.9721382920397446,17.796875,29.59375
3YQE2.mp4,2426,2,30.0,0.9690224579535425,24.703125,31.0
580G0.mp4,2481,0,20.58423913043478,0.035078082990366966,14.796875,22.0
580G0.mp4,2482,1,20.58423913043478,0.03608441696269438,6.6015625,14.703125
580G0.mp4,2483,2,20.58423913043478,0.037082709022797644,14.796875,22.0
580G0.mp4,2484,3,20.58423913043478,0.03722341702086851,14.796875,22.0
580G0.mp4,2485,4,20.58423913043478,0.03738724999129772,6.6015625,14.703125
580G0.mp4,2486,5,20.58423913043478,0.03633766697021201,0.0,4.1015625
6XB10.mp4,2497,0,35.83050847457627,1.8309521659975871,0.0,9.0
6XB10.mp4,2498,1,35.83050847457627,1.8355957920430228,26.90625,36.5
6XB10.mp4,2499,2,35.83050847457627,1.8270165419671685,0.0,9.0
8LVCL.mp4,2537,0,34.724486468862075,0.22746708302292973,0.0,10.203125
8N4O9.mp4,2546,0,22.466666666666665,0.8041590839857236,1.400390625,7.3984375
8N4O9.mp4,2547,1,22.466666666666665,0.8009882500045933,1.400390625,7.3984375
8N4O9.mp4,2548,2,22.466666666666665,0.8236030000261962,11.296875,17.703125
8N4O9.mp4,2549,3,22.466666666666665,0.8235990419634618,6.30078125,10.796875
9KDP0.mp4,2513,0,31.12318591374923,1.4616798749775626,22.90625,31.0
9KDP0.mp4,2514,1,31.12318591374923,1.472820499970112,0.0,7.0
9KDP0.mp4,2515,2,31.12318591374923,1.4591260830056854,4.5,18.296875
AHBE8.mp4,2427,0,28.499749121926744,1.0799187080119736,18.09375,23.5
AHBE8.mp4,2428,1,28.499749121926744,1.0916335000074469,12.296875,22.796875
AHBE8.mp4,2429,2,28.499749121926744,1.0744712089654058,21.796875,26.796875
AHBE8.mp4,2430,3,28.499749121926744,1.0955984580214135,21.0,29.0
AHBE8.mp4,2431,4,28.499749121926744,1.0848905420280062,12.703125,17.796875
AHBE8.mp4,2432,5,28.499749121926744,1.0992420419934206,12.296875,22.796875
AHBE8.mp4,2433,6,28.499749121926744,1.0928755000350066,21.0,29.0
ARWNX.mp4,2496,0,30.593654394830015,0.7289311249624006,5.19921875,11.5
ATCOR.mp4,2511,0,30.292898221211715,0.9099907090421766,19.703125,25.796875
ATCOR.mp4,2512,1,30.292898221211715,0.9110948750167154,19.703125,25.796875
CIUVA.mp4,2509,0,54.142857142857146,0.6999244590406306,52.09375,55.0
CIUVA.mp4,2510,1,54.142857142857146,0.7004473329870962,46.5,55.0
DD3Q1.mp4,2495,0,25.1,0.5217725000111386,0.0,4.30078125
DR7K0.mp4,2421,0,31.41176470588235,1.2709667500457726,17.296875,32.0
DR7K0.mp4,2422,1,31.41176470588235,1.2587677919655107,17.296875,32.0
DR7K0.mp4,2423,2,31.41176470588235,1.2585112499655224,0.0,9.3984375
DUZDL.mp4,2477,0,39.70633333333333,3.110305791022256,1.400390625,6.3984375
DUZDL.mp4,2478,1,39.70633333333333,3.0961127919727005,6.5,12.8984375
DUZDL.mp4,2479,2,39.70633333333333,3.0635588750010356,2.599609375,8.3984375
DUZDL.mp4,2480,3,39.70633333333333,3.062918457959313,6.5,11.8984375
EHIOY.mp4,2534,0,34.733333333333334,1.3942442080006003,21.796875,36.0
EHIOY.mp4,2535,1,34.733333333333334,1.4002947499975562,21.796875,36.0
EHIOY.mp4,2536,2,34.733333333333334,1.3890001670224592,21.796875,36.0
F66WG.mp4,2500,0,35.731843575419,1.8180648339912295,18.703125,30.296875
F66WG.mp4,2501,1,35.731843575419,1.8116703749983571,9.0,19.0
F66WG.mp4,2502,2,35.731843575419,1.8282007920206524,4.5,11.8984375
F66WG.mp4,2503,3,35.731843575419,1.8120338330045342,18.703125,30.296875
F66WG.mp4,2504,4,35.731843575419,1.8186928750365041,1.0,14.0
F66WG.mp4,2505,5,35.731843575419,1.8180419169948436,18.703125,30.296875
F66WG.mp4,2506,6,35.731843575419,1.8166387500241399,18.703125,30.296875
F66WG.mp4,2507,7,35.731843575419,1.8185088750324212,8.6015625,14.796875
F66WG.mp4,2508,8,35.731843575419,1.8359329169616103,8.6015625,14.796875
GOPZI.mp4,2532,0,31.966666666666665,1.4914046250050887,28.5,33.0
GOPZI.mp4,2533,1,31.966666666666665,1.4790250830119476,27.09375,33.0
H411A.mp4,2406,0,32.03333333333333,1.3882106670062058,8.703125,14.703125
H411A.mp4,2407,1,32.03333333333333,1.3879872920224443,6.5,11.296875
H411A.mp4,2408,2,32.03333333333333,1.4014328750199638,6.5,11.296875
HAPCT.mp4,2470,0,32.632600000000004,0.2776397910201922,5.80078125,19.09375
HAPCT.mp4,2471,1,32.632600000000004,0.28256779100047424,5.80078125,19.09375
HAPCT.mp4,2472,2,32.632600000000004,0.29116591601632535,8.6015625,16.0
HAPCT.mp4,2473,3,32.632600000000004,0.27726091601653025,5.80078125,19.09375
I52A6.mp4,2401,0,37.324998829423606,1.4778667920036241,0.0,3.5
I52A6.mp4,2402,1,37.324998829423606,1.4764908339711837,0.0,3.5
I52A6.mp4,2403,2,37.324998829423606,1.4713527499698102,30.296875,35.8125
IAHN3.mp4,2453,0,31.322033898305083,1.2665778329828754,1.0,8.8984375
IAHN3.mp4,2454,1,31.322033898305083,1.2812283330131322,7.3984375,16.0
J662Y.mp4,2492,0,31.866666666666667,1.3831484159454703,0.0,9.703125
J662Y.mp4,2493,1,31.866666666666667,1.3900354579673149,0.0,9.703125
J662Y.mp4,2494,2,31.866666666666667,1.3840047090197913,0.0,9.203125
JP5NM.mp4,2489,0,23.75680064961429,0.14594095799839124,0.5,9.5
JP5NM.mp4,2490,1,23.75680064961429,0.1296052920515649,6.19921875,14.203125
LLRKS.mp4,2529,0,31.866666666666667,0.09393987501971424,0.5,9.203125
LQC89.mp4,2491,0,19.06779661016949,0.04415037500439212,12.3984375,20.0
LR9KL.mp4,2400,0,30.45999931942696,0.8244303750107065,12.203125,20.09375
NKLTK.mp4,2519,0,30.259462351210377,0.6395117079955526,15.3984375,26.203125
NKLTK.mp4,2520,1,30.259462351210377,0.6448437090148218,15.3984375,26.203125
NKLTK.mp4,2521,2,30.259462351210377,0.6422483330243267,7.3984375,19.703125
NKLTK.mp4,2522,3,30.259462351210377,0.6414862090023234,15.3984375,26.203125
OK45U.mp4,2459,0,33.6,0.3578745829872787,17.203125,22.90625
OK45U.mp4,2460,1,33.6,0.34006045799469575,9.0,19.703125
OU3XH.mp4,2542,0,34.398434952722525,0.04075675003696233,19.203125,24.5
OU3XH.mp4,2543,1,34.398434952722525,0.037454582983627915,16.59375,25.59375
OU3XH.mp4,2544,2,34.398434952722525,0.038363291998393834,14.0,18.703125
OU3XH.mp4,2545,3,34.398434952722525,0.03874183399602771,19.203125,24.5
PAA7V.mp4,2451,0,31.45273598043545,0.6625718750292435,16.59375,23.90625
PAA7V.mp4,2452,1,31.45273598043545,0.658012957952451,20.0,25.0
PAS7F.mp4,2530,0,30.530499999999996,2.0874998749932274,15.8984375,22.59375
PDH7G.mp4,2455,0,29.96666666666667,1.450267708976753,4.8984375,10.1015625
PIJRH.mp4,2444,0,30.583333333333332,0.814111584040802,0.0,12.8984375
PIJRH.mp4,2445,1,30.583333333333332,0.7990777090308256,6.8984375,12.703125
PIJRH.mp4,2446,2,30.583333333333332,0.800062042020727,6.8984375,12.703125
PJDUN.mp4,2405,0,31.0,1.4691685420111753,7.8984375,14.6015625
PLJIZ.mp4,2523,0,30.779305828421744,0.1306898330221884,3.19921875,13.3984375
RV5CK.mp4,2441,0,33.2,1.888688666978851,27.09375,34.0
RV5CK.mp4,2442,1,33.2,1.8708041250356473,27.09375,34.0
RV5CK.mp4,2443,2,33.2,1.8718824579846114,27.09375,34.0
S2S7I.mp4,2487,0,33.70033333333333,0.05219712504185736,2.19921875,10.1015625
S2S7I.mp4,2488,1,33.70033333333333,0.05470862501533702,5.19921875,9.8984375
TIWRY.mp4,2538,0,26.5,1.1831249999813735,18.203125,27.0
TIWRY.mp4,2539,1,26.5,1.165966791973915,20.0,27.0
U5RYN.mp4,2474,0,20.102384817080782,0.6877065839944407,0.0,2.80078125
U5RYN.mp4,2475,1,20.102384817080782,0.687357584014535,0.0,2.80078125
U5RYN.mp4,2476,2,20.102384817080782,0.6894999170326628,0.0,4.0
UOZES.mp4,2524,0,36.46666666666667,0.08953375002602115,31.203125,37.0
UOZES.mp4,2525,1,36.46666666666667,0.09993191697867587,13.296875,25.703125
UOZES.mp4,2526,2,36.46666666666667,0.09856054099509493,26.296875,32.3125
UOZES.mp4,2527,3,36.46666666666667,0.09866950003197417,28.296875,35.59375
UOZES.mp4,2528,4,36.46666666666667,0.09893225005362183,31.203125,37.0
UQJ5W.mp4,2409,0,27.03104114065053,0.040172790992073715,5.6015625,13.203125
UQJ5W.mp4,2410,1,27.03104114065053,0.03931454196572304,5.6015625,13.203125
UQJ5W.mp4,2411,2,27.03104114065053,0.04005491599673405,17.703125,28.0
UQJ5W.mp4,2412,3,27.03104114065053,0.0355261669610627,5.6015625,13.203125
UQJ5W.mp4,2413,4,27.03104114065053,0.036705249978695065,0.0,4.19921875
UQJ5W.mp4,2414,5,27.03104114065053,0.03805037494748831,17.703125,28.0
UQJ5W.mp4,2415,6,27.03104114065053,0.04109758301638067,5.6015625,13.203125
UQJ5W.mp4,2416,7,27.03104114065053,0.03460270800860599,5.6015625,13.203125
UQJ5W.mp4,2417,8,27.03104114065053,0.0387861659983173,5.6015625,13.203125
V26U3.mp4,2516,0,30.0,0.4460175840067677,5.1015625,10.6015625
V26U3.mp4,2517,1,30.0,0.42741708300309256,5.1015625,10.6015625
V26U3.mp4,2518,2,30.0,0.4245435000048019,5.1015625,10.6015625
WISO0.mp4,2531,0,35.618916666666664,2.6143320000264794,1.900390625,8.6015625
WK9HE.mp4,2540,0,34.08023614651818,0.4095225410419516,28.703125,35.0
WM6RQ.mp4,2438,0,22.230541666666664,1.2272185829933733,12.6015625,18.0
WM6RQ.mp4,2439,1,22.230541666666664,1.2264040000154637,0.0,6.0
WM6RQ.mp4,2440,2,22.230541666666664,1.2303516670363024,11.296875,16.796875
Y8L60.mp4,2541,0,8.433333333333334,0.03189216600731015,0.0,4.1015625
YE47Y.mp4,2434,0,36.03333333333333,1.021734666021075,0.0,14.796875
YE47Y.mp4,2435,1,36.03333333333333,1.0237562080146745,0.0,12.296875
YE47Y.mp4,2436,2,36.03333333333333,1.0291114159626886,0.0,14.796875
YE47Y.mp4,2437,3,36.03333333333333,1.0226885000010952,0.0,14.796875
YQOCU.mp4,2418,0,30.933333333333334,1.5650410000234842,8.3984375,13.5
YQOCU.mp4,2419,1,30.933333333333334,1.5613182079978287,23.09375,32.0
YQOCU.mp4,2420,2,30.933333333333334,1.5533722499967553,5.69921875,11.703125
ZJ37U.mp4,2447,0,35.86978364257485,0.4681781660183333,2.5,7.0
ZJ37U.mp4,2448,1,35.86978364257485,0.4670402919873595,0.0,12.203125
ZJ37U.mp4,2449,2,35.86978364257485,0.46878325002035126,2.5,7.0
ZJ37U.mp4,2450,3,35.86978364257485,0.46504374995129183,2.5,7.0
1BGZ0.mp4,2677,0,21.598612643859372,0.11413433298002928,9.5,15.203125
1BGZ0.mp4,2678,1,21.598612643859372,0.04348866600776091,9.5,15.203125
1BGZ0.mp4,2679,2,21.598612643859372,0.04792787501355633,0.0,9.203125
1BGZ0.mp4,2680,3,21.598612643859372,0.036435958987567574,4.19921875,9.3984375
1BGZ0.mp4,2681,4,21.598612643859372,0.026966541016008705,4.19921875,9.3984375
1BGZ0.mp4,2682,5,21.598612643859372,0.026340832991991192,0.0,6.19921875
1BGZ0.mp4,2683,6,21.598612643859372,0.02659500000299886,4.19921875,9.3984375
1BGZ0.mp4,2684,7,21.598612643859372,0.04048512503504753,0.0,6.19921875
1BGZ0.mp4,2685,8,21.598612643859372,0.031885707983747125,0.0,9.203125
2PZBY.mp4,2644,0,30.2148163019474,1.2903436250053346,0.0999755859375,12.1015625
2XXH8.mp4,2571,0,30.466666666666665,1.1552590830251575,10.796875,25.0
35ZZP.mp4,2559,0,36.43333333333333,1.9459647919866256,6.69921875,12.3984375
3J85M.mp4,2579,0,34.6,1.557997209019959,19.296875,28.796875
3J85M.mp4,2580,1,34.6,1.553282916021999,19.296875,28.796875
3J85M.mp4,2581,2,34.6,1.5392185000237077,19.5,27.59375
3J85M.mp4,2582,3,34.6,1.5707830840256065,19.296875,28.796875
3J85M.mp4,2583,4,34.6,1.5478009170037694,7.19921875,15.296875
4KYZH.mp4,2598,0,36.6366,0.5683666249969974,9.3984375,14.796875
4KYZH.mp4,2599,1,36.6366,0.5564070419641212,9.3984375,14.796875
4KYZH.mp4,2600,2,36.6366,0.5589260410051793,9.3984375,14.796875
4KYZH.mp4,2601,3,36.6366,0.5585560420295224,0.0,4.19921875
52KNA.mp4,2608,0,34.57342657342657,2.628412667021621,15.796875,20.703125
77JGY.mp4,2560,0,31.2,1.3707454170216806,19.09375,24.59375
77JGY.mp4,2561,1,31.2,1.375499832967762,0.0,13.8984375
77JGY.mp4,2562,2,31.2,1.3806902500218712,11.3984375,22.0
77JGY.mp4,2563,3,31.2,1.3900757919764146,0.0,13.8984375
77JGY.mp4,2564,4,31.2,1.3924357920186594,22.203125,32.0
77JGY.mp4,2565,5,31.2,1.394789416983258,17.796875,22.796875
77JGY.mp4,2566,6,31.2,1.408784375002142,0.0,13.8984375
7RA0M.mp4,2654,0,30.466666666666665,1.1040027920389548,0.0,10.703125
83FK5.mp4,2556,0,41.6,2.140643374994397,0.0,19.296875
8LLI3.mp4,2633,0,19.972027972027973,0.7057848749682307,11.703125,16.796875
8LLI3.mp4,2634,1,19.972027972027973,0.6897061669733375,3.0,8.5
8LLI3.mp4,2635,2,19.972027972027973,0.690111167030409,14.6015625,19.296875
8LLI3.mp4,2636,3,19.972027972027973,0.7107129580108449,11.703125,16.796875
8LLI3.mp4,2637,4,19.972027972027973,0.715152082964778,9.0,14.1015625
8N4O9.mp4,2550,0,22.466666666666665,0.8137181249912828,19.5,23.0
8N4O9.mp4,2551,1,22.466666666666665,0.7983120830031112,1.400390625,7.3984375
8N4O9.mp4,2552,2,22.466666666666665,0.8057808749726973,19.5,23.0
8N4O9.mp4,2553,3,22.466666666666665,0.7993521249736659,6.30078125,10.796875
8N4O9.mp4,2554,4,22.466666666666665,0.7997282500145957,6.30078125,10.796875
8N4O9.mp4,2555,5,22.466666666666665,0.7995694159762934,1.400390625,7.3984375
8Q7ZI.mp4,2676,0,18.988102391539478,0.5898561659851111,0.0,3.900390625
98W87.mp4,2675,0,26.48275862068966,0.3072196250432171,10.203125,15.3984375
9TPP3.mp4,2594,0,30.463766666666668,1.5702161670196801,0.0,8.3984375
AK9PN.mp4,2625,0,30.9309,1.2755845839856192,25.203125,32.0
AK9PN.mp4,2626,1,30.9309,1.2686647080117837,0.0,13.296875
AK9PN.mp4,2627,2,30.9309,1.2759044580161572,25.203125,32.0
AK9PN.mp4,2628,3,30.9309,1.27118383301422,18.296875,27.40625
AK9PN.mp4,2629,4,30.9309,1.291671833023429,4.69921875,10.203125
CG83G.mp4,2638,0,27.066666666666666,1.0970676250290126,16.5,22.59375
CG83G.mp4,2639,1,27.066666666666666,1.087604916014243,16.5,22.59375
CUQYX.mp4,2655,0,30.597233333333335,0.829577624972444,4.69921875,17.796875
CUQYX.mp4,2656,1,30.597233333333335,0.8219547909684479,24.296875,30.0
CUQYX.mp4,2657,2,30.597233333333335,0.8022905829711817,23.40625,32.0
CUQYX.mp4,2658,3,30.597233333333335,0.8055032910197042,23.40625,32.0
CUQYX.mp4,2659,4,30.597233333333335,0.8119297079974785,24.296875,30.0
CUQYX.mp4,2660,5,30.597233333333335,0.804269416956231,4.69921875,17.796875
DFSHF.mp4,2645,0,30.463766666666668,1.550985749985557,5.5,12.796875
DFSHF.mp4,2646,1,30.463766666666668,1.5467477909987792,10.0,17.40625
EOUCM.mp4,2688,0,30.51382867896629,0.9929111669771373,0.0,10.203125
EOUCM.mp4,2689,1,30.51382867896629,0.9902765830047429,6.19921875,15.8984375
EOUCM.mp4,2690,2,30.51382867896629,0.9913916660007089,0.0,8.8984375
EOUCM.mp4,2691,3,30.51382867896629,0.993755167000927,0.0,8.8984375
EOUCM.mp4,2692,4,30.51382867896629,0.9852139999857172,0.0,8.8984375
FLDHS.mp4,2661,0,29.143131835115973,1.0492214579717256,5.3984375,12.796875
FLDHS.mp4,2662,1,29.143131835115973,1.0516348339733668,5.3984375,12.796875
G3UF4.mp4,2572,0,16.344189400312462,0.3082121249753982,3.19921875,8.3984375
G6K7T.mp4,2568,0,40.08170833333333,2.824558624997735,19.296875,37.5
G6ZOB.mp4,2618,0,31.418981913108333,1.1661387909553014,7.0,14.8984375
G6ZOB.mp4,2619,1,31.418981913108333,1.166314041998703,13.8984375,22.40625
G6ZOB.mp4,2620,2,31.418981913108333,1.202247457986232,13.8984375,22.40625
GKBSR.mp4,2584,0,33.56666666666667,1.6591879159677774,0.0,2.69921875
IULK6.mp4,2648,0,31.147431174224664,0.6383039579959586,3.900390625,9.5
IULK6.mp4,2649,1,31.147431174224664,0.641528542037122,0.0,7.1015625
IULK6.mp4,2650,2,31.147431174224664,0.6386487500276417,0.0,14.5
J0AMJ.mp4,2630,0,30.81186827518748,0.13195029099006206,10.6015625,20.203125
J0AMJ.mp4,2631,1,30.81186827518748,0.1294342500041239,7.8984375,18.296875
J0AMJ.mp4,2632,2,30.81186827518748,0.14362074999371544,4.0,8.796875
J1MMG.mp4,2569,0,35.166666666666664,0.4730595000437461,20.90625,29.40625
J1MMG.mp4,2570,1,35.166666666666664,0.47443795803701505,30.5,36.0
J2XFQ.mp4,2667,0,28.661966666666668,1.2823165419977158,16.0,21.5
J2XFQ.mp4,2668,1,28.661966666666668,1.2541707080090418,18.703125,30.0
J2XFQ.mp4,2669,2,28.661966666666668,1.266178832971491,16.09375,21.796875
J2XFQ.mp4,2670,3,28.661966666666668,1.2725757919833995,16.09375,21.796875
J2XFQ.mp4,2671,4,28.661966666666668,1.2610297920182347,17.203125,22.5
J2XFQ.mp4,2672,5,28.661966666666668,1.2717316669877619,19.296875,30.0
J2XFQ.mp4,2673,6,28.661966666666668,1.2895375420339406,16.0,21.5
J2XFQ.mp4,2674,7,28.661966666666668,1.267876666970551,19.296875,30.0
KF08J.mp4,2577,0,29.516666666666666,0.5830393340438604,3.30078125,10.3984375
KF08J.mp4,2578,1,29.516666666666666,0.582873750012368,3.30078125,10.3984375
LBJ0W.mp4,2557,0,30.333333333333332,1.5041998340166174,0.0,14.1015625
LBJ0W.mp4,2558,1,30.333333333333332,1.4784825000097044,9.3984375,14.1015625
LCLLN.mp4,2611,0,34.11263542749807,1.1047088750055991,0.0,5.1015625
LCLLN.mp4,2612,1,34.11263542749807,1.0917332080425695,1.400390625,6.8984375
LCLLN.mp4,2613,2,34.11263542749807,1.1042710409965366,5.5,11.8984375
MZZ8Q.mp4,2573,0,30.32304551459109,1.444176500022877,0.0,5.0
MZZ8Q.mp4,2574,1,30.32304551459109,1.423730708018411,3.80078125,10.8984375
MZZ8Q.mp4,2575,2,30.32304551459109,1.4225421249866486,9.703125,16.703125
MZZ8Q.mp4,2576,3,30.32304551459109,1.4223053330206312,3.80078125,10.8984375
NF45F.mp4,2695,0,34.48622561833903,1.6401338330470026,4.0,8.8984375
NF45F.mp4,2696,1,34.48622561833903,1.6491134999669157,8.703125,25.59375
NF45F.mp4,2697,2,34.48622561833903,1.640864083019551,4.0,8.8984375
NF45F.mp4,2698,3,34.48622561833903,1.637562500021886,4.0,8.8984375
NF45F.mp4,2699,4,34.48622561833903,1.6391787079628557,4.0,8.8984375
OKHVL.mp4,2663,0,36.191718291490055,0.22885029099415988,13.203125,18.796875
OKHVL.mp4,2664,1,36.191718291490055,0.22274941601790488,18.59375,25.203125
OKHVL.mp4,2665,2,36.191718291490055,0.22545550001086667,11.203125,17.203125
OKHVL.mp4,2666,3,36.191718291490055,0.22093987499829382,18.59375,25.203125
OWUW8.mp4,2651,0,11.611600000000001,0.11944070894969627,0.5,5.0
OWUW8.mp4,2652,1,11.611600000000001,0.11624533397844061,0.5,5.0
OWUW8.mp4,2653,2,11.611600000000001,0.11569779098499566,0.0,3.900390625
Q5YDL.mp4,2585,0,50.8508,0.13268924999283627,0.0,16.5
Q5YDL.mp4,2586,1,50.8508,0.14081720897229388,20.09375,37.3125
Q5YDL.mp4,2587,2,50.8508,0.1401812499971129,20.09375,37.3125
QLGHA.mp4,2597,0,31.333333333333332,1.710097750008572,3.30078125,10.0
RNLTR.mp4,2614,0,23.554844444444445,0.6968977499636821,7.30078125,13.5
RT1JY.mp4,2588,0,16.464367263550056,0.22771816595923156,11.3984375,15.796875
RT1JY.mp4,2589,1,16.464367263550056,0.22713983396533877,11.3984375,15.796875
RT1JY.mp4,2590,2,16.464367263550056,0.22686241701012477,3.30078125,8.703125
SE2K2.mp4,2609,0,32.96666666666667,0.4783640409586951,0.60009765625,7.1015625
SE2K2.mp4,2610,1,32.96666666666667,0.4654105000081472,28.703125,34.0
SOZ1G.mp4,2623,0,11.733333333333333,0.025623457971960306,9.0,13.0
SOZ1G.mp4,2624,1,11.733333333333333,0.028695749992039055,9.0,13.0
SRTX6.mp4,2621,0,29.7297,0.1748386250110343,13.6015625,26.40625
SS3IL.mp4,2615,0,21.478852054629687,0.044691292045172304,8.3984375,13.3984375
SS3IL.mp4,2616,1,21.478852054629687,0.04708762496011332,1.7998046875,9.296875
SS3IL.mp4,2617,2,21.478852054629687,0.047953959030564874,8.3984375,13.3984375
TBEV0.mp4,2595,0,30.296933333333335,0.9930602089734748,0.0,9.6015625
TBEV0.mp4,2596,1,30.296933333333335,1.0122468749759719,16.296875,31.0
TCJWE.mp4,2647,0,30.7,1.487289291981142,0.0,14.8984375
TK1VC.mp4,2602,0,20.24,0.8003682079724967,17.09375,21.0
TK1VC.mp4,2603,1,20.24,0.7836535419919528,0.0,9.3984375
TK1VC.mp4,2604,2,20.24,0.781403083994519,17.09375,21.0
TK1VC.mp4,2605,3,20.24,0.781434208038263,0.0,9.3984375
TK1VC.mp4,2606,4,20.24,0.7769943750463426,10.8984375,16.0
TK1VC.mp4,2607,5,20.24,0.7837297079968266,10.796875,18.40625
U0P7W.mp4,2591,0,32.03806502775575,0.12838416697923094,22.0,29.703125
U0P7W.mp4,2592,1,32.03806502775575,0.12702604196965694,18.796875,24.90625
U0P7W.mp4,2593,2,32.03806502775575,0.12846754101337865,18.796875,24.90625
VFAE3.mp4,2640,0,39.766666666666666,2.078129666042514,35.0,41.0
VFAE3.mp4,2641,1,39.766666666666666,2.0437051249900833,0.0,5.19921875
VFAE3.mp4,2642,2,39.766666666666666,2.0057360000209883,0.60009765625,7.0
VFAE3.mp4,2643,3,39.766666666666666,2.012929625052493,0.60009765625,7.0
W86WR.mp4,2693,0,29.4,0.259908624982927,0.0,2.599609375
W86WR.mp4,2694,1,29.4,0.2677546250051819,0.0,2.599609375
XOWBN.mp4,2622,0,30.9,1.2893802499747835,6.69921875,13.6015625
YO3KO.mp4,2686,0,30.616666020997172,1.262526042002719,22.296875,30.90625
YO3KO.mp4,2687,1,30.616666020997172,1.2788224999676459,22.296875,30.90625
Z9RED.mp4,2567,0,30.69888961463096,0.031004332995507866,0.0,5.69921875
00T1E.mp4,2788,0,19.10828025477707,0.3316518330248073,0.7001953125,6.30078125
00T1E.mp4,2789,1,19.10828025477707,0.2218687500571832,4.30078125,12.0
00T1E.mp4,2790,2,19.10828025477707,0.24075216701021418,4.30078125,12.0
00T1E.mp4,2791,3,19.10828025477707,0.2330617499537766,4.30078125,12.0
02SKC.mp4,2730,0,32.2,1.2069706249749288,3.5,8.796875
02SKC.mp4,2731,1,32.2,1.2047026249929331,20.5,33.0
0O6RK.mp4,2718,0,30.22492970946579,1.2700964579707943,0.60009765625,7.3984375
0O6RK.mp4,2719,1,30.22492970946579,1.2641299579991028,22.90625,31.0
0O6RK.mp4,2720,2,30.22492970946579,1.268217500008177,17.0,23.59375
0O6RK.mp4,2721,3,30.22492970946579,1.2668985829805024,22.90625,31.0
0O6RK.mp4,2722,4,30.22492970946579,1.2669199589872733,17.0,23.59375
0O6RK.mp4,2723,5,30.22492970946579,1.2657055419986136,2.80078125,17.703125
0O6RK.mp4,2724,6,30.22492970946579,1.2689392080064863,22.90625,31.0
0O6RK.mp4,2725,7,30.22492970946579,1.264668249990791,12.5,17.59375
2AIP4.mp4,2700,0,44.77855858800458,0.42092033301014453,25.796875,36.3125
2AIP4.mp4,2701,1,44.77855858800458,0.40471291705034673,36.3125,46.0
2AIP4.mp4,2702,2,44.77855858800458,0.404180042038206,2.0,6.30078125
2AIP4.mp4,2703,3,44.77855858800458,0.40500966703984886,6.5,17.203125
358JF.mp4,2728,0,31.966666666666665,1.08348820800893,18.796875,28.90625
358JF.mp4,2729,1,31.966666666666665,1.0790980409947224,18.0,24.703125
3MX8V.mp4,2704,0,31.44076140466032,0.050827083992771804,8.703125,17.59375
3MX8V.mp4,2705,1,31.44076140466032,0.05173141695559025,4.0,14.296875
3MX8V.mp4,2706,2,31.44076140466032,0.05196912499377504,0.0,5.5
3XL0K.mp4,2804,0,29.1,0.07965845800936222,0.0,5.5
3XL0K.mp4,2805,1,29.1,0.08605874999193475,0.0,5.5
4BEZX.mp4,2758,0,43.35294117647059,2.1630564579972997,39.59375,44.0
4BEZX.mp4,2759,1,43.35294117647059,2.1428599579958245,39.59375,44.0
4BEZX.mp4,2760,2,43.35294117647059,2.1567496249917895,0.0,4.0
4BEZX.mp4,2761,3,43.35294117647059,2.1498571659903973,0.0,4.0
4BEZX.mp4,2762,4,43.35294117647059,2.1606423330376856,0.0,4.0
4BEZX.mp4,2763,5,43.35294117647059,2.1584794169757515,15.796875,24.296875
4BEZX.mp4,2764,6,43.35294117647059,2.1448583329911344,15.796875,24.296875
4BEZX.mp4,2765,7,43.35294117647059,2.1620612500119023,39.59375,44.0
4BEZX.mp4,2766,8,43.35294117647059,2.158581957977731,39.59375,44.0
4BEZX.mp4,2767,9,43.35294117647059,2.1575506249791943,0.0,4.0
65UVU.mp4,2818,0,31.0,1.0048363340320066,0.0,3.19921875
65UVU.mp4,2819,1,31.0,1.00239291600883,9.6015625,16.09375
65UVU.mp4,2820,2,31.0,1.0009597499738447,4.19921875,16.0
7177T.mp4,2785,0,30.237000685598815,0.543031333014369,14.8984375,20.296875
7177T.mp4,2786,1,30.237000685598815,0.5374516249867156,14.8984375,20.296875
7177T.mp4,2787,2,30.237000685598815,0.5405015829601325,9.796875,18.203125
9OCQT.mp4,2814,0,12.355520127540853,0.1340800829930231,0.0,3.599609375
9OCQT.mp4,2815,1,12.355520127540853,0.11571120901498944,1.5,7.5
AF8I2.mp4,2849,0,34.0,1.658943833957892,9.203125,14.6015625
AT9UV.mp4,2707,0,35.166666666666664,0.03864375001285225,26.0,36.0
AT9UV.mp4,2708,1,35.166666666666664,0.03887012501945719,27.203125,36.0
CXNYW.mp4,2801,0,28.866666666666667,0.8066113750101067,16.59375,27.0
CXNYW.mp4,2802,1,28.866666666666667,0.8036061250022613,0.0,13.3984375
CXNYW.mp4,2803,2,28.866666666666667,0.8107984579983167,17.59375,27.09375
D9PWE.mp4,2841,0,29.29485252363296,1.4403775410028175,0.0,5.0
GH19N.mp4,2834,0,27.761086407883667,1.2241738750017248,25.796875,29.0
GH19N.mp4,2835,1,27.761086407883667,1.2297176670399494,25.796875,29.0
GH19N.mp4,2836,2,27.761086407883667,1.2286756670218892,0.0999755859375,12.1015625
GH19N.mp4,2837,3,27.761086407883667,1.2287552499910817,13.6015625,18.203125
GH19N.mp4,2838,4,27.761086407883667,1.2296009169658646,1.7001953125,9.5
HDHGT.mp4,2830,0,30.23310257182034,1.0904555420274846,11.5,19.5
HDHGT.mp4,2831,1,30.23310257182034,1.0867528750095516,11.5,19.5
HDHGT.mp4,2832,2,30.23310257182034,1.089507125027012,4.19921875,16.203125
HDHGT.mp4,2833,3,30.23310257182034,1.0852702080155723,4.19921875,16.203125
HVFXT.mp4,2749,0,32.866166666666665,1.2752761659794487,26.796875,32.8125
JQRMQ.mp4,2736,0,27.293933333333335,1.1708755000145175,5.8984375,11.1015625
JQRMQ.mp4,2737,1,27.293933333333335,1.150475333968643,5.80078125,19.203125
JQRMQ.mp4,2738,2,27.293933333333335,1.1595946669694968,10.796875,21.796875
JQRMQ.mp4,2739,3,27.293933333333335,1.158297332993243,5.80078125,19.203125
JQRMQ.mp4,2740,4,27.293933333333335,1.1645300419768319,5.8984375,11.1015625
JZ45I.mp4,2821,0,34.07042422785723,0.9784184169839136,28.796875,35.0
JZ45I.mp4,2822,1,34.07042422785723,0.964069916983135,6.8984375,16.5
JZ45I.mp4,2823,2,34.07042422785723,0.9692403330118395,6.8984375,16.5
K64GM.mp4,2715,0,30.55999865924784,1.4434689160552807,11.0,15.796875
L3ZRP.mp4,2726,0,30.625,0.7271357920253649,5.0,15.796875
L3ZRP.mp4,2727,1,30.625,0.720903042005375,5.0,15.796875
L8RW8.mp4,2713,0,30.266666666666666,1.5505676669999957,0.0,3.5
L8RW8.mp4,2714,1,30.266666666666666,1.545876749965828,0.0,3.5
LKH9A.mp4,2826,0,33.09973333333333,0.8178659590194002,0.0,6.0
LKH9A.mp4,2827,1,33.09973333333333,0.8166699589928612,23.0,29.203125
LKH9A.mp4,2828,2,33.09973333333333,0.8165655419579707,22.296875,27.0
LKH9A.mp4,2829,3,33.09973333333333,0.8160670000361279,6.3984375,11.8984375
LSKA2.mp4,2792,0,29.5,1.3792496250243858,10.0,19.703125
LSMNX.mp4,2732,0,33.63333333333333,1.6375549579970539,5.1015625,13.6015625
ME4YL.mp4,2808,0,23.828541001064963,0.6742754580336623,10.5,17.0
ME4YL.mp4,2809,1,23.828541001064963,0.6800254170084372,2.69921875,11.203125
ME4YL.mp4,2810,2,23.828541001064963,0.6765198330394924,10.5,17.0
ME4YL.mp4,2811,3,23.828541001064963,0.6806122089619748,18.90625,24.796875
ME4YL.mp4,2812,4,23.828541001064963,0.6893694999744184,18.90625,24.796875
ME4YL.mp4,2813,5,23.828541001064963,0.6783872090163641,10.5,17.0
NYHD7.mp4,2776,0,30.363666666666667,1.3633624580106698,22.40625,27.203125
O1LMX.mp4,2780,0,30.041666666666668,1.1696110830525868,11.5,18.796875
O1LMX.mp4,2781,1,30.041666666666668,1.1546445420244709,8.3984375,14.203125
O1LMX.mp4,2782,2,30.041666666666668,1.1680594169883989,1.900390625,14.296875
O1LMX.mp4,2783,3,30.041666666666668,1.1597122080274858,11.5,18.796875
O1LMX.mp4,2784,4,30.041666666666668,1.16707366600167,2.099609375,14.203125
O5V8D.mp4,2806,0,18.017999999999997,0.7720802499679849,0.0,5.8984375
O5V8D.mp4,2807,1,18.017999999999997,0.769032874959521,0.0,5.8984375
OPSF8.mp4,2745,0,30.5169869655342,0.26257758401334286,0.0,10.1015625
OPSF8.mp4,2746,1,30.5169869655342,0.25127000000793487,5.80078125,16.703125
OPSF8.mp4,2747,2,30.5169869655342,0.2519540829816833,0.0,10.1015625
OPSF8.mp4,2748,3,30.5169869655342,0.2709082079818472,0.0,10.1015625
P8G8V.mp4,2733,0,30.266666666666666,0.549276000005193,3.80078125,11.3984375
P8G8V.mp4,2734,1,30.266666666666666,0.5499314159969799,3.80078125,11.3984375
P8G8V.mp4,2735,2,30.266666666666666,0.5503071249695495,3.80078125,11.3984375
QFL2O.mp4,2839,0,30.866666666666667,1.0281154999975115,21.796875,32.0
QFL2O.mp4,2840,1,30.866666666666667,1.0259930829633959,20.703125,32.0
QIT2W.mp4,2750,0,43.28770413064362,0.5283246670151129,35.1875,44.0
QIT2W.mp4,2751,1,43.28770413064362,0.5193847499904223,9.8984375,22.796875
QIT2W.mp4,2752,2,43.28770413064362,0.5208918749704026,0.0,14.1015625
QIT2W.mp4,2753,3,43.28770413064362,0.5216322499909438,9.8984375,22.796875
QIT2W.mp4,2754,4,43.28770413064362,0.5209968750132248,9.703125,15.8984375
RG0KS.mp4,2817,0,25.8382405960822,0.8700445829890668,14.796875,21.5
SJJLG.mp4,2842,0,16.733333333333334,0.3259598330478184,10.796875,15.796875
SJJLG.mp4,2843,1,16.733333333333334,0.32570308301365003,1.0,5.6015625
SJJLG.mp4,2844,2,16.733333333333334,0.3256083329906687,10.796875,15.796875
SJJLG.mp4,2845,3,16.733333333333334,0.3293236669851467,1.0,5.6015625
SJJLG.mp4,2846,4,16.733333333333334,0.3282999169896357,10.796875,15.796875
SJJLG.mp4,2847,5,16.733333333333334,0.3275591660058126,9.703125,15.203125
SJJLG.mp4,2848,6,16.733333333333334,0.3238801659899764,1.0,5.6015625
SM41Q.mp4,2777,0,19.048191323158274,0.31598883302649483,0.0,6.3984375
SM41Q.mp4,2778,1,19.048191323158274,0.3124592080130242,3.69921875,13.0
TCOXG.mp4,2709,0,30.2302,1.538834290986415,21.296875,31.0
TCOXG.mp4,2710,1,30.2302,1.5407318750512786,21.296875,31.0
TCOXG.mp4,2711,2,30.2302,1.5341670830384828,9.0,15.203125
TCOXG.mp4,2712,3,30.2302,1.52862295799423,9.0,15.203125
UKSCV.mp4,2793,0,34.2,1.2841849160031416,0.0,11.3984375
UKSCV.mp4,2794,1,34.2,1.2876249160035513,7.69921875,23.5
UKSCV.mp4,2795,2,34.2,1.2791556669981219,7.69921875,23.5
UKSCV.mp4,2796,3,34.2,1.2749634999781847,0.0,11.3984375
UKSCV.mp4,2797,4,34.2,1.2761952920118347,7.69921875,23.5
UKSCV.mp4,2798,5,34.2,1.2757745000417344,0.0,11.3984375
UKSCV.mp4,2799,6,34.2,1.2741974589880556,0.0,11.3984375
UKSCV.mp4,2800,7,34.2,1.275093249976635,7.69921875,23.5
UL5X4.mp4,2824,0,31.333333333333332,1.2041099169873632,18.40625,32.0
UL5X4.mp4,2825,1,31.333333333333332,1.2078509160201065,0.0,7.0
VJG6E.mp4,2741,0,17.333333333333332,0.03228012501494959,3.0,10.0
VJG6E.mp4,2742,1,17.333333333333332,0.03267966699786484,0.0,5.0
VJG6E.mp4,2743,2,17.333333333333332,0.033331707993056625,13.1015625,18.0
VJG6E.mp4,2744,3,17.333333333333332,0.033161125029437244,0.0,7.0
VNUPE.mp4,2768,0,30.572208333333332,1.978014209016692,17.40625,25.703125
VS7VS.mp4,2779,0,29.733333333333334,1.1312938340124674,15.703125,23.40625
VXZBA.mp4,2716,0,31.441340782122907,1.4443052919814363,20.296875,25.90625
VXZBA.mp4,2717,1,31.441340782122907,1.4491873329970986,17.0,28.09375
VZE8E.mp4,2769,0,25.617140195621797,0.7646746250102296,18.796875,27.0
VZE8E.mp4,2770,1,25.617140195621797,0.767812457983382,0.0,3.80078125
VZE8E.mp4,2771,2,25.617140195621797,0.7704629999934696,3.5,8.703125
VZE8E.mp4,2772,3,25.617140195621797,0.7706522090011276,3.099609375,8.5
VZE8E.mp4,2773,4,25.617140195621797,0.7699488750076853,11.6015625,18.5
VZE8E.mp4,2774,5,25.617140195621797,0.770774332981091,11.6015625,18.5
VZE8E.mp4,2775,6,25.617140195621797,0.7702812919742428,7.8984375,15.5
Z4Y04.mp4,2816,0,30.766666666666666,0.5462148750084452,14.296875,29.40625
ZI1GC.mp4,2755,0,34.13083486699013,1.730259667034261,0.0,10.203125
ZI1GC.mp4,2756,1,34.13083486699013,1.714063458959572,6.3984375,10.3984375
ZI1GC.mp4,2757,2,34.13083486699013,1.7245265840319917,11.1015625,16.296875
0TKKR.mp4,2905,0,44.16094210009813,0.5193464159965515,30.703125,41.5
0TKKR.mp4,2906,1,44.16094210009813,0.4121147090336308,0.0,18.796875
0TKKR.mp4,2907,2,44.16094210009813,0.41201074997661635,34.90625,45.0
0TKKR.mp4,2908,3,44.16094210009813,0.41382220800733194,30.703125,41.5
0TKKR.mp4,2909,4,44.16094210009813,0.40389137499732897,34.90625,45.0
0TKKR.mp4,2910,5,44.16094210009813,0.40304237499367446,0.0,18.796875
0WYBK.mp4,2874,0,15.565755338255837,0.03147108299890533,1.7998046875,8.796875
0WYBK.mp4,2875,1,15.565755338255837,0.03233129100408405,1.900390625,7.3984375
0WYBK.mp4,2876,2,15.565755338255837,0.04434925003442913,8.203125,12.796875
15PMU.mp4,2913,0,30.910917615539184,0.7365988749661483,0.89990234375,12.3984375
15PMU.mp4,2914,1,30.910917615539184,0.7288890419877134,0.89990234375,12.3984375
15PMU.mp4,2915,2,30.910917615539184,0.7185604159603827,0.5,12.796875
15PMU.mp4,2916,3,30.910917615539184,0.7243977499892935,0.5,12.796875
15PMU.mp4,2917,4,30.910917615539184,0.7232334580039605,21.40625,32.0
17P5V.mp4,2911,0,30.636401615373902,1.4407047500135377,11.5,19.0
17P5V.mp4,2912,1,30.636401615373902,1.4376708330237307,6.69921875,16.40625
1BBIY.mp4,2977,0,26.666666666666668,0.6719686249853112,17.59375,23.296875
1BBIY.mp4,2978,1,26.666666666666668,0.6868039590190165,19.59375,24.90625
1BBIY.mp4,2979,2,26.666666666666668,0.6775590829784051,2.19921875,12.6015625
1GGRY.mp4,2884,0,21.081117198984366,0.33645849995082244,0.7998046875,6.1015625
1GGRY.mp4,2885,1,21.081117198984366,0.3335646669729613,8.8984375,14.296875
1GII3.mp4,2897,0,28.7,0.3647107500000857,18.703125,25.0
1GII3.mp4,2898,1,28.7,0.3566463330062106,18.703125,25.0
1GII3.mp4,2899,2,28.7,0.3567317499546334,18.703125,25.0
1W6ZK.mp4,2970,0,32.93333333333333,1.5403513750061393,0.0,5.5
1W6ZK.mp4,2971,1,32.93333333333333,1.5381241670111194,7.69921875,17.5
1W6ZK.mp4,2972,2,32.93333333333333,1.5421125830034725,20.09375,25.203125
1W6ZK.mp4,2973,3,32.93333333333333,1.5409482499817386,0.7998046875,9.703125
1W6ZK.mp4,2974,4,32.93333333333333,1.5420183339738287,0.0,5.5
2UQKZ.mp4,2922,0,35.47501004957792,1.3618764580460265,19.296875,24.703125
2UQKZ.mp4,2923,1,35.47501004957792,1.3623572920332663,6.0,22.796875
4A28I.mp4,2858,0,29.533333333333335,0.07682404195657,2.30078125,10.6015625
4A28I.mp4,2859,1,29.533333333333335,0.08052570803556591,9.203125,15.296875
4A28I.mp4,2860,2,29.533333333333335,0.0873507079668343,2.30078125,10.6015625
62AC0.mp4,2889,0,9.009,0.02882433298509568,0.0,4.1015625
6H78U.mp4,2861,0,34.49838554353368,1.7000894169905223,0.0,12.703125
93REJ.mp4,2980,0,30.8,1.0954829580150545,3.400390625,10.5
9AC1T.mp4,2919,0,17.279999999999998,0.22301829198841006,0.0,4.80078125
9AC1T.mp4,2920,1,17.279999999999998,0.2312643330078572,0.0,4.80078125
9M48H.mp4,2986,0,31.31115459882583,0.08074887498514727,0.0,8.703125
9M48H.mp4,2987,1,31.31115459882583,0.09220000001369044,0.0,8.703125
9M48H.mp4,2988,2,31.31115459882583,0.09082824998768046,0.0,8.703125
BDZNW.mp4,2943,0,32.97143811591782,0.646354958997108,28.703125,34.0
BDZNW.mp4,2944,1,32.97143811591782,0.6381019999971613,28.703125,34.0
BEJVY.mp4,2886,0,15.066666666666666,0.029230708023533225,6.80078125,12.1015625
BEJVY.mp4,2887,1,15.066666666666666,0.029639250016771257,2.400390625,8.1015625
CPM4M.mp4,2862,0,29.361659484918327,1.2650212919688784,0.0,4.80078125
CPM4M.mp4,2863,1,29.361659484918327,1.262789625034202,0.0,4.80078125
CPM4M.mp4,2864,2,29.361659484918327,1.265277209051419,26.296875,30.0
CPM4M.mp4,2865,3,29.361659484918327,1.2657198330271058,26.296875,30.0
CPM4M.mp4,2866,4,29.361659484918327,1.2665567909716628,26.09375,30.0
CPM4M.mp4,2867,5,29.361659484918327,1.2602812090190127,26.09375,30.0
EJZZZ.mp4,2888,0,30.133333333333333,0.827951084007509,2.400390625,10.703125
EXYY8.mp4,2935,0,19.36842105263158,0.6683091250015423,0.0,7.0
EXYY8.mp4,2936,1,19.36842105263158,0.6702622079756111,14.1015625,20.0
FMZOY.mp4,2918,0,42.3,0.5695406250306405,35.0,41.09375
FQOGZ.mp4,2950,0,32.57420833333333,2.149323582998477,17.5,23.703125
FQOGZ.mp4,2951,1,32.57420833333333,2.1365195420221426,23.59375,29.5
FQOGZ.mp4,2952,2,32.57420833333333,2.1515984169673175,17.5,23.703125
FQOGZ.mp4,2953,3,32.57420833333333,2.145004624966532,10.1015625,17.09375
GGN5G.mp4,2921,0,30.266666666666666,0.7273849160410464,0.0,9.0
HQ8ZM.mp4,2963,0,21.27146730943055,0.5797513340367004,16.0,21.0
I7GZI.mp4,2990,0,32.17921242968122,0.27521995798451826,0.0,5.8984375
I7GZI.mp4,2991,1,32.17921242968122,0.27513949997955933,0.0,5.8984375
I7GZI.mp4,2992,2,32.17921242968122,0.27502058300888166,0.0,5.8984375
IBWAW.mp4,2996,0,30.666666666666668,1.1892735410365276,17.5,23.296875
IBWAW.mp4,2997,1,30.666666666666668,1.1920761670335196,17.5,23.296875
IBWAW.mp4,2998,2,30.666666666666668,1.1867533750482835,21.0,26.5
IBWAW.mp4,2999,3,30.666666666666668,1.184405458974652,1.400390625,9.3984375
IEQWT.mp4,2954,0,27.0,0.6860773749649525,2.099609375,8.8984375
IEQWT.mp4,2955,1,27.0,0.6874456669902429,2.099609375,8.8984375
JDZV7.mp4,2892,0,31.066666666666666,1.532069458044134,0.0,9.796875
JDZV7.mp4,2893,1,31.066666666666666,1.5296246660291217,0.0,9.796875
JDZV7.mp4,2894,2,31.066666666666666,1.5294953749980778,25.203125,30.90625
JDZV7.mp4,2895,3,31.066666666666666,1.5387413750286214,22.703125,32.0
JDZV7.mp4,2896,4,31.066666666666666,1.5335805000504479,0.0,9.796875
JHB0M.mp4,2927,0,20.310058887152987,0.3130412499886006,0.0,6.19921875
JHB0M.mp4,2928,1,20.310058887152987,0.31425612495513633,0.0,6.19921875
JHB0M.mp4,2929,2,20.310058887152987,0.31567637500120327,0.0,6.19921875
JHB0M.mp4,2930,3,20.310058887152987,0.3138427500380203,0.0,6.19921875
JHB0M.mp4,2931,4,20.310058887152987,0.31230350001715124,7.69921875,14.8984375
JHB0M.mp4,2932,5,20.310058887152987,0.3130005829734728,7.69921875,14.8984375
JOMFO.mp4,2882,0,22.833333333333332,0.6925860829651356,15.0,20.09375
JOMFO.mp4,2883,1,22.833333333333332,0.6940400410094298,15.0,20.09375
KJRR9.mp4,2981,0,24.917243454709602,0.7662777919904329,2.400390625,9.203125
KJRR9.mp4,2982,1,24.917243454709602,0.7668387079611421,2.400390625,9.203125
KJRR9.mp4,2983,2,24.917243454709602,0.7690375419915654,6.3984375,11.203125
KJRR9.mp4,2984,3,24.917243454709602,0.7679126670118421,6.3984375,11.203125
KJRR9.mp4,2985,4,24.917243454709602,0.7690147499670275,6.3984375,11.203125
LRDW5.mp4,2868,0,27.566666666666666,0.7147685840027407,8.5,19.0
LRDW5.mp4,2869,1,27.566666666666666,0.7026492499862798,0.300048828125,7.1015625
LRDW5.mp4,2870,2,27.566666666666666,0.7146775840083137,0.300048828125,7.1015625
LRDW5.mp4,2871,3,27.566666666666666,0.7156212920090184,0.300048828125,7.1015625
LRDW5.mp4,2872,4,27.566666666666666,0.7159573750104755,21.296875,27.90625
LRDW5.mp4,2873,5,27.566666666666666,0.7082995839882642,6.69921875,20.5
N0ODO.mp4,2947,0,30.733333333333334,1.099106791021768,9.203125,16.796875
N0ODO.mp4,2948,1,30.733333333333334,1.1005172500154004,14.8984375,21.09375
N0ODO.mp4,2949,2,30.733333333333334,1.092873583023902,9.203125,16.796875
NATEB.mp4,2993,0,29.863166666666665,1.881830416037701,13.703125,19.90625
NATEB.mp4,2994,1,29.863166666666665,1.885385999979917,13.703125,19.90625
NATEB.mp4,2995,2,29.863166666666665,1.8692332920036279,15.6015625,22.203125
NAZ52.mp4,2937,0,34.22347918890075,1.4567801660159603,21.296875,27.203125
NAZ52.mp4,2938,1,34.22347918890075,1.4466752500156872,5.3984375,15.703125
NAZ52.mp4,2939,2,34.22347918890075,1.4430495830019936,21.296875,27.203125
NAZ52.mp4,2940,3,34.22347918890075,1.4410475000040606,0.0,6.1015625
NAZ52.mp4,2941,4,34.22347918890075,1.4415462499600835,0.0,6.1015625
NAZ52.mp4,2942,5,34.22347918890075,1.4491937500424683,23.796875,33.0
NQMMJ.mp4,2933,0,33.733333333333334,1.4796479580109008,26.796875,34.90625
NQMMJ.mp4,2934,1,33.733333333333334,1.4809336249600165,26.796875,34.90625
NTXXB.mp4,2877,0,35.568866666666665,0.36655804101610556,16.90625,26.90625
NTXXB.mp4,2878,1,35.568866666666665,0.3752656250144355,0.0,10.8984375
NTXXB.mp4,2879,2,35.568866666666665,0.374197416997049,11.0,17.5
NTXXB.mp4,2880,3,35.568866666666665,0.37662195798475295,0.0,10.8984375
NTXXB.mp4,2881,4,35.568866666666665,0.3740352909662761,0.0,10.8984375
RG0JH.mp4,2959,0,17.365701237831992,0.5824829999473877,0.0,8.1015625
RG0JH.mp4,2960,1,17.365701237831992,0.5891146669746377,0.0,8.1015625
RG0JH.mp4,2961,2,17.365701237831992,0.5863378329668194,0.0,8.1015625
SLAH4.mp4,2890,0,15.553072625698325,0.030275334022007883,0.0,3.900390625
SLAH4.mp4,2891,1,15.553072625698325,0.030625499959569424,10.0,15.296875
T8VDU.mp4,2903,0,33.233333333333334,0.3788666249602102,17.09375,27.59375
T8VDU.mp4,2904,1,33.233333333333334,0.3744640839868225,9.796875,21.5
UD0P0.mp4,2900,0,32.77053824362606,1.2679913329775445,1.099609375,6.1015625
UD0P0.mp4,2901,1,32.77053824362606,1.2629700410179794,17.5,25.796875
VF49P.mp4,2962,0,31.866666666666667,1.5532349160057493,2.80078125,10.1015625
VXEXI.mp4,2975,0,30.933333333333334,1.2805628750356846,17.796875,32.0
VXEXI.mp4,2976,1,30.933333333333334,1.2816102909855545,15.0,23.796875
W1CG2.mp4,2924,0,30.572208333333332,1.2543714580242522,5.0,16.796875
W1CG2.mp4,2925,1,30.572208333333332,1.2585370420129038,12.3984375,17.59375
W1CG2.mp4,2926,2,30.572208333333332,1.2482269579777494,13.3984375,19.09375
WX8N8.mp4,2989,0,31.416666666666668,0.44990145799238235,6.80078125,21.203125
X817Z.mp4,2956,0,32.36666666666667,1.3788232079823501,0.0,14.1015625
X817Z.mp4,2957,1,32.36666666666667,1.3758865839918144,9.203125,14.1015625
X817Z.mp4,2958,2,32.36666666666667,1.374564708035905,0.0,7.69921875
XHYA2.mp4,2964,0,30.966666666666665,1.2796493750065565,16.09375,21.5
XHYA2.mp4,2965,1,30.966666666666665,1.2769610830000602,12.703125,18.09375
XHYA2.mp4,2966,2,30.966666666666665,1.2818745829863474,20.90625,32.0
XHYA2.mp4,2967,3,30.966666666666665,1.2753966670134105,16.09375,21.5
XHYA2.mp4,2968,4,30.966666666666665,1.275782042008359,16.09375,21.5
XHYA2.mp4,2969,5,30.966666666666665,1.2756177500123158,20.90625,32.0
XJE7I.mp4,2850,0,28.741641337386017,1.2579714579624124,2.900390625,9.6015625
XJE7I.mp4,2851,1,28.741641337386017,1.2587001249776222,8.3984375,13.703125
XJE7I.mp4,2852,2,28.741641337386017,1.25751083396608,8.3984375,13.703125
XJE7I.mp4,2853,3,28.741641337386017,1.2463558749877848,2.900390625,9.6015625
XJE7I.mp4,2854,4,28.741641337386017,1.2610958339646459,24.703125,30.0
XJE7I.mp4,2855,5,28.741641337386017,1.2409237080137245,20.203125,27.90625
XJE7I.mp4,2856,6,28.741641337386017,1.2536494169617072,2.900390625,9.6015625
XJE7I.mp4,2857,7,28.741641337386017,1.2430059170001186,20.203125,27.90625
YNF6O.mp4,2902,0,16.43379906852961,0.21710212499601766,0.0,6.0
ZJRCS.mp4,2945,0,31.133333333333333,1.0199086249922402,4.8984375,20.203125
ZJRCS.mp4,2946,1,31.133333333333333,1.011458458029665,11.1015625,21.90625
0A8CF.mp4,3080,0,32.2,1.0224872920080088,25.5,33.0
0A8CF.mp4,3081,1,32.2,0.9289114579441957,24.90625,33.0
0DD62.mp4,3043,0,17.22707337310838,0.3338970410404727,0.0,7.8984375
0LDN3.mp4,3127,0,16.764811921644032,0.39868604199727997,0.0,7.0
0LDN3.mp4,3128,1,16.764811921644032,0.4053806670126505,5.0,10.0
0LDN3.mp4,3129,2,16.764811921644032,0.40754629200091586,5.0,10.0
0LDN3.mp4,3130,3,16.764811921644032,0.39595512504456565,10.0,15.0
0PVKV.mp4,3033,0,32.5,0.6599917500279844,20.09375,25.09375
0PVKV.mp4,3034,1,32.5,0.6475153749925084,8.1015625,15.5
0PVKV.mp4,3035,2,32.5,0.6489590830169618,20.09375,25.09375
0PVKV.mp4,3036,3,32.5,0.6431785000022501,8.1015625,15.5
14HG1.mp4,3079,0,30.363666666666663,1.8750803750008345,16.09375,21.703125
1TZK5.mp4,3136,0,30.733333333333334,1.5432234579930082,5.69921875,11.3984375
2U3X0.mp4,3074,0,29.113881739479226,1.265258458966855,0.0,6.69921875
2U3X0.mp4,3075,1,29.113881739479226,1.2467167500290088,24.90625,30.0
2U3X0.mp4,3076,2,29.113881739479226,1.2601120420149527,2.80078125,7.0
2U3X0.mp4,3077,3,29.113881739479226,1.2569022079696879,0.0,5.8984375
2U3X0.mp4,3078,4,29.113881739479226,1.2663193329935893,24.90625,30.0
3IAPG.mp4,3059,0,26.482134539889547,0.14024091698229313,24.5,27.0
3LIGG.mp4,3092,0,26.820573756577833,0.5104247920098715,3.5,10.6015625
3OZUX.mp4,3145,0,31.033333333333335,1.0199588749674149,1.099609375,11.3984375
48XER.mp4,3086,0,31.733333333333334,1.4500313329626806,9.796875,15.703125
48XER.mp4,3087,1,31.733333333333334,1.4456545420107432,12.296875,16.90625
48XER.mp4,3088,2,31.733333333333334,1.4501370830112137,0.0,15.0
610PZ.mp4,3008,0,31.96526666666667,0.8572237910120748,0.199951171875,7.8984375
6B2FN.mp4,3060,0,23.975483715899532,0.9477811660035513,0.0,6.19921875
6B2FN.mp4,3061,1,23.975483715899532,0.9485248329583555,1.2001953125,7.19921875
6OQYV.mp4,3016,0,15.5,0.5870299999951385,10.796875,16.0
6OQYV.mp4,3017,1,15.5,0.5876187919639051,0.0,4.30078125
6OQYV.mp4,3018,2,15.5,0.5869679590105079,0.0,4.30078125
6OQYV.mp4,3019,3,15.5,0.5902319999877363,5.5,13.203125
6OQYV.mp4,3020,4,15.5,0.5887539170216769,5.30078125,12.203125
6TC5G.mp4,3009,0,17.475791666666666,1.0386263330001384,12.296875,17.5
6TC5G.mp4,3010,1,17.475791666666666,1.0356800830340944,12.296875,17.5
6TC5G.mp4,3011,2,17.475791666666666,1.036691166984383,14.0,18.0
6TC5G.mp4,3012,3,17.475791666666666,1.0379588750074618,14.0,18.0
6TC5G.mp4,3013,4,17.475791666666666,1.0371182090020739,14.0,18.0
6TC5G.mp4,3014,5,17.475791666666666,1.0368345839669928,11.8984375,17.203125
73ZXZ.mp4,3096,0,17.017,0.5887459999648854,7.5,12.796875
73ZXZ.mp4,3097,1,17.017,0.5901599169592373,8.1015625,13.0
73ZXZ.mp4,3098,2,17.017,0.5909252910059877,6.8984375,11.796875
73ZXZ.mp4,3099,3,17.017,0.5908136669895612,7.5,12.796875
7KW31.mp4,3052,0,11.459488523708707,0.2226525829755701,0.0,3.400390625
83S5W.mp4,3137,0,26.359666666666666,0.9806872920016758,5.80078125,12.3984375
A1BS2.mp4,3001,0,47.60383386581469,1.0340522500337102,14.0,20.09375
A1BS2.mp4,3002,1,47.60383386581469,1.0374783329898492,14.8984375,20.59375
A1BS2.mp4,3003,2,47.60383386581469,1.0379244580399245,14.0,20.09375
AYSTI.mp4,3024,0,30.259462351210377,0.5620719589642249,17.703125,31.0
BD9UN.mp4,3109,0,30.333333333333332,1.2596330410451628,17.40625,29.59375
BRBWJ.mp4,3144,0,22.112726835716863,0.8543747919611633,1.900390625,6.3984375
BRQBD.mp4,3148,0,32.79943333333333,0.08255683397874236,0.0999755859375,8.3984375
BRQBD.mp4,3149,1,32.79943333333333,0.09239491703920066,27.203125,33.6875
C6INR.mp4,3073,0,35.2352,0.63659687503241,14.203125,19.40625
C6V75.mp4,3143,0,31.614916666666666,1.7133514159941114,26.5,32.6875
CEZ4D.mp4,3021,0,34.00319403779611,1.139343083021231,17.90625,27.203125
CEZ4D.mp4,3022,1,34.00319403779611,1.1357229159912094,27.796875,35.0
COFJV.mp4,3106,0,22.18883333333333,1.4949527920107357,8.6015625,17.5
COFJV.mp4,3107,1,22.18883333333333,1.4963101670145988,0.0,4.1015625
COFJV.mp4,3108,2,22.18883333333333,1.4956607909989543,8.703125,17.5
EDSUD.mp4,3051,0,25.025,1.321414125035517,19.796875,24.5
EJFUA.mp4,3093,0,31.70970905524681,0.03386595897609368,13.1015625,21.0
EJFUA.mp4,3094,1,31.70970905524681,0.034278291976079345,13.1015625,21.0
EJFUA.mp4,3095,2,31.70970905524681,0.03401900001335889,13.1015625,21.0
EK5K1.mp4,3048,0,42.97385620915033,0.40136550000170246,19.5,36.40625
EK5K1.mp4,3049,1,42.97385620915033,0.40227725001750514,39.90625,44.0
EK5K1.mp4,3050,2,42.97385620915033,0.40125354198971763,21.203125,36.8125
F75LG.mp4,3023,0,32.13333333333333,1.1874586659832858,17.09375,26.296875
FAO7J.mp4,3100,0,45.2,0.7973723330069333,0.0,4.8984375
FAO7J.mp4,3101,1,45.2,0.7756465409765951,36.0,41.09375
FAO7J.mp4,3102,2,45.2,0.7750502499984577,37.3125,43.59375
FAO7J.mp4,3103,3,45.2,0.7766567500075325,37.3125,43.59375
FAO7J.mp4,3104,4,45.2,0.7815011250204407,36.0,41.09375
FAO7J.mp4,3105,5,45.2,0.7778940830030479,0.0,4.8984375
FC2SK.mp4,3121,0,26.84,0.7078103339881636,3.80078125,10.8984375
FC2SK.mp4,3122,1,26.84,0.707050416036509,17.5,28.0
FC2SK.mp4,3123,2,26.84,0.6986520829959773,5.80078125,12.8984375
FQGW4.mp4,3025,0,25.166444740346204,0.043722250033169985,5.3984375,10.203125
FQGW4.mp4,3026,1,25.166444740346204,0.04570983297890052,10.6015625,17.90625
FQGW4.mp4,3027,2,25.166444740346204,0.04510512499837205,10.6015625,17.90625
FQGW4.mp4,3028,3,25.166444740346204,0.044836291985120624,17.09375,23.0
FQGW4.mp4,3029,4,25.166444740346204,0.04574450000654906,19.90625,25.40625
FQGW4.mp4,3030,5,25.166444740346204,0.04279224999481812,10.6015625,17.90625
FQGW4.mp4,3031,6,25.166444740346204,0.04310366598656401,19.90625,25.40625
G2QBV.mp4,3053,0,30.23825255548214,1.070886834000703,15.5,20.203125
G2QBV.mp4,3054,1,30.23825255548214,1.0665819160058163,11.296875,19.90625
G2QBV.mp4,3055,2,30.23825255548214,1.0802680830238387,0.0,7.1015625
G2QBV.mp4,3056,3,30.23825255548214,1.077095750020817,0.0,7.1015625
G2QBV.mp4,3057,4,30.23825255548214,1.0742139579961076,11.296875,19.90625
G2QBV.mp4,3058,5,30.23825255548214,1.0832292080158368,0.0,7.1015625
HH1R7.mp4,3032,0,29.676184133854992,0.4451457089744508,14.5,26.203125
IBWAW.mp4,3000,0,30.666666666666668,1.1899999589659274,1.400390625,9.3984375
JKGTN.mp4,3124,0,33.299933333333335,1.0042395840282552,0.0,3.80078125
JKGTN.mp4,3125,1,33.299933333333335,0.9956207079812884,0.0,3.80078125
JKGTN.mp4,3126,2,33.299933333333335,1.0097189160296693,0.0,3.80078125
KK7D4.mp4,3089,0,30.466666666666665,1.3518278329866007,0.0,6.0
KK7D4.mp4,3090,1,30.466666666666665,1.3501800840022042,0.89990234375,8.203125
KK7D4.mp4,3091,2,30.466666666666665,1.3495372909819707,0.89990234375,8.203125
LCA0Q.mp4,3044,0,32.67078670452648,0.3780758749926463,7.5,12.1015625
LD6TD.mp4,3113,0,35.41644858508671,0.7324099999968894,0.0,9.3984375
LD6TD.mp4,3114,1,35.41644858508671,0.7413651249953546,5.3984375,10.296875
LPKPO.mp4,3110,0,34.208333333333336,0.8149402920389548,0.0,17.09375
LPKPO.mp4,3111,1,34.208333333333336,0.8035625829943456,0.0,17.09375
LPKPO.mp4,3112,2,34.208333333333336,0.8167560420115478,0.0,17.09375
LWRKS.mp4,3116,0,31.248953344274376,0.5464128749445081,3.30078125,11.796875
M6ERH.mp4,3069,0,32.03333333333333,0.9116745829815045,19.90625,32.3125
MFGLZ.mp4,3004,0,36.64514384233123,0.2869870000286028,18.703125,30.40625
MFGLZ.mp4,3005,1,36.64514384233123,0.2915724999620579,0.0,8.6015625
MZ3I3.mp4,3062,0,42.54147449576651,1.7462742910138331,17.796875,31.203125
MZ3I3.mp4,3063,1,42.54147449576651,1.7499496660311706,33.09375,44.0
MZ3I3.mp4,3064,2,42.54147449576651,1.7529757090378553,0.0,12.8984375
MZ3I3.mp4,3065,3,42.54147449576651,1.7435950830113143,33.09375,44.0
MZ3I3.mp4,3066,4,42.54147449576651,1.7476304580341093,17.796875,31.203125
MZ3I3.mp4,3067,5,42.54147449576651,1.7429344580159523,17.796875,31.203125
MZ3I3.mp4,3068,6,42.54147449576651,1.7477138750255108,0.0,12.8984375
PJUM0.mp4,3131,0,31.848626925653047,0.3689040000317618,9.6015625,21.59375
PJUM0.mp4,3132,1,31.848626925653047,0.35928429203340784,19.5,29.203125
PJUM0.mp4,3133,2,31.848626925653047,0.3662871249835007,1.7001953125,9.203125
PJUM0.mp4,3134,3,31.848626925653047,0.3681091670296155,9.6015625,21.59375
PJUM0.mp4,3135,4,31.848626925653047,0.37340883299475536,0.0,6.1015625
QBUAT.mp4,3082,0,30.283742588188,1.441060875018593,0.0,9.703125
QBUAT.mp4,3083,1,30.283742588188,1.4403725829906762,17.703125,30.296875
QBUAT.mp4,3084,2,30.283742588188,1.441754624946043,8.6015625,15.796875
QBUAT.mp4,3085,3,30.283742588188,1.439789791998919,0.0,9.703125
QD1U7.mp4,3115,0,34.78639346457748,0.9164406249765307,1.5,7.6015625
QF1Y0.mp4,3040,0,30.9,1.1105352910235524,10.3984375,18.703125
QF1Y0.mp4,3041,1,30.9,1.1023763340199366,10.3984375,18.703125
QF1Y0.mp4,3042,2,30.9,1.1021694169612601,13.1015625,24.703125
QN7Y2.mp4,3006,0,19.22845811801466,0.49416758300503716,6.1015625,12.5
QN7Y2.mp4,3007,1,19.22845811801466,0.4959318750188686,6.1015625,12.5
S444Y.mp4,3117,0,35.63231197771588,1.4566471669822931,6.30078125,11.703125
T42A2.mp4,3037,0,32.766666666666666,1.2861880840500817,23.703125,30.5
TFWNO.mp4,3138,0,29.81651376146789,0.03512745798798278,19.5,25.0
TFWNO.mp4,3139,1,29.81651376146789,0.03674849995877594,11.703125,22.59375
TFWNO.mp4,3140,2,29.81651376146789,0.038546625000890344,11.703125,22.59375
TFWNO.mp4,3141,3,29.81651376146789,0.03846408403478563,11.703125,22.59375
TFWNO.mp4,3142,4,29.81651376146789,0.03493799996795133,11.703125,22.59375
TU9K1.mp4,3045,0,41.25224196967226,0.4098083329736255,34.09375,40.8125
TU9K1.mp4,3046,1,41.25224196967226,0.40578854095656425,1.099609375,9.3984375
TU9K1.mp4,3047,2,41.25224196967226,0.4056507499772124,15.8984375,35.40625
V6H2O.mp4,3070,0,36.87016666666667,0.9127119170152582,3.5,10.5
V6H2O.mp4,3071,1,36.87016666666667,0.9158536250470206,8.1015625,14.5
V6H2O.mp4,3072,2,36.87016666666667,0.9180997500079684,0.0,3.5
W8P6Q.mp4,3038,0,34.733333333333334,0.9128345840144902,0.39990234375,15.3984375
W8P6Q.mp4,3039,1,34.733333333333334,0.9166396660148166,0.39990234375,15.3984375
X11CU.mp4,3146,0,31.533333333333335,1.2015652090194635,4.0,13.3984375
X11CU.mp4,3147,1,31.533333333333335,1.2011392910499126,3.19921875,13.203125
XZ2WT.mp4,3015,0,30.866666666666667,0.9181925419834442,15.796875,29.59375
ZSAQG.mp4,3118,0,30.8,1.3698442080058157,4.0,12.5
ZSAQG.mp4,3119,1,30.8,1.366852667008061,4.0,12.5
ZSAQG.mp4,3120,2,30.8,1.3745237079565413,4.0,12.5
0F7LW.mp4,3252,0,30.630630630630627,0.23580033297184855,0.7998046875,8.1015625
0F7LW.mp4,3253,1,30.630630630630627,0.13231683301273733,12.6015625,19.5
0F7LW.mp4,3254,2,30.630630630630627,0.12128295900765806,25.0,31.0
0F7LW.mp4,3255,3,30.630630630630627,0.13438695803051814,25.0,31.0
0F7LW.mp4,3256,4,30.630630630630627,0.13317716697929427,12.6015625,19.5
0F7LW.mp4,3257,5,30.630630630630627,0.1226123750093393,0.0,4.6015625
0F7LW.mp4,3258,6,30.630630630630627,0.12219104199903086,12.6015625,19.5
0HR01.mp4,3273,0,30.259462351210377,0.9983817919855937,1.0,13.703125
0J1BT.mp4,3265,0,16.764811921644032,0.49901683296775445,9.5,15.203125
1B9DK.mp4,3245,0,32.376068376068375,1.4477943330421112,1.599609375,8.203125
1B9DK.mp4,3246,1,32.376068376068375,1.4552803340484388,1.2998046875,7.69921875
1B9DK.mp4,3247,2,32.376068376068375,1.4651593329617754,0.0,5.8984375
3Q92U.mp4,3161,0,30.113416666666666,1.8777331660385244,1.0,5.80078125
3VH9O.mp4,3261,0,30.292898221211715,0.2810470419935882,5.69921875,14.703125
3VH9O.mp4,3262,1,30.292898221211715,0.2855797910015099,3.30078125,7.8984375
3VH9O.mp4,3263,2,30.292898221211715,0.2834100420004688,5.69921875,14.703125
3VH9O.mp4,3264,3,30.292898221211715,0.2834357090177946,5.69921875,14.703125
3VWSP.mp4,3188,0,28.87848222862632,0.049338792043272406,24.59375,30.0
44PFW.mp4,3201,0,24.734982332155475,0.9772177909617312,17.59375,24.203125
44PFW.mp4,3202,1,24.734982332155475,0.9620700420346111,17.59375,24.203125
44PFW.mp4,3203,2,24.734982332155475,0.9624235419905744,17.59375,24.203125
4RT06.mp4,3274,0,31.10547516037595,0.9786993329762481,4.80078125,12.0
4RT06.mp4,3275,1,31.10547516037595,0.9817731670336798,0.0,4.30078125
4RT06.mp4,3276,2,31.10547516037595,0.9698039999930188,0.0,4.30078125
4RT06.mp4,3277,3,31.10547516037595,0.9697869170340709,0.0,2.599609375
4RT06.mp4,3278,4,31.10547516037595,0.9705959580023773,0.0,2.599609375
4RT06.mp4,3279,5,31.10547516037595,0.9703679590020329,4.80078125,12.0
4RT06.mp4,3280,6,31.10547516037595,0.9710496659972705,0.0,4.30078125
4TX4N.mp4,3165,0,32.76,0.5602506659924984,0.0,6.80078125
4TX4N.mp4,3166,1,32.76,0.550151375005953,0.0,6.80078125
4TX4N.mp4,3167,2,32.76,0.5378861670033075,0.0,6.80078125
4TX4N.mp4,3168,3,32.76,0.535488500026986,14.3984375,28.203125
4VX01.mp4,3157,0,30.197639032872956,0.9163073330419138,3.30078125,10.5
4VX01.mp4,3158,1,30.197639032872956,0.898367874964606,24.09375,31.0
4VX01.mp4,3159,2,30.197639032872956,0.9060118339839391,0.0,9.3984375
4VX01.mp4,3160,3,30.197639032872956,0.908372791018337,0.0,9.3984375
4WVTC.mp4,3162,0,21.5719264511477,0.7644083329942077,0.0,7.1015625
4WVTC.mp4,3163,1,21.5719264511477,0.7627987500163727,0.0,4.6015625
4WVTC.mp4,3164,2,21.5719264511477,0.762762208993081,2.5,10.1015625
4ZJXR.mp4,3200,0,31.7,0.0788752079824917,2.400390625,10.6015625
5GP8M.mp4,3288,0,32.78523827065403,0.7484660409973003,0.0,12.703125
6E8GP.mp4,3223,0,32.891507118311246,0.2161621249979362,10.796875,18.296875
6E8GP.mp4,3224,1,32.891507118311246,0.21634625003207475,1.599609375,8.3984375
6E8GP.mp4,3225,2,32.891507118311246,0.2159477500244975,10.796875,18.296875
6FJBD.mp4,3281,0,30.30666538609297,0.7216163339908235,9.3984375,15.6015625
6FJBD.mp4,3282,1,30.30666538609297,0.7022984169889241,9.3984375,15.6015625
72M7T.mp4,3292,0,17.305612306213195,0.3266676659695804,4.0,9.0
72M7T.mp4,3293,1,17.305612306213195,0.30885983305051923,4.0,9.0
72M7T.mp4,3294,2,17.305612306213195,0.31148104200838134,4.0,9.0
72M7T.mp4,3295,3,17.305612306213195,0.3150223339907825,0.0,5.1015625
72M7T.mp4,3296,4,17.305612306213195,0.31209229200612754,14.0,18.0
7614L.mp4,3150,0,25.792433333333335,0.158857166999951,14.6015625,27.0
7614L.mp4,3151,1,25.792433333333335,0.16102570801740512,0.0,5.3984375
7R0LB.mp4,3179,0,30.866666666666667,1.3793735419749282,10.703125,18.203125
7R0LB.mp4,3180,1,30.866666666666667,1.372085666982457,6.5,11.0
7R0LB.mp4,3181,2,30.866666666666667,1.3745944169932045,8.203125,19.09375
7R44Z.mp4,3266,0,32.79943333333333,0.7242144999909215,4.8984375,11.0
7R44Z.mp4,3267,1,32.79943333333333,0.725138874957338,4.8984375,11.0
999BP.mp4,3169,0,32.609431026317566,1.0905433329753578,2.099609375,7.69921875
999BP.mp4,3170,1,32.609431026317566,1.0771557909902185,24.40625,31.203125
AFUBX.mp4,3171,0,24.666666666666668,0.4466320410137996,7.6015625,14.203125
AFUBX.mp4,3172,1,24.666666666666668,0.43528408400015905,18.796875,23.296875
AFUBX.mp4,3173,2,24.666666666666668,0.4566613750066608,18.796875,23.296875
AFUBX.mp4,3174,3,24.666666666666668,0.4362944170134142,18.796875,23.296875
AKU63.mp4,3259,0,34.92,1.2745616669999436,0.60009765625,10.703125
BLLCM.mp4,3287,0,32.04,0.6502901670173742,30.0,33.0
D8FTI.mp4,3271,0,31.033333333333335,1.466223249968607,1.400390625,7.0
D8FTI.mp4,3272,1,31.033333333333335,1.4672241249936633,1.400390625,7.0
DOYQE.mp4,3185,0,35.56666666666667,0.6465074580046348,19.203125,28.40625
DOYQE.mp4,3186,1,35.56666666666667,0.6483635829645209,22.796875,37.0
DOYQE.mp4,3187,2,35.56666666666667,0.6500020420062356,16.90625,22.296875
E8JEJ.mp4,3268,0,22.133333333333333,0.711014750006143,0.0,3.400390625
E8JEJ.mp4,3269,1,22.133333333333333,0.6986069169943221,16.203125,22.703125
E8JEJ.mp4,3270,2,22.133333333333333,0.6985084170009941,4.5,9.296875
EYZXC.mp4,3233,0,41.2,1.0989336670027114,8.8984375,23.203125
EYZXC.mp4,3234,1,41.2,1.0999264589627273,6.3984375,11.1015625
EYZXC.mp4,3235,2,41.2,1.10112762497738,20.296875,32.3125
GQ341.mp4,3217,0,30.904707694368177,0.27527941699372604,0.7998046875,5.19921875
GQ341.mp4,3218,1,30.904707694368177,0.27578979096142575,6.0,14.1015625
GQ341.mp4,3219,2,30.904707694368177,0.27518250001594424,0.7998046875,5.19921875
HBL9L.mp4,3212,0,13.825191093386508,0.03509404102806002,1.900390625,8.796875
HBL9L.mp4,3213,1,13.825191093386508,0.03280474996427074,1.900390625,8.796875
HP3HV.mp4,3286,0,18.566666666666666,0.681040583003778,14.296875,18.59375
HQ8K2.mp4,3156,0,16.40427833193126,0.39878983300877735,2.80078125,9.8984375
K5NFS.mp4,3196,0,31.6,0.7271040829946287,2.69921875,9.3984375
K5NFS.mp4,3197,1,31.6,0.7245298330090009,2.900390625,10.203125
K5NFS.mp4,3198,2,31.6,0.7249045830103569,0.0,6.6015625
K5NFS.mp4,3199,3,31.6,0.7254610410309397,9.8984375,15.3984375
LQ0FJ.mp4,3215,0,32.733333333333334,1.2231865409994498,23.59375,34.0
LQ0FJ.mp4,3216,1,32.733333333333334,1.2217421250534244,23.59375,34.0
NHH8N.mp4,3178,0,32.8,1.3610040839994326,4.69921875,13.796875
NO443.mp4,3289,0,29.662966666666666,0.8061075410223566,0.0,9.3984375
O8T6G.mp4,3175,0,33.872566666666664,0.8939320830395445,3.099609375,18.796875
O8T6G.mp4,3176,1,33.872566666666664,0.8781241670367308,0.0,10.6015625
O8T6G.mp4,3177,2,33.872566666666664,0.8818210830213502,0.0,10.6015625
ON2Z4.mp4,3152,0,26.966666666666665,0.9060525419772603,8.3984375,16.296875
ON2Z4.mp4,3153,1,26.966666666666665,0.9008362499880604,6.8984375,12.0
ON2Z4.mp4,3154,2,26.966666666666665,0.9090230000438169,8.3984375,16.296875
ON2Z4.mp4,3155,3,26.966666666666665,0.907007000001613,1.0,8.296875
ONMCW.mp4,3236,0,35.16846666666667,1.0002077919780277,21.703125,36.0
ONMCW.mp4,3237,1,35.16846666666667,1.0200860420009121,21.40625,27.5
PH5VU.mp4,3220,0,40.90654380175581,1.4231256250059232,18.703125,28.0
PH5VU.mp4,3221,1,40.90654380175581,1.4130269169691019,27.90625,33.5
PH5VU.mp4,3222,2,40.90654380175581,1.4181587080238387,28.296875,33.90625
PN1F2.mp4,3248,0,30.530499999999996,1.867551333969459,5.19921875,17.09375
PN1F2.mp4,3249,1,30.530499999999996,1.8695287500158884,2.099609375,17.296875
PN1F2.mp4,3250,2,30.530499999999996,1.8726514159934595,2.099609375,17.296875
PN1F2.mp4,3251,3,30.530499999999996,1.8723220829851925,2.099609375,17.296875
RON2M.mp4,3182,0,30.479439567859554,1.27269533398794,5.0,17.90625
RON2M.mp4,3183,1,30.479439567859554,1.2793104170123115,7.80078125,15.6015625
RON2M.mp4,3184,2,30.479439567859554,1.2740975830238312,0.0,7.0
S407A.mp4,3283,0,21.451748587910107,0.589199916983489,13.203125,21.40625
S407A.mp4,3284,1,21.451748587910107,0.5903640839969739,2.80078125,7.3984375
S407A.mp4,3285,2,21.451748587910107,0.5896139160031453,13.203125,21.40625
SROEU.mp4,3297,0,31.04170634164921,0.41535170801216736,0.0,5.1015625
SROEU.mp4,3298,1,31.04170634164921,0.41748795803869143,1.099609375,8.5
SROEU.mp4,3299,2,31.04170634164921,0.4162720419699326,1.099609375,8.5
TTVN5.mp4,3204,0,32.9,1.7348412919673137,0.0,13.5
TTVN5.mp4,3205,1,32.9,1.739492958993651,22.703125,34.0
TTVN5.mp4,3206,2,32.9,1.7397027920233086,0.0,13.203125
U5T4M.mp4,3226,0,19.633333333333333,0.6063435420510359,12.3984375,21.0
U5T4M.mp4,3227,1,19.633333333333333,0.6051007909700274,12.3984375,21.0
U5T4M.mp4,3228,2,19.633333333333333,0.6045185839757323,0.0,3.099609375
U5T4M.mp4,3229,3,19.633333333333333,0.6050861669937149,11.703125,21.0
U5T4M.mp4,3230,4,19.633333333333333,0.60975879203761,0.0,3.099609375
U5T4M.mp4,3231,5,19.633333333333333,0.6076029170071706,8.8984375,14.1015625
U5T4M.mp4,3232,6,19.633333333333333,0.6075037500122562,11.703125,21.0
UPT25.mp4,3290,0,30.155124999999998,1.0733195840148255,4.30078125,12.6015625
UPT25.mp4,3291,1,30.155124999999998,1.066943124984391,4.30078125,12.6015625
WEW2E.mp4,3194,0,33.377250768555115,1.364538417023141,1.5,5.80078125
WEW2E.mp4,3195,1,33.377250768555115,1.3567877919995226,0.0,8.0
WKVWF.mp4,3207,0,29.133333333333333,0.6282050829613581,2.400390625,9.6015625
WKVWF.mp4,3208,1,29.133333333333333,0.6327365000033751,0.0,4.30078125
WKVWF.mp4,3209,2,29.133333333333333,0.6331195409875363,0.0,4.30078125
WKVWF.mp4,3210,3,29.133333333333333,0.6345309159951285,2.400390625,9.6015625
WKVWF.mp4,3211,4,29.133333333333333,0.6323788749868982,19.703125,30.0
WXXYY.mp4,3238,0,35.308129706469956,1.5477060420089401,28.0,36.0
WXXYY.mp4,3239,1,35.308129706469956,1.5477619169978425,7.0,19.296875
WXXYY.mp4,3240,2,35.308129706469956,1.541115541011095,7.0,19.296875
WXXYY.mp4,3241,3,35.308129706469956,1.5486587500199676,7.0,19.296875
WXXYY.mp4,3242,4,35.308129706469956,1.5451304170419462,4.3984375,11.3984375
WXXYY.mp4,3243,5,35.308129706469956,1.545210916956421,28.40625,36.0
WXXYY.mp4,3244,6,35.308129706469956,1.550856541027315,28.40625,36.0
XYJYK.mp4,3260,0,32.63333333333333,1.5725639159791172,25.296875,33.5
Z0DO7.mp4,3214,0,29.666666666666668,0.920518875005655,20.09375,24.703125
ZPRJH.mp4,3189,0,30.941958766331407,1.376818708027713,0.0,4.5
ZPRJH.mp4,3190,1,30.941958766331407,1.3812452499987558,12.3984375,18.40625
ZPRJH.mp4,3191,2,30.941958766331407,1.37703249999322,8.5,17.0
ZPRJH.mp4,3192,3,30.941958766331407,1.3755294170114212,8.5,17.0
ZPRJH.mp4,3193,4,30.941958766331407,1.3833725830190815,0.0,4.5
0UPBN.mp4,3405,0,33.48,1.3653182499692775,19.296875,31.796875
0UPBN.mp4,3406,1,33.48,1.2774723329930566,19.59375,34.0
0UPBN.mp4,3407,2,33.48,1.276516374957282,19.296875,31.796875
1FX8Q.mp4,3336,0,28.166666666666668,0.7324454999761656,0.0,5.8984375
1VRH1.mp4,3432,0,30.375,0.07795562501996756,22.796875,31.0
1VRH1.mp4,3433,1,30.375,0.08000908297253773,12.3984375,18.703125
1VRH1.mp4,3434,2,30.375,0.09131920803338289,22.796875,31.0
1VRH1.mp4,3435,3,30.375,0.08525841700611636,12.3984375,18.703125
1VRH1.mp4,3436,4,30.375,0.08543033298337832,22.796875,31.0
1VRH1.mp4,3437,5,30.375,0.09806008299347013,22.796875,31.0
32K2C.mp4,3314,0,32.766666666666666,0.09061225003097206,11.8984375,20.5
3JCEI.mp4,3389,0,19.842860578850317,0.26591841696063057,0.300048828125,9.3984375
3JCEI.mp4,3390,1,19.842860578850317,0.2363330830121413,0.300048828125,9.3984375
3JCEI.mp4,3391,2,19.842860578850317,0.23672216600971296,9.6015625,17.796875
3JCEI.mp4,3392,3,19.842860578850317,0.24996933300280944,0.300048828125,9.3984375
3JCEI.mp4,3393,4,19.842860578850317,0.23788075003540143,9.0,17.5
5I5E5.mp4,3346,0,27.761066666666668,0.5000818750122562,2.599609375,8.3984375
5NG6Q.mp4,3319,0,30.6,1.5315310409641825,10.8984375,22.203125
5NG6Q.mp4,3320,1,30.6,1.530311582959257,10.5,14.8984375
5NG6Q.mp4,3321,2,30.6,1.5259786669630557,10.5,14.8984375
5P284.mp4,3410,0,40.514403990363405,0.21236733300611377,20.5,33.0
5P284.mp4,3411,1,40.514403990363405,0.21154029201716185,19.90625,25.09375
5UNMN.mp4,3444,0,14.161292467256166,0.02830599999288097,7.30078125,13.0
6CAZU.mp4,3423,0,31.786516853932582,1.1869564169901423,21.203125,27.90625
6CAZU.mp4,3424,1,31.786516853932582,1.1610356669989415,0.0,4.8984375
6IL0C.mp4,3372,0,39.13333333333333,1.385213166999165,0.0,16.5
6IL0C.mp4,3373,1,39.13333333333333,1.3801697500166483,0.0,16.5
6IL0C.mp4,3374,2,39.13333333333333,1.3840608749887906,14.6015625,25.09375
75F82.mp4,3425,0,20.790770340103354,0.7697146669961512,0.0,9.3984375
75F82.mp4,3426,1,20.790770340103354,0.7682836250169203,0.0,9.3984375
75F82.mp4,3427,2,20.790770340103354,0.7692660000175238,0.0,9.3984375
75F82.mp4,3428,3,20.790770340103354,0.769813124963548,0.0,9.3984375
7KHIH.mp4,3306,0,10.666666666666666,0.026209333969745785,7.3984375,12.0
81VSN.mp4,3379,0,39.45820589520385,0.3788412080029957,21.296875,39.3125
9PXI9.mp4,3438,0,30.943025540275052,0.12343887495808303,10.5,16.40625
9VF2C.mp4,3311,0,23.666666666666668,0.24406512500718236,14.5,19.5
9VF2C.mp4,3312,1,23.666666666666668,0.24587745795724913,16.5,21.796875
AWN1C.mp4,3447,0,45.89253633839621,0.31634604203281924,27.0,39.0
AWN1C.mp4,3448,1,45.89253633839621,0.317946832976304,27.0,39.0
AWN1C.mp4,3449,2,45.89253633839621,0.3161443749559112,27.0,39.0
BVDIM.mp4,3338,0,30.666666666666668,1.2712559169740416,22.59375,29.203125
BVDIM.mp4,3339,1,30.666666666666668,1.266742209030781,22.59375,29.203125
C1DK7.mp4,3412,0,27.402375,0.891167833993677,22.5,28.0
C1DK7.mp4,3413,1,27.402375,0.8739811250125058,20.59375,25.90625
C1DK7.mp4,3414,2,27.402375,0.8758512079948559,22.5,28.0
C1DK7.mp4,3415,3,27.402375,0.8756676249904558,20.59375,25.90625
C1DK7.mp4,3416,4,27.402375,0.8762607079697773,4.19921875,10.203125
C4MUA.mp4,3429,0,30.163466666666668,0.04635370901087299,2.19921875,7.8984375
D6MZ4.mp4,3315,0,23.13423867323639,0.8539147090050392,0.7001953125,10.203125
DAA3F.mp4,3365,0,32.03333333333333,0.2760953750112094,24.796875,29.296875
DAA3F.mp4,3366,1,32.03333333333333,0.2672055829898454,18.09375,27.203125
DAA3F.mp4,3367,2,32.03333333333333,0.2748301249812357,24.796875,29.296875
DAA3F.mp4,3368,3,32.03333333333333,0.2752247080206871,18.09375,27.203125
DAA3F.mp4,3369,4,32.03333333333333,0.2743950000149198,11.5,17.40625
EXW9K.mp4,3309,0,32.50446936453763,0.21448216697899625,26.09375,33.0
FB3ZG.mp4,3422,0,19.517757134712767,0.23684608296025544,4.5,9.203125
GFJ98.mp4,3334,0,31.69358786098874,0.21699475002242252,9.3984375,17.40625
GM3UK.mp4,3307,0,23.097334459051982,0.3166662500007078,1.599609375,6.8984375
GM3UK.mp4,3308,1,23.097334459051982,0.3171109579852782,18.40625,24.0
GS3M4.mp4,3347,0,26.1,0.541337167029269,0.89990234375,7.8984375
HLB3J.mp4,3404,0,31.1,0.8148702499456704,5.0,11.203125
KOQGE.mp4,3371,0,30.7,1.0971024169703014,8.796875,17.796875
KQDX6.mp4,3303,0,24.516284100468695,0.3186813340289518,17.0,25.0
KQDX6.mp4,3304,1,24.516284100468695,0.31532362499274313,4.0,10.1015625
KQDX6.mp4,3305,2,24.516284100468695,0.31788641697494313,4.0,10.1015625
LG7WK.mp4,3316,0,16.866666666666667,0.03238966595381498,0.0,3.5
LG7WK.mp4,3317,1,16.866666666666667,0.0334458330180496,0.0,3.5
LG7WK.mp4,3318,2,16.866666666666667,0.03342079202411696,0.0,3.5
LLE9B.mp4,3323,0,25.78279944708216,0.5949350000009872,1.400390625,9.0
LLE9B.mp4,3324,1,25.78279944708216,0.5906100830179639,1.400390625,9.0
LLE9B.mp4,3325,2,25.78279944708216,0.5929205419961363,14.296875,22.40625
LLE9B.mp4,3326,3,25.78279944708216,0.5918885000282899,19.296875,24.796875
LLE9B.mp4,3327,4,25.78279944708216,0.5911323329783045,19.296875,24.796875
LLE9B.mp4,3328,5,25.78279944708216,0.5915718330070376,19.703125,26.0
LXLW4.mp4,3388,0,36.58290782047837,1.5345836249762215,28.203125,38.0
M4FOP.mp4,3430,0,32.14601920588436,1.167087291018106,6.19921875,11.296875
M4FOP.mp4,3431,1,32.14601920588436,1.161900124978274,5.3984375,10.0
M6HAF.mp4,3402,0,11.409230769230769,0.12521695799659938,0.0,4.19921875
M6HAF.mp4,3403,1,11.409230769230769,0.12448083300841972,0.0,4.19921875
MOTWW.mp4,3322,0,32.2656381016267,0.7252330419723876,3.5,7.80078125
N9KNS.mp4,3301,0,32.4,0.7319009579950944,5.80078125,18.703125
N9KNS.mp4,3302,1,32.4,0.7253804999636486,0.0,8.0
NUW9G.mp4,3408,0,30.833333333333332,0.27284462499665096,0.0,9.203125
NX8X9.mp4,3384,0,28.977392034716875,0.6862378750229254,19.59375,26.296875
NX8X9.mp4,3385,1,28.977392034716875,0.6874664170318283,17.09375,23.59375
NX8X9.mp4,3386,2,28.977392034716875,0.6906169590074569,20.5,26.296875
NX8X9.mp4,3387,3,28.977392034716875,0.6885047910036519,13.796875,18.203125
OE243.mp4,3380,0,29.779749999999996,2.0597210000269115,7.3984375,13.0
OE243.mp4,3381,1,29.779749999999996,2.0517774580512196,3.69921875,9.296875
OE243.mp4,3382,2,29.779749999999996,2.06128995801555,13.296875,20.90625
OE243.mp4,3383,3,29.779749999999996,2.0539361250121146,0.0,3.900390625
OGLCO.mp4,3361,0,31.6,0.08036979200551286,4.19921875,14.0
OGLCO.mp4,3362,1,31.6,0.08980645798146725,4.19921875,14.0
OGLCO.mp4,3363,2,31.6,0.09143970801960677,4.19921875,14.0
OGLCO.mp4,3364,3,31.6,0.08996670896885917,0.0,8.796875
OKIVH.mp4,3340,0,30.866666666666667,1.3733528750017285,25.796875,32.0
OQ54Y.mp4,3341,0,33.8,1.358129792031832,26.59375,31.09375
OQ54Y.mp4,3342,1,33.8,1.3584938750136644,0.0,4.8984375
OQ54Y.mp4,3343,2,33.8,1.3550022499985062,0.0,4.8984375
OQ54Y.mp4,3344,3,33.8,1.3599145420012064,31.59375,35.0
OQ54Y.mp4,3345,4,33.8,1.3618151670088992,31.59375,35.0
OWCJT.mp4,3337,0,15.4,0.03188074997160584,7.6015625,11.8984375
PRH15.mp4,3370,0,37.80183180682764,1.445731292013079,1.7998046875,7.1015625
PSAVM.mp4,3397,0,29.863166666666668,1.353083375026472,19.09375,28.296875
PSAVM.mp4,3398,1,29.863166666666668,1.3586527080042288,19.09375,28.296875
PSAVM.mp4,3399,2,29.863166666666668,1.358418249990791,10.1015625,19.203125
PSAVM.mp4,3400,3,29.863166666666668,1.3582189579610713,0.0,6.6015625
PSAVM.mp4,3401,4,29.863166666666668,1.3568255829741247,0.0,6.6015625
QLFR5.mp4,3409,0,38.3,0.1944271669490263,21.0,27.09375
QZZPS.mp4,3394,0,31.345232912494556,0.6348330840119161,0.0,12.796875
QZZPS.mp4,3395,1,31.345232912494556,0.6326240409980528,0.0,12.796875
QZZPS.mp4,3396,2,31.345232912494556,0.6350211669923738,8.0,12.796875
RS6EK.mp4,3310,0,30.436834299582042,0.0775711250025779,6.5,15.703125
SROEU.mp4,3300,0,31.04170634164921,0.4419131249887869,0.0,5.1015625
STHIK.mp4,3417,0,29.60905210380107,0.07398329203715548,1.2998046875,9.0
STHIK.mp4,3418,1,29.60905210380107,0.077759874984622,1.2998046875,9.0
STHIK.mp4,3419,2,29.60905210380107,0.08408541703829542,4.1015625,8.3984375
STHIK.mp4,3420,3,29.60905210380107,0.08414066699333489,1.900390625,7.19921875
STHIK.mp4,3421,4,29.60905210380107,0.08524600003147498,4.1015625,8.3984375
TYWHY.mp4,3348,0,31.998633333333334,0.6314182920032181,7.6015625,14.203125
TYWHY.mp4,3349,1,31.998633333333334,0.6225020829588175,11.296875,16.59375
TYWHY.mp4,3350,2,31.998633333333334,0.6538899580482394,0.0,5.0
TYWHY.mp4,3351,3,31.998633333333334,0.6321050829719752,0.0,5.0
TYWHY.mp4,3352,4,31.998633333333334,0.6391828750493005,0.0,5.0
TYWHY.mp4,3353,5,31.998633333333334,0.6521139169926755,1.2001953125,9.203125
TYWHY.mp4,3354,6,31.998633333333334,0.6342357090325095,5.3984375,13.0
TYWHY.mp4,3355,7,31.998633333333334,0.6387429169844836,5.3984375,13.0
TYWHY.mp4,3356,8,31.998633333333334,0.6269968749838881,11.8984375,21.703125
TYWHY.mp4,3357,9,31.998633333333334,0.6423983330023475,1.2001953125,9.203125
UETQS.mp4,3439,0,31.05590062111801,0.49805829202523455,1.400390625,11.203125
UETQS.mp4,3440,1,31.05590062111801,0.499436833022628,0.0,11.296875
UETQS.mp4,3441,2,31.05590062111801,0.4970223330310546,0.0,12.6015625
UETQS.mp4,3442,3,31.05590062111801,0.5012483749887906,18.203125,32.0
UETQS.mp4,3443,4,31.05590062111801,0.49575716600520536,1.400390625,11.203125
UEVVN.mp4,3335,0,17.766666666666666,0.5127299160230905,1.2001953125,8.703125
UYZKX.mp4,3375,0,30.50881477268926,1.2715324999880977,3.900390625,10.203125
VJVHM.mp4,3445,0,33.284402416959686,1.3603006250341423,0.0,8.0
VJVHM.mp4,3446,1,33.284402416959686,1.3669682909967378,0.0,8.0
WM2J7.mp4,3329,0,30.494999433898176,1.1775342089822516,13.1015625,24.90625
WM2J7.mp4,3330,1,30.494999433898176,1.1688186249812134,0.0,9.0
WM2J7.mp4,3331,2,30.494999433898176,1.1786149159888737,0.0,9.0
WM2J7.mp4,3332,3,30.494999433898176,1.1766355409636162,20.40625,31.0
WM2J7.mp4,3333,4,30.494999433898176,1.1693693330162205,0.0,9.0
WSKTN.mp4,3313,0,31.75399852773874,0.8277845419943333,0.0,5.0
X07QW.mp4,3376,0,27.394033333333333,0.3475745830219239,0.0,11.703125
X07QW.mp4,3377,1,27.394033333333333,0.3574490420287475,22.203125,28.0
X07QW.mp4,3378,2,27.394033333333333,0.34749445895431563,11.703125,19.796875
XF2ZM.mp4,3359,0,30.749100425253516,0.1379390839720145,0.89990234375,14.6015625
XF2ZM.mp4,3360,1,30.749100425253516,0.1251107919961214,0.89990234375,14.6015625
ZBBOO.mp4,3358,0,21.766666666666666,0.44654254196211696,0.0,5.6015625
06LBQ.mp4,3478,0,33.96666666666667,1.736542415979784,21.59375,26.59375
06LBQ.mp4,3479,1,33.96666666666667,1.6363559589954093,28.703125,34.59375
0HGNK.mp4,3541,0,35.25,0.38152216700837016,8.3984375,13.6015625
0HGNK.mp4,3542,1,35.25,0.3787937500164844,8.3984375,13.6015625
0HGNK.mp4,3543,2,35.25,0.3833793340018019,7.30078125,13.1015625
0HGNK.mp4,3544,3,35.25,0.38267149997409433,7.30078125,13.1015625
0HGNK.mp4,3545,4,35.25,0.36832287500146776,8.3984375,13.6015625
0M0T4.mp4,3524,0,54.28757743723508,0.6753205840359442,9.8984375,20.5
0M0T4.mp4,3525,1,54.28757743723508,0.6761225410155021,41.40625,51.6875
0M0T4.mp4,3526,2,54.28757743723508,0.6735597500228323,52.3125,55.0
2CJC9.mp4,3546,0,29.982599384285905,0.9073959160014056,8.3984375,15.3984375
2CJC9.mp4,3547,1,29.982599384285905,0.9042802499607205,8.3984375,15.3984375
2CJC9.mp4,3548,2,29.982599384285905,0.9162792499992065,0.0,11.6015625
2OJY8.mp4,3577,0,31.025473546701505,0.12670258298749104,3.0,15.703125
2OJY8.mp4,3578,1,31.025473546701505,0.12110204197233543,3.0,15.703125
2OJY8.mp4,3579,2,31.025473546701505,0.121643208025489,23.09375,28.703125
2OJY8.mp4,3580,3,31.025473546701505,0.1327352090156637,23.90625,30.09375
3CLVI.mp4,3450,0,30.281737268286154,1.4469242499908432,16.296875,22.296875
3CLVI.mp4,3451,1,30.281737268286154,1.4397198340157047,3.30078125,7.80078125
3CLVI.mp4,3452,2,30.281737268286154,1.4350879580015317,3.19921875,11.1015625
47Y1V.mp4,3465,0,30.488791666666664,2.1497775000170805,1.7001953125,15.6015625
4H935.mp4,3489,0,32.2,0.9988252500188537,0.0,6.3984375
4H935.mp4,3490,1,32.2,0.9954934160341509,4.5,10.203125
4H935.mp4,3491,2,32.2,0.9918242089916021,4.5,10.203125
4H935.mp4,3492,3,32.2,0.9923743339604698,4.5,10.203125
4H935.mp4,3493,4,32.2,0.9912059169728309,23.296875,33.0
4VJDU.mp4,3588,0,30.733333333333334,1.297642458055634,0.0,13.296875
4VJDU.mp4,3589,1,30.733333333333334,1.2788595000165515,0.0,13.5
50E06.mp4,3509,0,32.20936084549572,0.9917715420015156,15.8984375,24.90625
50E06.mp4,3510,1,32.20936084549572,0.9921537089976482,0.0,5.1015625
50E06.mp4,3511,2,32.20936084549572,0.9905171660357155,21.203125,27.09375
5WS7U.mp4,3574,0,38.571866666666665,0.6541485839989036,13.6015625,21.703125
5WS7U.mp4,3575,1,38.571866666666665,0.653230166004505,33.5,37.90625
5WS7U.mp4,3576,2,38.571866666666665,0.6507409170153551,13.6015625,21.703125
6U47G.mp4,3515,0,34.659625,2.0673256250447594,5.30078125,15.5
72LJ3.mp4,3533,0,24.983670803396475,0.029309666017070413,15.1015625,22.59375
72LJ3.mp4,3534,1,24.983670803396475,0.02934608398936689,15.1015625,22.59375
72LJ3.mp4,3535,2,24.983670803396475,0.03168249997543171,7.19921875,13.6015625
8CCEV.mp4,3550,0,20.133333333333333,0.22122604196192697,6.1015625,13.8984375
8CCEV.mp4,3551,1,20.133333333333333,0.21726045798277482,5.8984375,11.703125
8CCEV.mp4,3552,2,20.133333333333333,0.21656045800773427,0.0,5.6015625
8CCEV.mp4,3553,3,20.133333333333333,0.2175457080011256,6.3984375,14.796875
8CCEV.mp4,3554,4,20.133333333333333,0.21792108297813684,5.8984375,11.703125
8CCEV.mp4,3555,5,20.133333333333333,0.22202883299905807,0.0,4.1015625
ALJ7B.mp4,3480,0,30.433333333333334,1.180210624996107,17.5,31.0
ALJ7B.mp4,3481,1,30.433333333333334,1.1707373749813996,17.5,31.0
ALJ7B.mp4,3482,2,30.433333333333334,1.175268708029762,2.099609375,9.796875
B0SV3.mp4,3466,0,30.749100425253516,0.12283212499460205,7.1015625,11.3984375
B0SV3.mp4,3467,1,30.749100425253516,0.12024654098786414,18.90625,32.0
B0SV3.mp4,3468,2,30.749100425253516,0.122743291023653,7.1015625,11.3984375
B0SV3.mp4,3469,3,30.749100425253516,0.12216483295196667,2.19921875,9.1015625
CS7HY.mp4,3453,0,30.912896473997744,0.035380000015720725,6.3984375,18.5
CS7HY.mp4,3454,1,30.912896473997744,0.033999833976849914,4.5,9.1015625
CS7HY.mp4,3455,2,30.912896473997744,0.03660995897371322,0.0,8.0
CS7HY.mp4,3456,3,30.912896473997744,0.03498604201013222,0.0,8.0
CS7HY.mp4,3457,4,30.912896473997744,0.03459308296442032,6.3984375,18.5
D01MJ.mp4,3507,0,37.5,0.46568125003250316,19.0,32.0
D01MJ.mp4,3508,1,37.5,0.4630687080207281,28.90625,35.8125
D04GX.mp4,3502,0,13.159476024516284,0.3021008750074543,0.0,4.0
D04GX.mp4,3503,1,13.159476024516284,0.3051405000151135,8.703125,14.0
D04GX.mp4,3504,2,13.159476024516284,0.30363891599699855,0.0,5.69921875
D04GX.mp4,3505,3,13.159476024516284,0.30412149999756366,8.703125,14.0
D04GX.mp4,3506,4,13.159476024516284,0.30315604101633653,0.0,5.69921875
DGHSW.mp4,3475,0,32.52822351010016,0.07986629201332107,13.1015625,19.59375
DGHSW.mp4,3476,1,32.52822351010016,0.08473254198906943,13.1015625,19.59375
DGHSW.mp4,3477,2,32.52822351010016,0.09015087498119101,13.1015625,19.59375
EEGGA.mp4,3536,0,30.151961078743465,0.7028306249994785,15.8984375,22.203125
EEGGA.mp4,3537,1,30.151961078743465,0.6838367080199532,15.8984375,22.203125
EEGGA.mp4,3538,2,30.151961078743465,0.6857523749931715,0.0,4.6015625
EG0VZ.mp4,3528,0,26.866666666666667,0.43017458298709244,16.296875,22.703125
EG0VZ.mp4,3529,1,26.866666666666667,0.4325931249768473,7.19921875,18.40625
F1LTO.mp4,3470,0,29.108108108108105,1.0890854999888688,19.09375,28.203125
F1LTO.mp4,3471,1,29.108108108108105,1.064692416053731,0.5,8.703125
F1LTO.mp4,3472,2,29.108108108108105,1.0614747499930672,20.59375,26.90625
F1LTO.mp4,3473,3,29.108108108108105,1.068334792042151,0.5,8.703125
FLBS9.mp4,3498,0,30.613916666666665,1.792335667007137,15.0,20.703125
GA7SB.mp4,3519,0,30.555555555555554,0.12200020800810307,19.09375,31.0
GA7SB.mp4,3520,1,30.555555555555554,0.12182866700459272,23.203125,29.703125
GA7SB.mp4,3521,2,30.555555555555554,0.1285931669990532,23.203125,29.703125
GA7SB.mp4,3522,3,30.555555555555554,0.12138520798180252,19.09375,31.0
GA7SB.mp4,3523,4,30.555555555555554,0.12403879198245704,19.09375,31.0
GMLPK.mp4,3532,0,43.40949764847879,0.19476429198402911,11.0,22.40625
IAEGA.mp4,3458,0,17.966666666666665,0.5033364160335623,16.0,19.0
IV1S7.mp4,3499,0,16.766666666666666,0.050024624972138554,4.69921875,11.703125
IV1S7.mp4,3500,1,16.766666666666666,0.05075937497895211,8.203125,13.6015625
IV1S7.mp4,3501,2,16.766666666666666,0.053731749998405576,0.5,6.3984375
MLWB5.mp4,3539,0,30.833333333333332,0.8919301670393907,0.0,10.5
MLWB5.mp4,3540,1,30.833333333333332,0.9029100420302711,11.3984375,21.296875
N5PLR.mp4,3527,0,34.43553774215097,1.3680161249940284,1.400390625,10.796875
O76GM.mp4,3494,0,32.43333333333333,1.6474893750273623,0.7998046875,15.296875
O76GM.mp4,3495,1,32.43333333333333,1.6479213749989867,12.796875,19.703125
O76GM.mp4,3496,2,32.43333333333333,1.6440009579528123,0.7998046875,15.296875
O76GM.mp4,3497,3,32.43333333333333,1.6482085839961655,15.0,22.90625
OK6BF.mp4,3549,0,27.566666666666666,0.716238875000272,19.0,25.0
OPMF7.mp4,3597,0,17.8,0.7834658340434544,9.3984375,14.296875
OPMF7.mp4,3598,1,17.8,0.7796763340011239,9.3984375,14.296875
OSK3Y.mp4,3474,0,31.2,0.925289457954932,7.69921875,15.6015625
P5YNX.mp4,3512,0,29.597667638483966,1.1710992919979617,0.0,13.1015625
P5YNX.mp4,3513,1,29.597667638483966,1.1621939159813337,0.0,13.1015625
P5YNX.mp4,3514,2,29.597667638483966,1.1714701669989154,0.0,12.703125
Q948H.mp4,3593,0,33.0,0.3676697919727303,7.8984375,20.703125
Q948H.mp4,3594,1,33.0,0.367150042031426,5.80078125,22.203125
Q948H.mp4,3595,2,33.0,0.3666495410143398,17.796875,33.09375
Q948H.mp4,3596,3,33.0,0.36589941702550277,5.80078125,22.203125
QZ1BS.mp4,3483,0,33.11515420457067,1.6819252909626812,0.0,12.796875
QZ1BS.mp4,3484,1,33.11515420457067,1.6850057910196483,0.0,4.5
R4SJJ.mp4,3516,0,46.679966666666665,1.39468529203441,0.300048828125,6.69921875
R4SJJ.mp4,3517,1,46.679966666666665,1.3901790420059115,6.19921875,10.8984375
R4SJJ.mp4,3518,2,46.679966666666665,1.3970229999977164,31.40625,44.3125
R5O7F.mp4,3557,0,38.892757660167135,1.1954501250293106,17.796875,24.90625
R5O7F.mp4,3558,1,38.892757660167135,1.192815291986335,28.5,40.0
R5O7F.mp4,3559,2,38.892757660167135,1.1910898750065826,11.0,19.5
R5O7F.mp4,3560,3,38.892757660167135,1.1991481669829227,28.5,40.0
R5O7F.mp4,3561,4,38.892757660167135,1.1918784589506686,17.796875,24.90625
R5O7F.mp4,3562,5,38.892757660167135,1.193344499974046,17.796875,24.90625
RKOOJ.mp4,3591,0,29.862738533645796,1.17381025000941,3.80078125,12.796875
RKOOJ.mp4,3592,1,29.862738533645796,1.1807734580361284,3.19921875,13.1015625
SPF63.mp4,3581,0,29.12774220636087,1.2322302919928916,13.203125,18.90625
SPF63.mp4,3582,1,29.12774220636087,1.2362831250065938,23.5,29.796875
SPF63.mp4,3583,2,29.12774220636087,1.2377506669727154,24.09375,29.703125
SPF63.mp4,3584,3,29.12774220636087,1.2413010830059648,14.796875,21.203125
SSPMK.mp4,3530,0,37.49549333012859,1.1654872500221245,27.09375,34.59375
SSPMK.mp4,3531,1,37.49549333012859,1.165532750019338,27.09375,34.59375
SUE5L.mp4,3556,0,31.600817666968265,0.28111316700233147,13.5,25.09375
VEH0A.mp4,3569,0,11.6,0.024702208989765495,0.0,4.3984375
VEH0A.mp4,3570,1,11.6,0.02504579199012369,2.69921875,7.19921875
VEH0A.mp4,3571,2,11.6,0.024693874991498888,0.0,5.5
VEH0A.mp4,3572,3,11.6,0.02531904197530821,2.69921875,7.19921875
VEH0A.mp4,3573,4,11.6,0.025049999996554106,0.0,4.3984375
VINM0.mp4,3599,0,35.16846666666667,0.2853307079640217,0.0,8.5
WZDXS.mp4,3567,0,36.08309317963497,1.3200239579891786,0.0,10.296875
WZDXS.mp4,3568,1,36.08309317963497,1.326620667008683,13.5,20.203125
Y4GHN.mp4,3590,0,30.066666666666666,1.0127739580348134,7.0,19.796875
Y50QF.mp4,3563,0,37.495924356048256,0.31049337500007823,31.90625,38.0
Y50QF.mp4,3564,1,37.495924356048256,0.31336579204071313,21.796875,30.90625
Y50QF.mp4,3565,2,37.495924356048256,0.3159187919809483,21.796875,30.90625
Y50QF.mp4,3566,3,37.495924356048256,0.30960854096338153,21.796875,30.90625
Y665P.mp4,3585,0,33.313244944422124,0.9119902910315432,14.5,22.796875
Y665P.mp4,3586,1,33.313244944422124,0.9107931660255417,14.5,22.796875
Y665P.mp4,3587,2,33.313244944422124,0.906394875026308,14.5,22.796875
Z7KC1.mp4,3485,0,30.333333333333332,0.12372604198753834,24.59375,29.796875
Z7KC1.mp4,3486,1,30.333333333333332,0.12314250000054017,24.59375,29.796875
Z7KC1.mp4,3487,2,30.333333333333332,0.1267915409989655,24.59375,29.796875
Z7KC1.mp4,3488,3,30.333333333333332,0.12856312497751787,24.59375,29.796875
ZNQVC.mp4,3459,0,31.23115880863379,0.4044404579908587,0.0,15.3984375
ZNQVC.mp4,3460,1,31.23115880863379,0.40670795796904713,8.8984375,15.8984375
ZNQVC.mp4,3461,2,31.23115880863379,0.3996932079899125,10.5,17.296875
ZNQVC.mp4,3462,3,31.23115880863379,0.40488475002348423,10.5,17.296875
ZNQVC.mp4,3463,4,31.23115880863379,0.3984863340156153,8.8984375,15.8984375
ZNQVC.mp4,3464,5,31.23115880863379,0.4010575829888694,10.5,17.296875
07TCM.mp4,3682,0,33.9,0.8248206250136718,6.0,15.8984375
07TCM.mp4,3683,1,33.9,0.7383842089911923,6.0,15.8984375
07TCM.mp4,3684,2,33.9,0.7385581669514067,13.296875,26.09375
07TCM.mp4,3685,3,33.9,0.7351822910131887,22.09375,35.0
07TCM.mp4,3686,4,33.9,0.7246374589740299,6.0,15.8984375
08LOY.mp4,3662,0,28.084622079400148,1.075281500001438,0.0,8.296875
10M0F.mp4,3635,0,32.52367688022284,1.357874208013527,19.296875,24.796875
10M0F.mp4,3636,1,32.52367688022284,1.351786000013817,21.59375,32.0
120YL.mp4,3668,0,42.57018945446245,0.862979625002481,37.0,43.0
120YL.mp4,3669,1,42.57018945446245,0.8605610410450026,4.80078125,9.703125
120YL.mp4,3670,2,42.57018945446245,0.8610616250080056,37.0,43.0
120YL.mp4,3671,3,42.57018945446245,0.8724585410091095,35.5,43.0
120YL.mp4,3672,4,42.57018945446245,0.860052874952089,35.0,43.0
120YL.mp4,3673,5,42.57018945446245,0.8628985410323367,4.80078125,9.703125
120YL.mp4,3674,6,42.57018945446245,0.8730980000109412,35.0,43.0
120YL.mp4,3675,7,42.57018945446245,0.8607779999729246,37.0,43.0
4KK20.mp4,3708,0,30.708333333333332,0.7073862079996616,24.40625,32.0
4KK20.mp4,3709,1,30.708333333333332,0.6993301669717766,1.7998046875,13.703125
4KK20.mp4,3710,2,30.708333333333332,0.7022502499748953,18.296875,30.40625
4KK20.mp4,3711,3,30.708333333333332,0.7228827080107294,24.40625,32.0
6JLD4.mp4,3604,0,30.685381514110794,1.3347760829492472,23.0,28.703125
6JLD4.mp4,3605,1,30.685381514110794,1.3462844589957967,11.203125,19.0
6JLD4.mp4,3606,2,30.685381514110794,1.3486870839842595,3.099609375,7.19921875
6JLD4.mp4,3607,3,30.685381514110794,1.3496759589761496,3.099609375,7.19921875
6JLD4.mp4,3608,4,30.685381514110794,1.3340261250268668,21.0,25.296875
7IPW7.mp4,3691,0,28.433333333333334,0.1823131670244038,0.0,6.30078125
7IPW7.mp4,3692,1,28.433333333333334,0.18687737500295043,0.0,6.30078125
7JHW2.mp4,3716,0,20.066666666666666,0.44333008298417553,3.099609375,8.296875
7JHW2.mp4,3717,1,20.066666666666666,0.4260632499936037,0.0,7.0
7JHW2.mp4,3718,2,20.066666666666666,0.4298260830109939,0.0,7.0
7JHW2.mp4,3719,3,20.066666666666666,0.427096540981438,3.099609375,8.296875
9O0NP.mp4,3642,0,30.887399901944764,0.035249457985628396,5.1015625,13.6015625
9O0NP.mp4,3643,1,30.887399901944764,0.03523941698949784,0.0,8.296875
9O0NP.mp4,3644,2,30.887399901944764,0.035411834018304944,0.0,8.296875
9O0NP.mp4,3645,3,30.887399901944764,0.03582066699163988,0.0,8.296875
APLZS.mp4,3640,0,28.966666666666665,0.9962938749813475,24.296875,30.0
APLZS.mp4,3641,1,28.966666666666665,0.9947379159857519,17.703125,26.09375
BO12I.mp4,3666,0,30.966666666666665,1.5322491669794545,3.099609375,17.703125
BO12I.mp4,3667,1,30.966666666666665,1.5219788340036757,3.099609375,17.703125
BPT87.mp4,3646,0,32.73734575673634,1.3134115830180235,0.0,8.703125
BPT87.mp4,3647,1,32.73734575673634,1.3116675420315005,13.6015625,19.40625
BPT87.mp4,3648,2,32.73734575673634,1.312812666001264,0.0,8.703125
BPT87.mp4,3649,3,32.73734575673634,1.312957624963019,7.19921875,15.296875
BPT87.mp4,3650,4,32.73734575673634,1.3140405000303872,7.19921875,15.296875
BZ5N5.mp4,3619,0,33.56686666666667,0.7276442089932971,2.19921875,16.796875
C6N6Y.mp4,3665,0,16.945078716500422,0.03635170898633078,0.0,6.3984375
CUHT0.mp4,3695,0,21.666666666666668,1.0675178749952465,11.0,16.59375
CUHT0.mp4,3696,1,21.666666666666668,1.0523386669810861,0.0,7.8984375
CUHT0.mp4,3697,2,21.666666666666668,1.0548163339844905,13.296875,21.703125
FJYZH.mp4,3698,0,17.78632375916356,0.22278754197759554,12.1015625,19.0
FJYZH.mp4,3699,1,17.78632375916356,0.2186372500145808,12.1015625,19.0
FJYZH.mp4,3700,2,17.78632375916356,0.21876600000541657,5.6015625,11.0
FJYZH.mp4,3701,3,17.78632375916356,0.21836941601941362,4.80078125,9.203125
FJYZH.mp4,3702,4,17.78632375916356,0.21803320798790082,5.6015625,11.0
FSOFF.mp4,3706,0,19.84,0.5124095829669386,11.796875,21.0
FSOFF.mp4,3707,1,19.84,0.5114791250089183,11.796875,21.0
GL7E6.mp4,3651,0,30.205720020070245,0.9950457499944605,19.40625,25.296875
GL7E6.mp4,3652,1,30.205720020070245,0.9915713329683058,19.40625,25.296875
GL7E6.mp4,3653,2,30.205720020070245,0.9993391669704579,3.30078125,12.1015625
GL7E6.mp4,3654,3,30.205720020070245,0.9934914580080658,9.8984375,15.0
H032R.mp4,3678,0,22.41858942889871,0.027480125019792467,0.7998046875,6.80078125
H032R.mp4,3679,1,22.41858942889871,0.027493083965964615,12.3984375,23.0
H0Q6V.mp4,3693,0,35.21211392861435,1.3246772499987856,0.0,13.1015625
H0Q6V.mp4,3694,1,35.21211392861435,1.3279216249939054,0.0,13.1015625
J95U1.mp4,3611,0,37.31948726269674,0.21973545796936378,10.296875,28.296875
J95U1.mp4,3612,1,37.31948726269674,0.21852995798690245,19.09375,23.296875
K6W5I.mp4,3613,0,30.064878603437897,1.0867435000254773,3.30078125,18.203125
K6W5I.mp4,3614,1,30.064878603437897,1.0918161250301637,3.099609375,10.8984375
K6W5I.mp4,3615,2,30.064878603437897,1.0778414589585736,15.296875,20.5
KV6V8.mp4,3681,0,36.30485675002787,0.907850417017471,7.30078125,14.0
LFPWI.mp4,3625,0,31.472524519682924,1.0745254160137847,4.0,18.40625
LFPWI.mp4,3626,1,31.472524519682924,1.0819567079888657,4.0,18.40625
LFPWI.mp4,3627,2,31.472524519682924,1.083942124969326,0.0,7.19921875
LFPWI.mp4,3628,3,31.472524519682924,1.0761218749685213,0.0,7.19921875
LFPWI.mp4,3629,4,31.472524519682924,1.068571207986679,0.0,7.19921875
LFPWI.mp4,3630,5,31.472524519682924,1.080569416983053,0.0,7.19921875
LUQWY.mp4,3680,0,34.159124999999996,2.598305291030556,8.296875,20.5
M18XP.mp4,3703,0,31.266666666666666,1.0168392920168117,0.0,8.6015625
M18XP.mp4,3704,1,31.266666666666666,1.0152064170106314,2.5,11.203125
MK16R.mp4,3676,0,31.666666666666668,1.084403624990955,10.703125,17.09375
MK16R.mp4,3677,1,31.666666666666668,1.0823452919721603,0.39990234375,9.796875
O6DJW.mp4,3620,0,12.2,0.0381809159880504,6.69921875,12.1015625
P4SB9.mp4,3655,0,17.6,0.31017850001808256,13.1015625,19.0
P4SB9.mp4,3656,1,17.6,0.3038027079892345,5.3984375,11.203125
P4SB9.mp4,3657,2,17.6,0.3024672089959495,5.3984375,11.203125
PEWH4.mp4,3609,0,31.698333333333334,0.49757300002966076,9.703125,24.5
PEWH4.mp4,3610,1,31.698333333333334,0.5017879590159282,9.703125,24.5
PS7XK.mp4,3616,0,30.766666666666666,0.4644066669861786,26.0,32.0
RFH6M.mp4,3687,0,32.48078770413065,0.41776020801626146,12.8984375,20.203125
RFH6M.mp4,3688,1,32.48078770413065,0.4163057919940911,0.0,3.80078125
RFH6M.mp4,3689,2,32.48078770413065,0.4172104580211453,0.300048828125,5.69921875
RFH6M.mp4,3690,3,32.48078770413065,0.4225565000087954,0.0,3.80078125
SKZUG.mp4,3621,0,15.633333333333333,0.14366520900512114,4.5,12.0
SKZUG.mp4,3622,1,15.633333333333333,0.1437880409648642,10.6015625,17.0
SKZUG.mp4,3623,2,15.633333333333333,0.14184991701040417,4.5,12.0
SKZUG.mp4,3624,3,15.633333333333333,0.1451843340182677,9.796875,17.0
SVIXG.mp4,3712,0,29.864199014541523,0.0566784999682568,1.400390625,13.1015625
SVIXG.mp4,3713,1,29.864199014541523,0.05759912502253428,16.5,28.0
SVIXG.mp4,3714,2,29.864199014541523,0.05460970802232623,16.5,28.0
SVIXG.mp4,3715,3,29.864199014541523,0.0545030829962343,16.5,28.0
VINM0.mp4,3600,0,35.16846666666667,0.2901186249800958,2.69921875,9.6015625
VINM0.mp4,3601,1,35.16846666666667,0.2851339160115458,2.69921875,9.6015625
VINM0.mp4,3602,2,35.16846666666667,0.2912813749862835,0.0,8.5
VINM0.mp4,3603,3,35.16846666666667,0.2830949170165695,15.203125,31.703125
VRXQX.mp4,3663,0,30.94539979396149,0.7177052500192076,3.30078125,15.296875
VRXQX.mp4,3664,1,30.94539979396149,0.7060444590169936,16.703125,24.40625
WC5QK.mp4,3658,0,30.4304,0.7735551669611596,17.203125,31.0
WWL0K.mp4,3631,0,16.70472299002524,0.4024514580378309,7.8984375,15.296875
WWL0K.mp4,3632,1,16.70472299002524,0.40080341702559963,7.8984375,15.296875
WWL0K.mp4,3633,2,16.70472299002524,0.40094370796578005,0.0,7.8984375
WWL0K.mp4,3634,3,16.70472299002524,0.4012286250363104,7.8984375,15.296875
WZZPC.mp4,3617,0,7.133333333333334,0.01990004105027765,5.1015625,8.0
WZZPC.mp4,3618,1,7.133333333333334,0.01939070801017806,5.1015625,8.0
Y79PC.mp4,3659,0,28.766666666666666,0.44510812498629093,12.0,21.296875
Y79PC.mp4,3660,1,28.766666666666666,0.45013295899843797,12.0,21.296875
Y79PC.mp4,3661,2,28.766666666666666,0.4386993329972029,19.203125,25.5
ZC59Y.mp4,3705,0,34.03333333333333,1.2124430839903653,2.80078125,10.203125
ZFT06.mp4,3637,0,30.570541114925618,0.12442887498764321,21.5,30.0
ZFT06.mp4,3638,1,30.570541114925618,0.12590341601753607,8.6015625,14.796875
ZFT06.mp4,3639,2,30.570541114925618,0.12389412499032915,18.90625,25.703125
__TOTAL__,6917340,5445,111223.900024,3054.401305,35781.791016,65433.580078
__SUMMARY__,1859.5,1.46371,29.898898,0.821076,9.618761,17.589672
