video,original_video_duration_seconds,n_targets,n_predictions,recall_0.3,recall_0.5,recall_0.7,overlap_anywhere_recall,best_iou,mean_target_best_iou,mean_predicted_best_iou,temporal_set_iou,overlap_over_max,duration_precision,duration_recall,ap_0.3,ap_0.5,ap_0.7,mAP,predicted_total_duration_seconds
1CYLM.mp4,33.4,2,3,1.0,0.5,0.5,1.0,0.847105,0.841047,0.404629,0.683939,0.683939,0.683939,1.0,1.0,1.0,1.0,1.0,20.766667
1ZWPP.mp4,23.392405,3,7,1.0,0.0,0.0,1.0,0.468452,0.4265,0.383699,0.498335,0.498335,0.498335,1.0,0.810119,0.0,0.0,0.27004,23.088608
2P7A9.mp4,36.102733,6,5,0.5,0.5,0.333333,0.666667,0.901295,0.658974,0.523393,0.472184,0.472184,0.472184,1.0,0.423148,0.319444,0.25,0.330864,36.036
2RFLZ.mp4,14.771442,2,0,0.0,0.0,0.0,0.0,0.0,0.0,0.0,0.0,0.0,0.0,0.0,0.0,0.0,0.0,0.0,0
3MSZA.mp4,31.0,4,0,0.0,0.0,0.0,0.0,0.0,0.0,0.0,0.0,0.0,0.0,0.0,0.0,0.0,0.0,0.0,0
43CCM.mp4,30.458651,2,14,1.0,1.0,1.0,1.0,0.788378,0.744829,0.500154,0.736128,0.736128,0.736128,1.0,0.739688,0.679347,0.654085,0.69104,29.75031
4J1AP.mp4,20.628161,2,0,0.0,0.0,0.0,0.0,0.0,0.0,0.0,0.0,0.0,0.0,0.0,0.0,0.0,0.0,0.0,0
5C4EK.mp4,15.623122,1,0,0.0,0.0,0.0,0.0,0.0,0.0,0.0,0.0,0.0,0.0,0.0,0.0,0.0,0.0,0.0,0
5NV2Z.mp4,22.373248,4,7,1.0,0.5,0.25,1.0,0.73769,0.566109,0.456095,0.589129,0.62582,0.62582,0.909489,0.79375,0.5,0.5,0.597917,21.651531
6ZWSU.mp4,30.604054,7,11,0.857143,0.857143,0.285714,1.0,0.842858,0.653285,0.586112,0.846918,0.888461,0.888461,0.947678,0.829734,0.596599,0.214286,0.546873,30.503713
9HG4Z.mp4,17.2,1,2,1.0,0.0,0.0,1.0,0.483215,0.483215,0.432208,0.481201,0.481201,0.481201,1.0,1.0,0.0,0.0,0.333333,16.0
9JZO2.mp4,35.819375,12,17,0.75,0.666667,0.416667,0.833333,0.985481,0.778955,0.668358,0.922242,0.940261,0.940261,0.979643,0.566539,0.424076,0.230556,0.407057,35.310095
AKO6M.mp4,18.633333,2,2,1.0,0.5,0.0,1.0,0.524665,0.417931,0.4579,0.7281,0.787704,0.787704,0.905859,1.0,0.5,0.0,0.5,18.4
AMT7R.mp4,30.11242,1,7,1.0,1.0,1.0,1.0,0.877342,0.877342,0.38862,0.275966,0.275966,0.275966,1.0,0.95,0.583333,0.333333,0.622222,29.710921
AOK1L.mp4,35.171917,2,14,0.5,0.0,0.0,1.0,0.361349,0.361349,0.036376,0.088829,0.094898,0.094898,0.581427,1.0,0.0,0.0,0.333333,33.697851
B82GJ.mp4,24.533333,1,8,1.0,1.0,0.0,1.0,0.651117,0.651117,0.232247,0.19987,0.19987,0.19987,1.0,1.0,1.0,0.0,0.666667,24.0
BL7OF.mp4,36.036,2,6,0.5,0.5,0.0,1.0,0.50159,0.50159,0.118121,0.113523,0.113523,0.113523,1.0,0.183333,0.183333,0.0,0.122222,35.2352
DLFPX.mp4,26.619397,1,11,1.0,1.0,0.0,1.0,0.67084,0.67084,0.167451,0.296598,0.296598,0.296598,1.0,0.230952,0.1,0.0,0.110317,25.958418
E6DLK.mp4,27.293933,6,8,0.666667,0.666667,0.166667,1.0,0.838126,0.685429,0.384239,0.415492,0.415492,0.415492,1.0,0.412302,0.358003,0.065476,0.278593,27.193833
F7TG5.mp4,21.1,4,8,0.75,0.75,0.75,1.0,0.910504,0.880346,0.559716,0.668194,0.668194,0.668194,1.0,0.791964,0.750992,0.6875,0.743485,20.8
FPJ9D.mp4,33.433333,1,17,1.0,1.0,1.0,1.0,0.734499,0.734499,0.131059,0.205974,0.21351,0.21351,0.853714,0.306349,0.309524,0.142857,0.25291,32.8
FXZI5.mp4,32.4,1,6,1.0,1.0,1.0,1.0,0.841651,0.841651,0.411114,0.293701,0.293701,0.293701,1.0,0.95,0.583333,0.5,0.677778,32.0
FYYFX.mp4,31.033333,5,13,1.0,1.0,0.4,1.0,0.807537,0.668974,0.573391,0.812603,0.812603,0.812603,1.0,0.618376,0.451251,0.098571,0.389399,30.4
GBD1Y.mp4,32.916667,2,13,1.0,1.0,0.5,1.0,0.727679,0.727679,0.125369,0.15918,0.15918,0.15918,1.0,1.0,1.0,1.0,1.0,32.0
HBWLV.mp4,31.598233,1,9,1.0,0.0,0.0,1.0,0.478909,0.478909,0.179559,0.156844,0.156844,0.156844,1.0,0.359524,0.0,0.0,0.119841,31.2312
HSEH1.mp4,31.266667,3,8,1.0,1.0,0.333333,1.0,0.95174,0.95174,0.39618,0.425944,0.425944,0.425944,1.0,0.983333,0.927778,0.261111,0.724074,29.566667
HY4FS.mp4,34.353445,2,15,1.0,1.0,1.0,1.0,0.839161,0.788961,0.259736,0.332223,0.332223,0.332223,1.0,0.272489,0.214815,0.176389,0.221231,33.71727
I7AS7.mp4,30.605871,3,2,0.0,0.0,0.0,0.666667,0.197768,0.179955,0.143841,0.213415,0.213415,0.213415,1.0,0.0,0.0,0.0,0.0,29.981262
J48N6.mp4,30.733333,3,15,1.0,0.333333,0.333333,1.0,0.906217,0.614307,0.288321,0.44266,0.492414,0.492414,0.81416,0.906085,0.305556,0.333333,0.514991,28.766667
J9T5D.mp4,34.068377,1,16,1.0,1.0,0.0,1.0,0.5092,0.5092,0.098018,0.173524,0.183114,0.183114,0.76817,1.0,1.0,0.0,0.666667,33.167097
JVLAZ.mp4,31.433333,3,6,1.0,0.666667,0.666667,1.0,0.841146,0.840068,0.564951,0.602464,0.602464,0.602464,1.0,1.0,1.0,0.833333,0.944444,31.2
KOVTR.mp4,35.297655,3,16,1.0,0.666667,0.666667,1.0,0.871021,0.724303,0.533454,0.623646,0.630196,0.630196,0.983606,0.662314,0.636508,0.375,0.557941,34.6362
KVXJ9.mp4,30.766667,2,16,1.0,1.0,0.0,1.0,0.636667,0.636667,0.192498,0.328947,0.328947,0.328947,1.0,1.0,1.0,0.0,0.666667,30.4
LGJAR.mp4,32.289694,1,15,1.0,1.0,1.0,1.0,0.944444,0.944444,0.20964,0.237132,0.237132,0.237132,1.0,0.263135,0.177273,0.090909,0.177106,32.089136
N3U9S.mp4,14.897579,1,0,0.0,0.0,0.0,0.0,0.0,0.0,0.0,0.0,0.0,0.0,0.0,0.0,0.0,0.0,0.0,0
NBSPH.mp4,30.766667,3,15,1.0,0.666667,0.333333,1.0,0.869939,0.684876,0.228152,0.276986,0.299782,0.299782,0.784601,0.483466,0.416667,0.194444,0.364859,29.566667
OE2M1.mp4,30.633333,3,15,1.0,0.666667,0.666667,1.0,0.815773,0.809247,0.209461,0.210475,0.210475,0.210475,1.0,0.723611,0.422222,0.422222,0.522685,30.4
Q7IQI.mp4,17.245523,3,1,0.333333,0.0,0.0,0.333333,0.428768,0.380402,0.428768,0.542224,0.542224,0.542224,1.0,0.666667,0.0,0.0,0.222222,15.863478
QLEN3.mp4,35.101733,1,15,1.0,1.0,0.0,1.0,0.696977,0.696977,0.151525,0.145344,0.145344,0.145344,1.0,1.0,1.0,0.0,0.666667,34.401033
QUXYH.mp4,30.723975,6,1,0.166667,0.0,0.0,0.166667,0.39695,0.300848,0.39695,0.745193,0.846911,0.846911,0.861198,0.5,0.0,0.0,0.166667,27.455467
S591U.mp4,30.0,1,3,1.0,1.0,0.0,1.0,0.507955,0.507955,0.378307,0.25681,0.25681,0.25681,1.0,1.0,0.5,0.0,0.5,29.6
SY5QP.mp4,30.733333,2,15,1.0,1.0,0.5,1.0,0.796132,0.654018,0.352715,0.58234,0.58234,0.58234,1.0,0.658978,0.414187,0.09127,0.388145,30.4
V1WN7.mp4,36.033333,3,18,1.0,0.0,0.0,1.0,0.497739,0.466432,0.194824,0.442033,0.442033,0.442033,1.0,0.797983,0.0,0.0,0.265994,35.966667
V2GC9.mp4,30.6,4,15,1.0,0.5,0.0,1.0,0.649867,0.52545,0.449011,0.721263,0.721263,0.721263,1.0,0.84712,0.177778,0.0,0.341633,30.366667
V3SOF.mp4,44.427568,1,13,1.0,0.0,0.0,1.0,0.452417,0.452417,0.261219,0.189499,0.189499,0.189499,1.0,0.502183,0.0,0.0,0.167394,43.288399
VXJS4.mp4,30.259462,2,3,0.5,0.0,0.0,1.0,0.416836,0.385594,0.172154,0.134873,0.134873,0.134873,1.0,1.0,0.0,0.0,0.333333,29.657617
W3SC3.mp4,21.92,3,8,1.0,1.0,0.333333,1.0,0.942817,0.942817,0.376198,0.341704,0.341704,0.341704,1.0,0.562857,0.444444,0.222222,0.409841,21.08
WKPQ3.mp4,32.115417,3,21,1.0,1.0,0.666667,1.0,0.849921,0.736055,0.53871,0.655838,0.655838,0.655838,1.0,0.384225,0.30843,0.090972,0.261209,32.032
XE19C.mp4,30.35977,3,11,1.0,1.0,0.666667,1.0,0.77183,0.734398,0.318169,0.409594,0.427651,0.427651,0.906546,0.475673,0.47197,0.138636,0.362093,29.691053
XMYXI.mp4,40.266667,4,21,1.0,1.0,0.5,1.0,0.909524,0.768354,0.229329,0.397792,0.397792,0.397792,1.0,0.266159,0.129779,0.061714,0.152551,39.966667
Y1HGC.mp4,30.697333,2,6,1.0,1.0,1.0,1.0,0.816045,0.784489,0.458794,0.391109,0.391109,0.391109,1.0,0.75,0.75,0.645833,0.715278,30.4304
YSE1G.mp4,28.666667,1,10,1.0,1.0,1.0,1.0,0.826913,0.826913,0.227081,0.296811,0.296811,0.296811,1.0,0.6,0.75,0.75,0.7,27.958333
YSKX3.mp4,16.705727,1,5,0.0,0.0,0.0,1.0,0.234192,0.234192,0.10588,0.159135,0.180557,0.180557,0.572886,0.0,0.0,0.0,0.0,15.864431
YVKIV.mp4,31.953376,1,8,1.0,1.0,0.0,1.0,0.600204,0.600204,0.194283,0.153257,0.153257,0.153257,1.0,0.916667,0.5,0.0,0.472222,31.350482
YZ8HK.mp4,29.833333,1,5,1.0,1.0,0.0,1.0,0.572016,0.572016,0.174607,0.246714,0.246714,0.246714,1.0,1.0,0.5,0.0,0.5,29.6
ZF7YA.mp4,37.2372,3,3,0.666667,0.666667,0.333333,1.0,0.815084,0.605687,0.50369,0.317702,0.317702,0.317702,1.0,0.5,0.5,0.166667,0.388889,36.8368
ZHRPD.mp4,29.75,2,12,1.0,1.0,1.0,1.0,0.93044,0.841693,0.333272,0.337823,0.337823,0.337823,1.0,0.751488,0.415675,0.196429,0.45453,29.0
0DVVD.mp4,29.696333,2,14,1.0,1.0,0.5,1.0,0.764762,0.694393,0.274561,0.479686,0.479686,0.479686,1.0,0.962121,0.839583,0.5,0.767235,29.596233
1W6YY.mp4,29.485922,1,11,1.0,0.0,0.0,1.0,0.3288,0.3288,0.113507,0.153924,0.153924,0.153924,1.0,0.205195,0.0,0.0,0.068398,28.575431
27DCQ.mp4,31.041667,1,2,0.0,0.0,0.0,1.0,0.219703,0.219703,0.144227,0.183972,0.183972,0.183972,1.0,0.0,0.0,0.0,0.0,31.0
2ADJI.mp4,24.566667,2,1,0.5,0.0,0.0,0.5,0.46119,0.4033,0.46119,0.71524,0.783106,0.89193,0.783106,1.0,0.0,0.0,0.333333,17.566667
2OREK.mp4,30.233333,1,5,1.0,0.0,0.0,1.0,0.424159,0.424159,0.25197,0.20587,0.20587,0.20587,1.0,0.588889,0.0,0.0,0.196296,29.6
3J9L5.mp4,29.8298,2,0,0.0,0.0,0.0,0.0,0.0,0.0,0.0,0.0,0.0,0.0,0.0,0.0,0.0,0.0,0.0,0
3UACJ.mp4,37.961395,1,10,1.0,1.0,1.0,1.0,0.710982,0.710982,0.192938,0.123005,0.123005,0.123005,1.0,0.666667,0.833333,0.833333,0.777778,37.385709
5B9XE.mp4,32.121311,5,2,0.4,0.0,0.0,0.4,0.446278,0.40405,0.411088,0.772864,0.772864,0.772864,1.0,1.0,0.0,0.0,0.333333,31.306049
5CN21.mp4,25.333333,2,1,0.0,0.0,0.0,0.5,0.23348,0.23348,0.23348,0.23348,0.23348,0.23348,1.0,0.0,0.0,0.0,0.0,25.263158
6C0BK.mp4,30.301001,1,3,1.0,1.0,1.0,1.0,0.804152,0.804152,0.580439,0.25228,0.25228,0.25228,1.0,1.0,1.0,1.0,1.0,29.731811
6IOV0.mp4,30.5305,3,12,1.0,1.0,0.333333,1.0,0.840729,0.686028,0.393501,0.539732,0.539732,0.539732,1.0,1.0,1.0,0.333333,0.777778,30.397033
8MQH6.mp4,33.129204,4,16,1.0,1.0,0.75,1.0,0.922843,0.822411,0.319102,0.425597,0.425597,0.425597,1.0,0.265073,0.256692,0.217614,0.246459,32.894957
9LWQ6.mp4,22.7,4,6,1.0,1.0,1.0,1.0,0.985937,0.889246,0.713943,0.894188,0.894188,0.894188,1.0,0.805556,0.805556,0.658333,0.756481,22.366667
A3XXB.mp4,11.333333,2,0,0.0,0.0,0.0,0.0,0.0,0.0,0.0,0.0,0.0,0.0,0.0,0.0,0.0,0.0,0.0,0
AK2KG.mp4,18.086768,6,3,0.333333,0.0,0.0,0.5,0.430337,0.396766,0.362666,0.610863,0.670672,0.670672,0.87261,0.638889,0.0,0.0,0.212963,17.305612
B1AMA.mp4,37.454083,1,27,1.0,1.0,0.0,1.0,0.678692,0.678692,0.237946,0.396563,0.396563,0.396563,1.0,0.31823,0.167583,0.0,0.161937,37.037
BFCU9.mp4,17.5,7,1,0.142857,0.0,0.0,0.142857,0.489252,0.309992,0.489252,0.620284,0.665911,0.665911,0.900525,0.857143,0.0,0.0,0.285714,16.766667
D1NT7.mp4,32.480788,3,2,0.666667,0.0,0.0,0.666667,0.319078,0.319078,0.309845,0.245956,0.245956,0.245956,1.0,1.0,0.0,0.0,0.333333,31.700288
DCV2M.mp4,31.433333,2,11,1.0,1.0,0.5,1.0,0.885924,0.701317,0.27348,0.486312,0.512469,0.512469,0.905013,0.659722,0.645833,0.145833,0.483796,30.366667
EEVD3.mp4,31.015344,6,0,0.0,0.0,0.0,0.0,0.0,0.0,0.0,0.0,0.0,0.0,0.0,0.0,0.0,0.0,0.0,0
EHS68.mp4,17.211429,1,5,1.0,1.0,0.0,1.0,0.646649,0.646649,0.228565,0.32265,0.32265,0.32265,1.0,0.325,0.2,0.0,0.175,16.422857
FAJEA.mp4,30.113417,2,6,0.5,0.0,0.0,1.0,0.367757,0.311283,0.207878,0.50752,0.523914,0.523914,0.941927,0.222222,0.0,0.0,0.074074,30.03
FBOF0.mp4,33.416667,2,7,1.0,1.0,0.5,1.0,0.890335,0.777956,0.522125,0.555152,0.555152,0.555152,1.0,0.720833,0.2875,0.1625,0.390278,32.958333
G30NS.mp4,37.470767,4,8,1.0,1.0,0.75,1.0,0.903071,0.813849,0.480452,0.369199,0.369199,0.369199,1.0,0.516567,0.471429,0.371429,0.453142,36.8368
G852Y.mp4,18.086768,1,1,1.0,0.0,0.0,1.0,0.410362,0.410362,0.410362,0.410362,0.410362,0.410362,1.0,1.0,0.0,0.0,0.333333,17.305612
GHC5X.mp4,27.027,1,12,1.0,0.0,0.0,1.0,0.435513,0.435513,0.106978,0.137529,0.146887,0.146887,0.683419,0.128788,0.0,0.0,0.042929,26.026
GL2JW.mp4,30.368981,3,1,0.0,0.0,0.0,0.333333,0.275943,0.249287,0.275943,0.275943,0.275943,0.275943,1.0,0.0,0.0,0.0,0.0,29.699324
H0P5D.mp4,30.733333,2,15,1.0,1.0,0.5,1.0,0.809173,0.742063,0.329982,0.430957,0.453639,0.453639,0.896041,0.373124,0.363961,0.058442,0.265176,30.4
IOGR7.mp4,30.393206,1,11,1.0,1.0,1.0,1.0,0.743127,0.743127,0.268284,0.289765,0.289765,0.289765,1.0,0.875,0.875,0.291667,0.680556,29.657617
JCT0K.mp4,29.889669,2,5,1.0,0.5,0.0,1.0,0.528886,0.476569,0.319663,0.349751,0.349751,0.349751,1.0,1.0,0.5,0.0,0.5,28.88666
KB7WQ.mp4,38.004633,2,6,0.0,0.0,0.0,1.0,0.299219,0.299219,0.106525,0.177993,0.177993,0.177993,1.0,0.0,0.0,0.0,0.0,37.6376
KERO6.mp4,40.133576,1,19,1.0,0.0,0.0,1.0,0.474941,0.474941,0.182389,0.13999,0.13999,0.13999,1.0,0.546199,0.0,0.0,0.182066,39.344262
L5YHH.mp4,36.480403,3,10,1.0,0.666667,0.666667,1.0,0.901525,0.663079,0.489238,0.642821,0.65107,0.65107,0.98067,0.748866,0.378704,0.388889,0.505486,34.957627
LA6AA.mp4,27.991488,2,1,0.5,0.0,0.0,0.5,0.349,0.349,0.349,0.349,0.349,0.349,1.0,1.0,0.0,0.0,0.333333,27.500409
LKNZD.mp4,33.199833,1,26,1.0,1.0,1.0,1.0,0.815938,0.815938,0.092392,0.196773,0.196773,0.196773,1.0,0.916667,1.0,1.0,0.972222,33.033
LUTIO.mp4,30.7,1,4,1.0,1.0,1.0,1.0,0.814499,0.814499,0.364136,0.448853,0.448853,0.448853,1.0,1.0,1.0,0.5,0.833333,23.166667
M8OYC.mp4,33.8338,1,7,1.0,1.0,0.0,1.0,0.684873,0.684873,0.280058,0.291369,0.291369,0.291369,1.0,0.320635,0.22619,0.0,0.182275,33.6336
MAUMO.mp4,33.729088,1,3,1.0,0.0,0.0,1.0,0.320932,0.320932,0.165682,0.28959,0.28959,0.28959,1.0,1.0,0.0,0.0,0.333333,33.155693
OKXIQ.mp4,31.958438,1,2,0.0,0.0,0.0,1.0,0.189536,0.189536,0.126543,0.188549,0.188549,0.188549,1.0,0.0,0.0,0.0,0.0,30.2267
OP2SS.mp4,31.433333,1,9,1.0,1.0,1.0,1.0,0.718275,0.718275,0.208146,0.202039,0.202039,0.202039,1.0,1.0,0.5,0.5,0.666667,31.166667
OTIA2.mp4,23.666667,2,4,0.0,0.0,0.0,1.0,0.298211,0.280271,0.09709,0.215827,0.215827,0.215827,1.0,0.0,0.0,0.0,0.0,23.166667
PPY0W.mp4,32.321086,1,0,0.0,0.0,0.0,0.0,0.0,0.0,0.0,0.0,0.0,0.0,0.0,0.0,0.0,0.0,0.0,0
Q3BCC.mp4,42.166667,2,5,0.5,0.0,0.0,1.0,0.401029,0.401029,0.116476,0.25227,0.25227,0.25227,1.0,0.266667,0.0,0.0,0.088889,26.958333
Q6290.mp4,17.125346,3,1,0.333333,0.333333,0.0,0.333333,0.523017,0.523017,0.523017,0.523017,0.523017,0.523017,1.0,1.0,1.0,0.0,0.666667,15.863478
QCVZN.mp4,25.351436,1,7,1.0,0.0,0.0,1.0,0.449115,0.449115,0.225649,0.236666,0.236666,0.236666,1.0,0.444444,0.0,0.0,0.148148,24.510393
RXELU.mp4,14.9149,4,3,0.75,0.25,0.25,0.75,0.836917,0.566102,0.617593,0.74465,0.826562,0.826562,0.882548,1.0,0.25,0.125,0.458333,14.4144
SUJWY.mp4,32.566667,2,0,0.0,0.0,0.0,0.0,0.0,0.0,0.0,0.0,0.0,0.0,0.0,0.0,0.0,0.0,0.0,0
SV6KF.mp4,22.313958,2,16,1.0,1.0,0.0,1.0,0.653143,0.653143,0.289188,0.236269,0.236269,0.236269,1.0,0.648697,0.558992,0.0,0.402563,22.022
TAQ25.mp4,27.966667,3,0,0.0,0.0,0.0,0.0,0.0,0.0,0.0,0.0,0.0,0.0,0.0,0.0,0.0,0.0,0.0,0
TEV5K.mp4,30.754131,3,0,0.0,0.0,0.0,0.0,0.0,0.0,0.0,0.0,0.0,0.0,0.0,0.0,0.0,0.0,0.0,0
TUD6M.mp4,7.553671,2,0,0.0,0.0,0.0,0.0,0.0,0.0,0.0,0.0,0.0,0.0,0.0,0.0,0.0,0.0,0.0,0
U2AO1.mp4,16.266667,6,0,0.0,0.0,0.0,0.0,0.0,0.0,0.0,0.0,0.0,0.0,0.0,0.0,0.0,0.0,0.0,0
U8M2P.mp4,32.76,1,10,1.0,1.0,1.0,1.0,0.735215,0.735215,0.290511,0.369699,0.369699,0.369699,1.0,0.835,0.625,0.625,0.695,31.64
UM5II.mp4,33.757809,4,14,0.75,0.75,0.25,1.0,0.89784,0.668943,0.339261,0.395091,0.395091,0.395091,1.0,0.320538,0.310195,0.201389,0.277374,33.157136
V0ZD9.mp4,37.815811,2,3,1.0,0.0,0.0,1.0,0.497866,0.441464,0.41095,0.705249,0.78121,0.78121,0.878832,0.791667,0.0,0.0,0.263889,35.207824
VAV4C.mp4,47.166667,5,3,0.0,0.0,0.0,0.6,0.269531,0.21125,0.252239,0.310221,0.338423,0.338423,0.788255,0.0,0.0,0.0,0.0,44.0
VCYH8.mp4,27.525907,2,1,0.0,0.0,0.0,0.5,0.205637,0.205637,0.205637,0.205637,0.205637,0.205637,1.0,0.0,0.0,0.0,0.0,27.202073
XQVXF.mp4,27.54,3,13,1.0,1.0,0.333333,1.0,0.78534,0.645815,0.264362,0.405759,0.405759,0.405759,1.0,0.897619,0.839286,0.333333,0.690079,27.36
XT9D4.mp4,33.469535,4,13,1.0,0.25,0.0,1.0,0.541833,0.415389,0.301767,0.479197,0.479197,0.479197,1.0,0.273256,0.05,0.0,0.107752,33.16909
YNWMW.mp4,16.32,3,0,0.0,0.0,0.0,0.0,0.0,0.0,0.0,0.0,0.0,0.0,0.0,0.0,0.0,0.0,0.0,0
YOCRB.mp4,34.666667,2,14,1.0,0.5,0.5,1.0,0.755208,0.755208,0.112043,0.20978,0.222393,0.222393,0.787188,0.875,1.0,1.0,0.958333,33.958333
ZDV60.mp4,30.831974,4,1,0.25,0.0,0.0,0.25,0.368587,0.269231,0.368587,0.690573,0.806326,0.806326,0.827897,0.75,0.0,0.0,0.25,27.406199
2Z8G8.mp4,29.97543,2,1,0.5,0.0,0.0,0.5,0.42916,0.383572,0.42916,0.724989,0.774725,0.774725,0.918653,1.0,0.0,0.0,0.333333,27.518428
36T5X.mp4,33.133333,5,17,1.0,1.0,0.2,1.0,0.723742,0.690245,0.321698,0.517555,0.53649,0.53649,0.93616,0.516174,0.475584,0.064444,0.352067,32.8
4H64T.mp4,43.103448,5,5,0.6,0.0,0.0,1.0,0.382138,0.306698,0.324271,0.596488,0.611202,0.611202,0.961208,0.6,0.0,0.0,0.2,42.940794
5R8BL.mp4,21.219983,3,5,0.666667,0.666667,0.0,1.0,0.554166,0.511111,0.50037,0.943379,0.943379,1.0,0.943379,0.677778,0.4,0.0,0.359259,20.75434
61IVZ.mp4,25.117647,5,9,0.8,0.6,0.2,0.8,0.948837,0.615107,0.426458,0.554036,0.554036,0.554036,1.0,0.980556,0.8,0.1,0.626852,24.0
69R8T.mp4,32.936136,1,9,1.0,0.0,0.0,1.0,0.493924,0.493924,0.068384,0.169286,0.183206,0.183206,0.690218,0.111111,0.0,0.0,0.037037,30.492703
6HT0J.mp4,31.233333,2,8,1.0,1.0,1.0,1.0,0.883936,0.855795,0.41098,0.426057,0.426057,0.426057,1.0,0.682738,0.59623,0.604167,0.627712,31.2
759MY.mp4,20.24997,4,5,1.0,0.25,0.0,1.0,0.545601,0.471718,0.46653,0.738351,0.738351,0.738351,1.0,0.842708,0.1,0.0,0.314236,20.189881
7SNIO.mp4,34.367667,3,0,0.0,0.0,0.0,0.0,0.0,0.0,0.0,0.0,0.0,0.0,0.0,0.0,0.0,0.0,0.0,0
7XMBM.mp4,30.533333,3,16,1.0,1.0,0.666667,1.0,0.707407,0.707407,0.217198,0.296378,0.296378,0.296378,1.0,0.338082,0.163017,0.139099,0.213399,30.366667
86E2E.mp4,19.889436,8,6,0.375,0.25,0.125,0.75,0.76648,0.461323,0.41951,0.588922,0.653292,0.653292,0.856673,0.427083,0.348958,0.25,0.342014,18.747747
8SDK5.mp4,21.7,2,8,0.5,0.5,0.0,1.0,0.58925,0.429545,0.4138,0.542097,0.678851,0.678851,0.72907,0.5,0.44375,0.0,0.314583,18.366667
95GB4.mp4,30.095,7,13,1.0,1.0,0.428571,1.0,0.930438,0.704938,0.606308,0.95044,0.95044,1.0,0.95044,0.845697,0.615816,0.27381,0.578441,29.463636
A33VQ.mp4,30.933333,1,6,1.0,0.0,0.0,1.0,0.490583,0.490583,0.313812,0.282946,0.282946,0.282946,1.0,0.854167,0.0,0.0,0.284722,30.4
AIJ0M.mp4,31.185523,3,4,0.666667,0.333333,0.333333,1.0,0.893261,0.665878,0.464138,0.42519,0.42519,0.42519,1.0,0.444444,0.222222,0.083333,0.25,30.813462
AL1WC.mp4,30.086008,1,14,1.0,1.0,0.0,1.0,0.594613,0.594613,0.066442,0.127895,0.127895,0.127895,1.0,0.2,0.2,0.0,0.133333,29.717881
B4ED1.mp4,34.165966,1,11,1.0,1.0,0.0,1.0,0.587464,0.587464,0.136319,0.280961,0.280961,0.280961,1.0,0.140909,0.140909,0.0,0.093939,33.14519
BI4KK.mp4,30.687661,1,0,0.0,0.0,0.0,0.0,0.0,0.0,0.0,0.0,0.0,0.0,0.0,0.0,0.0,0.0,0.0,0
BM3UJ.mp4,32.988888,3,12,1.0,0.333333,0.333333,1.0,0.752614,0.547803,0.34001,0.438002,0.438002,0.438002,1.0,0.622399,0.123214,0.033333,0.259649,31.727018
C0CMQ.mp4,19.228458,3,1,0.333333,0.0,0.0,0.333333,0.368378,0.331355,0.368378,0.347544,0.370758,0.370758,0.847344,0.666667,0.0,0.0,0.222222,18.747747
COBS0.mp4,31.2,1,16,1.0,1.0,1.0,1.0,0.872053,0.872053,0.203173,0.240157,0.240157,0.240157,1.0,0.248849,0.180952,0.1,0.176601,30.4
DJ87X.mp4,32.160804,3,13,1.0,1.0,1.0,1.0,0.998629,0.958611,0.410268,0.548963,0.548963,0.548963,1.0,0.367354,0.240741,0.148148,0.252081,31.323283
DM2XL.mp4,22.457641,2,8,1.0,1.0,0.5,1.0,0.862881,0.862881,0.246581,0.25473,0.25473,0.25473,1.0,0.74504,0.916667,1.0,0.887235,21.622164
DU416.mp4,30.633333,1,9,1.0,1.0,0.0,1.0,0.672984,0.672984,0.342072,0.341654,0.341654,0.341654,1.0,0.629524,0.555556,0.0,0.395026,29.566667
F1V30.mp4,31.801139,2,3,0.0,0.0,0.0,1.0,0.262095,0.210206,0.216127,0.336403,0.370095,0.370095,0.787021,0.0,0.0,0.0,0.0,29.995834
FXGQI.mp4,31.13792,2,1,0.0,0.0,0.0,0.5,0.182524,0.182524,0.182524,0.182524,0.182524,0.182524,1.0,0.0,0.0,0.0,0.0,27.388327
G8NEV.mp4,33.058405,3,3,0.333333,0.0,0.0,1.0,0.312262,0.238439,0.307006,0.287954,0.287954,0.287954,1.0,0.333333,0.0,0.0,0.111111,32.99135
HOYUT.mp4,30.40097,1,5,1.0,0.0,0.0,1.0,0.323435,0.323435,0.239186,0.190766,0.190766,0.190766,1.0,0.75,0.0,0.0,0.25,29.89597
HRASP.mp4,32.098395,4,2,0.0,0.0,0.0,0.5,0.26601,0.209834,0.249994,0.541884,0.541884,0.541884,1.0,0.0,0.0,0.0,0.0,28.79856
KY2KA.mp4,36.465309,3,15,1.0,0.666667,0.333333,1.0,0.816391,0.816391,0.172202,0.160402,0.160402,0.160402,1.0,0.744444,0.805556,0.833333,0.794444,36.163943
L39A4.mp4,37.466667,1,4,0.0,0.0,0.0,1.0,0.225491,0.225491,0.157474,0.195671,0.195671,0.195671,1.0,0.0,0.0,0.0,0.0,36.8
MNNJS.mp4,31.7,3,9,1.0,1.0,1.0,1.0,0.846955,0.82045,0.41323,0.391544,0.391544,0.391544,1.0,0.662963,0.707407,0.563889,0.644753,31.166667
N0ZPI.mp4,30.096733,2,10,1.0,0.5,0.5,1.0,0.725991,0.607705,0.300548,0.374678,0.374678,0.374678,1.0,0.94375,0.433333,0.5,0.625694,29.6296
NI15V.mp4,30.633333,2,16,1.0,1.0,1.0,1.0,0.878243,0.862007,0.330907,0.392083,0.392083,0.392083,1.0,0.321591,0.241667,0.254167,0.272475,30.366667
NO1GJ.mp4,25.333333,7,7,0.714286,0.571429,0.428571,1.0,0.852629,0.741186,0.671956,0.960065,0.960065,1.0,0.960065,0.774376,0.663265,0.389456,0.609033,24.766667
NRGQB.mp4,11.803458,1,5,1.0,1.0,0.0,1.0,0.646186,0.646186,0.409233,0.42317,0.445867,0.445867,0.892625,0.477778,0.325,0.0,0.267593,11.011
NW0KT.mp4,49.509804,3,6,0.666667,0.0,0.0,1.0,0.349206,0.270808,0.243056,0.28727,0.305225,0.305225,0.830036,0.355556,0.0,0.0,0.118519,47.058824
OPPVW.mp4,24.396106,1,8,0.0,0.0,0.0,1.0,0.259712,0.259712,0.068116,0.154841,0.167765,0.167765,0.667778,0.0,0.0,0.0,0.0,23.07415
OTIA2.mp4,23.666667,2,4,0.0,0.0,0.0,1.0,0.262332,0.262332,0.080589,0.189861,0.189861,0.189861,1.0,0.0,0.0,0.0,0.0,23.166667
OVD84.mp4,30.7,3,15,1.0,1.0,0.666667,1.0,0.848802,0.848802,0.205267,0.220482,0.220482,0.220482,1.0,0.859722,0.644444,0.666667,0.723611,30.366667
QMIKJ.mp4,29.966667,3,14,1.0,1.0,0.333333,1.0,0.827134,0.73728,0.22718,0.340563,0.340563,0.340563,1.0,0.772727,0.771044,0.194444,0.579405,28.766667
QOYH2.mp4,30.864167,1,11,1.0,1.0,1.0,1.0,0.751359,0.751359,0.219552,0.256501,0.256501,0.256501,1.0,1.0,1.0,0.5,0.833333,30.397033
QWKVM.mp4,30.833333,4,14,0.75,0.5,0.5,1.0,0.745809,0.730124,0.39054,0.552529,0.552529,0.552529,1.0,0.8425,0.845833,0.822917,0.837083,30.4
RQRRD.mp4,46.535712,5,17,1.0,0.8,0.4,1.0,0.844832,0.721084,0.361989,0.513919,0.513919,0.513919,1.0,0.320346,0.271124,0.106667,0.232712,46.502305
S2FUO.mp4,23.866667,4,0,0.0,0.0,0.0,0.0,0.0,0.0,0.0,0.0,0.0,0.0,0.0,0.0,0.0,0.0,0.0,0
SJ4QF.mp4,30.933333,1,2,1.0,1.0,0.0,1.0,0.600103,0.600103,0.585069,0.518116,0.518116,0.518116,1.0,1.0,1.0,0.0,0.666667,17.566667
TDAY1.mp4,34.333333,2,4,1.0,1.0,0.0,1.0,0.57684,0.562993,0.487291,0.764405,0.797046,0.797046,0.94915,1.0,1.0,0.0,0.666667,33.566667
TJZ0P.mp4,17.733333,4,2,0.5,0.5,0.0,0.5,0.552006,0.520054,0.526475,0.778906,0.840865,0.840865,0.913576,0.875,0.5,0.0,0.458333,17.6
U502L.mp4,35.580219,2,1,0.0,0.0,0.0,0.5,0.184377,0.160444,0.184377,0.320887,0.320887,0.320887,1.0,0.0,0.0,0.0,0.0,35.253795
URK3G.mp4,31.066667,4,7,1.0,0.75,0.5,1.0,0.840071,0.660255,0.605579,0.684859,0.684859,0.684859,1.0,0.673978,0.486111,0.333333,0.497808,30.366667
UY0SK.mp4,26.796443,3,12,0.666667,0.333333,0.333333,1.0,0.831615,0.502993,0.385219,0.455435,0.491313,0.491313,0.861815,0.649471,0.333333,0.194444,0.392416,25.955299
XVI3M.mp4,25.666667,3,2,0.333333,0.333333,0.333333,0.666667,0.715704,0.408509,0.48579,0.395412,0.395412,0.395412,1.0,0.333333,0.333333,0.333333,0.333333,25.566667
Y3M3W.mp4,35.185309,1,4,0.0,0.0,0.0,1.0,0.280177,0.280177,0.174986,0.182169,0.182169,0.182169,1.0,0.0,0.0,0.0,0.0,34.582133
YJ1KW.mp4,31.433333,2,15,1.0,1.0,0.5,1.0,0.86296,0.86296,0.189278,0.18112,0.18112,0.18112,1.0,0.874306,0.791667,1.0,0.888657,30.366667
YQT32.mp4,26.62584,1,4,1.0,0.0,0.0,1.0,0.373034,0.373034,0.284021,0.285406,0.303744,0.303744,0.825401,1.0,0.0,0.0,0.333333,25.560807
0PU21.mp4,30.900194,1,2,0.0,0.0,0.0,1.0,0.16342,0.16342,0.154152,0.137258,0.137258,0.137258,1.0,0.0,0.0,0.0,0.0,30.565051
30I35.mp4,23.815458,5,11,1.0,1.0,0.0,1.0,0.624666,0.622651,0.430255,0.538524,0.538524,0.538524,1.0,0.889297,0.497698,0.0,0.462332,23.023
318CP.mp4,32.4,4,14,1.0,0.5,0.0,1.0,0.588737,0.533773,0.368932,0.656471,0.713399,0.713399,0.891618,0.973214,0.319444,0.0,0.430886,30.366667
39E0I.mp4,31.5315,1,12,1.0,1.0,1.0,1.0,0.988663,0.988663,0.141888,0.201746,0.201746,0.201746,1.0,1.0,1.0,1.0,1.0,31.2312
4U8WV.mp4,32.224532,2,0,0.0,0.0,0.0,0.0,0.0,0.0,0.0,0.0,0.0,0.0,0.0,0.0,0.0,0.0,0.0,0
55NRK.mp4,30.59555,1,1,0.0,0.0,0.0,1.0,0.274342,0.274342,0.274342,0.274342,0.305351,0.305351,0.72984,0.0,0.0,0.0,0.0,27.486911
5IPJA.mp4,31.200363,1,9,1.0,1.0,0.0,1.0,0.516877,0.516877,0.343652,0.233965,0.233965,0.233965,1.0,0.948413,0.5,0.0,0.482804,29.952349
5VUT9.mp4,26.033333,5,11,1.0,1.0,0.8,1.0,0.875,0.79027,0.567174,0.78125,0.78125,0.78125,1.0,0.765258,0.748571,0.428571,0.647467,25.6
7NXWU.mp4,24.893336,1,5,1.0,1.0,1.0,1.0,0.788898,0.788898,0.498351,0.367057,0.367057,0.367057,1.0,1.0,1.0,0.5,0.833333,24.253318
8UCK1.mp4,14.866667,3,0,0.0,0.0,0.0,0.0,0.0,0.0,0.0,0.0,0.0,0.0,0.0,0.0,0.0,0.0,0.0,0
9POJB.mp4,31.406375,4,15,1.0,0.75,0.5,1.0,0.806293,0.661801,0.518484,0.60927,0.60927,0.60927,1.0,0.653643,0.475784,0.19881,0.442746,31.031
9RRED.mp4,30.697333,7,15,1.0,0.857143,0.285714,1.0,0.910433,0.810746,0.353267,0.554099,0.58268,0.58268,0.918677,0.433526,0.317574,0.163265,0.304788,30.4304
A2X7Q.mp4,18.938547,2,7,1.0,1.0,1.0,1.0,0.893595,0.834937,0.556356,0.672125,0.680635,0.680635,0.981737,0.833929,0.6625,0.6625,0.719643,18.469274
A33VQ.mp4,30.933333,2,6,1.0,0.5,0.0,1.0,0.656738,0.573661,0.506522,0.559468,0.559468,0.559468,1.0,0.839583,0.266667,0.0,0.36875,30.4
AX46Z.mp4,31.776891,4,8,1.0,1.0,0.75,1.0,0.93157,0.868535,0.600902,0.768435,0.768435,0.768435,1.0,0.793006,0.612103,0.279167,0.561425,31.374652
BM9NZ.mp4,33.714286,4,13,1.0,1.0,1.0,1.0,0.804482,0.781363,0.427715,0.656167,0.656167,0.656167,1.0,0.648958,0.605556,0.463194,0.572569,33.07563
CD9GP.mp4,31.246006,1,14,1.0,1.0,1.0,1.0,0.738288,0.738288,0.155466,0.178047,0.178047,0.178047,1.0,0.319444,0.208333,0.208333,0.24537,30.364217
FQS7O.mp4,24.576373,1,1,0.0,0.0,0.0,1.0,0.187694,0.187694,0.187694,0.187694,0.187694,0.187694,1.0,0.0,0.0,0.0,0.0,24.516284
H608V.mp4,20.733333,7,0,0.0,0.0,0.0,0.0,0.0,0.0,0.0,0.0,0.0,0.0,0.0,0.0,0.0,0.0,0.0,0
HHNTA.mp4,33.809141,7,14,1.0,0.285714,0.142857,1.0,0.781546,0.517963,0.504421,0.921511,0.921511,0.921511,1.0,0.550708,0.089731,0.028571,0.223003,33.742126
IALUY.mp4,29.733333,3,16,1.0,1.0,0.666667,1.0,0.837547,0.744373,0.376807,0.500158,0.500158,0.500158,1.0,0.746064,0.494841,0.261111,0.500672,29.6
IGZZG.mp4,18.467276,3,5,1.0,1.0,0.333333,1.0,0.765651,0.6904,0.580517,0.669668,0.669668,0.669668,1.0,0.651852,0.563889,0.194444,0.470062,17.32435
IQA16.mp4,31.346283,4,6,0.75,0.25,0.0,0.75,0.625228,0.435932,0.484262,0.615337,0.615337,0.615337,1.0,0.916667,0.0625,0.0,0.326389,30.542532
J7BOV.mp4,32.389757,1,9,1.0,1.0,1.0,1.0,0.773849,0.773849,0.248959,0.23106,0.23106,0.23106,1.0,0.415476,0.142857,0.142857,0.23373,31.580013
K0FAG.mp4,29.778994,2,5,1.0,0.0,0.0,1.0,0.48609,0.48609,0.445104,0.34994,0.34994,0.34994,1.0,1.0,0.0,0.0,0.333333,28.844228
KZ36U.mp4,30.597233,2,16,1.0,1.0,1.0,1.0,0.843579,0.818314,0.32279,0.381185,0.381185,0.381185,1.0,0.94375,0.666667,0.666667,0.759028,30.4304
LLT3E.mp4,26.3263,2,7,0.5,0.5,0.0,1.0,0.585026,0.585026,0.141116,0.273826,0.273826,0.273826,1.0,0.75,0.75,0.0,0.5,25.592233
LSFJG.mp4,24.666667,7,9,0.428571,0.285714,0.285714,0.571429,0.906835,0.472799,0.554632,0.698104,0.757595,0.757595,0.898889,0.244785,0.148186,0.120408,0.171126,23.958333
M3OMM.mp4,20.809819,1,3,1.0,1.0,0.0,1.0,0.55375,0.55375,0.329105,0.41339,0.41339,0.41339,1.0,0.333333,0.333333,0.0,0.222222,20.316027
MPHFU.mp4,30.296933,2,12,1.0,1.0,1.0,1.0,0.783302,0.751208,0.242689,0.435909,0.435909,0.435909,1.0,0.958333,0.861111,0.458333,0.759259,27.994633
MUWG4.mp4,42.29225,1,12,1.0,0.0,0.0,1.0,0.494745,0.494745,0.21932,0.199763,0.199763,0.199763,1.0,1.0,0.0,0.0,0.333333,42.042
N0G70.mp4,31.041757,2,0,0.0,0.0,0.0,0.0,0.0,0.0,0.0,0.0,0.0,0.0,0.0,0.0,0.0,0.0,0.0,0
OHNUQ.mp4,37.370474,5,6,0.8,0.6,0.4,1.0,0.840932,0.73641,0.494818,0.365829,0.365829,0.365829,1.0,0.448889,0.375,0.208333,0.344074,36.902507
PRTAJ.mp4,42.008889,4,4,0.5,0.25,0.0,0.75,0.520623,0.35769,0.456838,0.737909,0.80882,0.80882,0.893805,0.479167,0.0625,0.0,0.180556,39.230091
RLQ9K.mp4,31.675278,2,10,1.0,1.0,1.0,1.0,0.829813,0.829813,0.249343,0.462209,0.462209,0.462209,1.0,0.436111,0.436111,0.454167,0.44213,31.60774
RPXAC.mp4,31.126067,1,15,1.0,1.0,1.0,1.0,0.947323,0.947323,0.419632,0.399592,0.399592,0.399592,1.0,0.917228,0.911111,0.916667,0.915002,30.284822
RVVDR.mp4,29.896533,5,5,0.6,0.6,0.6,0.8,0.926256,0.828097,0.599695,0.506251,0.506251,0.506251,1.0,0.795556,0.673333,0.65,0.706296,29.6296
S7JTZ.mp4,28.39275,3,9,1.0,1.0,0.666667,1.0,0.904404,0.889464,0.386172,0.471711,0.471711,0.471711,1.0,0.497255,0.497255,0.245569,0.41336,25.650458
SJ51G.mp4,30.974894,7,1,0.142857,0.0,0.0,0.142857,0.474655,0.329526,0.474655,0.934855,0.934855,1.0,0.934855,0.571429,0.0,0.0,0.190476,27.388327
T06AT.mp4,30.9,3,14,1.0,0.333333,0.333333,1.0,0.816938,0.616216,0.284139,0.440738,0.440738,0.440738,1.0,0.719982,0.179101,0.075397,0.324827,30.4
T7ST5.mp4,21.541343,2,2,1.0,0.5,0.5,1.0,0.836619,0.836619,0.610858,0.472212,0.472212,0.472212,1.0,1.0,1.0,1.0,1.0,18.430559
T9Y1N.mp4,30.556684,4,12,1.0,0.75,0.5,1.0,0.760003,0.663851,0.51373,0.778844,0.824403,0.824403,0.933747,0.640675,0.319643,0.277778,0.412698,30.231613
TUJF4.mp4,29.4294,2,8,1.0,1.0,0.5,1.0,0.832235,0.674133,0.423541,0.496415,0.496415,0.496415,1.0,0.875,0.833333,0.5,0.736111,28.8288
TZ9FE.mp4,30.620599,4,1,0.25,0.25,0.0,0.25,0.508917,0.311508,0.508917,0.638256,0.672839,0.672839,0.925471,0.25,0.25,0.0,0.166667,27.509415
UNWMJ.mp4,31.297933,1,10,1.0,1.0,1.0,1.0,0.771306,0.771306,0.311522,0.404259,0.404259,0.404259,1.0,1.0,1.0,1.0,1.0,30.4304
W0QSB.mp4,33.966667,1,10,1.0,1.0,1.0,1.0,0.831109,0.831109,0.249873,0.428525,0.428525,0.428525,1.0,1.0,1.0,0.583333,0.861111,33.6
WD35N.mp4,30.321958,4,19,1.0,1.0,0.25,1.0,0.728411,0.68097,0.393865,0.346203,0.346203,0.346203,1.0,0.638845,0.541069,0.188889,0.456268,30.03
X9M5B.mp4,32.3,1,0,0.0,0.0,0.0,0.0,0.0,0.0,0.0,0.0,0.0,0.0,0.0,0.0,0.0,0.0,0.0,0
YYLKT.mp4,23.254417,2,1,0.5,0.0,0.0,0.5,0.44059,0.38493,0.44059,0.640622,0.666327,0.666327,0.943202,1.0,0.0,0.0,0.333333,23.07415
ZMY8M.mp4,30.688867,6,1,0.0,0.0,0.0,0.166667,0.20796,0.205966,0.20796,0.477739,0.477739,0.477739,1.0,0.0,0.0,0.0,0.0,27.424094
0TDOP.mp4,30.590545,2,0,0.0,0.0,0.0,0.0,0.0,0.0,0.0,0.0,0.0,0.0,0.0,0.0,0.0,0.0,0.0,0
0UK3H.mp4,24.636462,1,6,1.0,0.0,0.0,1.0,0.353919,0.353919,0.215368,0.248958,0.248958,0.248958,1.0,0.5,0.0,0.0,0.166667,24.516284
11L5M.mp4,29.233333,3,14,1.0,0.333333,0.333333,1.0,0.770615,0.569107,0.288246,0.442222,0.461182,0.461182,0.914943,0.739747,0.12037,0.166667,0.342262,28.766667
12XD3.mp4,19.894875,7,9,0.571429,0.571429,0.285714,0.571429,0.782168,0.581699,0.534359,0.625608,0.625608,0.625608,1.0,0.604025,0.355125,0.102551,0.3539,19.019
1HZGH.mp4,32.788888,3,14,1.0,1.0,1.0,1.0,0.745998,0.745998,0.327601,0.467976,0.474184,0.474184,0.972786,1.0,0.926349,0.502646,0.809665,31.766115
21WN7.mp4,34.930362,5,14,1.0,0.8,0.2,1.0,0.876193,0.647701,0.500927,0.873234,0.873234,0.873234,1.0,0.854983,0.536667,0.1,0.497217,34.462396
3AKML.mp4,39.9399,1,16,1.0,1.0,1.0,1.0,0.809631,0.809631,0.1009,0.224533,0.234808,0.234808,0.836894,0.45,0.45,0.5,0.466667,39.205833
3JXKZ.mp4,32.4324,1,3,0.0,0.0,0.0,1.0,0.125175,0.125175,0.070877,0.118656,0.118656,0.118656,1.0,0.0,0.0,0.0,0.0,32.032
3Q6N1.mp4,13.4,2,0,0.0,0.0,0.0,0.0,0.0,0.0,0.0,0.0,0.0,0.0,0.0,0.0,0.0,0.0,0.0,0
3WMV4.mp4,17.42579,4,0,0.0,0.0,0.0,0.0,0.0,0.0,0.0,0.0,0.0,0.0,0.0,0.0,0.0,0.0,0.0,0
44T8B.mp4,29.666667,1,8,1.0,0.0,0.0,1.0,0.319392,0.319392,0.04384,0.12069,0.12069,0.12069,1.0,1.0,0.0,0.0,0.333333,29.0
75M1Z.mp4,30.833333,4,14,0.25,0.25,0.25,0.75,0.726562,0.587245,0.104255,0.212695,0.22389,0.22389,0.809665,0.781746,0.531746,0.027778,0.44709,30.4
7XCAP.mp4,30.708919,4,1,0.0,0.0,0.0,0.25,0.292133,0.23733,0.292133,0.292133,0.340655,0.340655,0.672235,0.0,0.0,0.0,0.0,27.442012
7ZL8E.mp4,31.297933,4,11,1.0,1.0,0.5,1.0,0.8783,0.795125,0.599457,0.765836,0.765836,0.765836,1.0,0.709582,0.663274,0.348214,0.57369,30.4304
874F1.mp4,32.665967,1,16,1.0,1.0,0.0,1.0,0.564819,0.564819,0.053547,0.112493,0.112493,0.112493,1.0,1.0,1.0,0.0,0.666667,31.998633
8B4ZP.mp4,48.4,5,6,0.4,0.4,0.2,0.6,0.718147,0.350243,0.544622,0.401361,0.416961,0.416961,0.914729,0.248333,0.167778,0.05,0.15537,47.166667
9TM1K.mp4,30.633333,2,12,1.0,1.0,0.5,1.0,0.736979,0.706995,0.217884,0.418994,0.441046,0.441046,0.893389,0.541667,0.541667,0.5,0.527778,30.4
A2X7Q.mp4,18.938547,1,7,1.0,1.0,1.0,1.0,0.800279,0.800279,0.429623,0.433152,0.433152,0.433152,1.0,1.0,0.638889,0.333333,0.657407,18.469274
ATIAW.mp4,31.989554,2,0,0.0,0.0,0.0,0.0,0.0,0.0,0.0,0.0,0.0,0.0,0.0,0.0,0.0,0.0,0.0,0
AVL8A.mp4,33.992292,2,24,1.0,1.0,0.5,1.0,0.742589,0.633314,0.222694,0.254362,0.254362,0.254362,1.0,0.497534,0.303025,0.076894,0.292484,33.033
C7G1S.mp4,18.688781,1,6,1.0,1.0,1.0,1.0,0.758265,0.758265,0.376444,0.502877,0.502877,0.502877,1.0,0.805556,0.833333,1.0,0.87963,17.306652
DR1ZU.mp4,13.583333,3,3,0.666667,0.666667,0.0,1.0,0.636192,0.621512,0.475785,0.584736,0.584736,0.584736,1.0,1.0,1.0,0.0,0.666667,13.0
DSZYT.mp4,30.797433,2,9,1.0,1.0,0.5,1.0,0.864643,0.864643,0.245196,0.272651,0.272651,0.272651,1.0,0.958333,1.0,1.0,0.986111,30.4304
E6ZBZ.mp4,31.2,1,6,1.0,0.0,0.0,1.0,0.458962,0.458962,0.240535,0.229215,0.229215,0.229215,1.0,1.0,0.0,0.0,0.333333,28.766667
ECFMO.mp4,29.295933,2,2,0.5,0.0,0.0,1.0,0.484537,0.329079,0.477187,0.573063,0.614114,0.614114,0.895539,0.5,0.0,0.0,0.166667,27.994633
F19VE.mp4,33.6336,2,9,1.0,1.0,0.5,1.0,0.725033,0.689146,0.496568,0.671171,0.691901,0.691901,0.957267,0.332986,0.256944,0.055556,0.215162,32.799433
FORXE.mp4,15.142411,3,4,1.0,1.0,0.0,1.0,0.663234,0.642512,0.612184,0.818015,0.818015,0.818015,1.0,1.0,0.87963,0.0,0.626543,14.421344
FQM2N.mp4,34.59617,2,6,1.0,0.5,0.5,1.0,0.795171,0.598751,0.386551,0.334075,0.334075,0.334075,1.0,1.0,0.5,0.5,0.666667,29.933389
G2JR9.mp4,31.033333,6,16,0.666667,0.666667,0.333333,1.0,0.822018,0.777137,0.234313,0.313751,0.318976,0.318976,0.950383,0.373589,0.387478,0.267328,0.342798,30.4
GIIF8.mp4,16.2,1,0,0.0,0.0,0.0,0.0,0.0,0.0,0.0,0.0,0.0,0.0,0.0,0.0,0.0,0.0,0.0,0
GKH0F.mp4,32.733333,1,13,1.0,1.0,0.0,1.0,0.644483,0.644483,0.150554,0.251777,0.267792,0.267792,0.808063,0.25,0.208333,0.0,0.152778,31.966667
GY8P2.mp4,17.04,2,5,1.0,0.5,0.0,1.0,0.535559,0.535559,0.358706,0.34081,0.34081,0.34081,1.0,1.0,0.416667,0.0,0.472222,15.84
H0L5S.mp4,29.797777,2,3,0.0,0.0,0.0,1.0,0.230397,0.230397,0.132907,0.20549,0.20549,0.20549,1.0,0.0,0.0,0.0,0.0,29.730816
J3Y7L.mp4,29.746446,2,14,1.0,1.0,1.0,1.0,0.81707,0.81707,0.182312,0.31363,0.31363,0.31363,1.0,0.25989,0.25989,0.196795,0.238858,29.020079
J5K87.mp4,35.201833,2,5,1.0,1.0,0.0,1.0,0.517849,0.516045,0.442827,0.503028,0.503028,0.503028,1.0,0.401389,0.225,0.0,0.208796,34.401033
J6JNK.mp4,30.766667,4,5,0.5,0.25,0.25,1.0,0.729507,0.443246,0.273298,0.50928,0.536085,0.536085,0.910599,0.8,0.05,0.05,0.3,30.4
JVH7Q.mp4,29.1291,1,0,0.0,0.0,0.0,0.0,0.0,0.0,0.0,0.0,0.0,0.0,0.0,0.0,0.0,0.0,0.0,0
KCRQU.mp4,30.6306,3,12,1.0,0.666667,0.333333,1.0,0.700727,0.700727,0.233652,0.23337,0.23337,0.23337,1.0,0.659524,0.75,0.833333,0.747619,30.397033
KQ6XW.mp4,39.298161,1,19,1.0,1.0,1.0,1.0,0.735344,0.735344,0.274421,0.24398,0.24398,0.24398,1.0,1.0,1.0,0.755556,0.918519,38.937628
KWZSA.mp4,30.166667,3,13,1.0,0.666667,0.0,1.0,0.670906,0.595777,0.325109,0.521556,0.54684,0.54684,0.918568,0.971219,0.666667,0.0,0.545962,29.566667
M9NAG.mp4,33.466667,2,2,1.0,0.5,0.0,1.0,0.546875,0.461145,0.461145,0.432784,0.432784,0.432784,1.0,0.75,0.5,0.0,0.416667,32.8
MBAA5.mp4,25.6256,6,11,1.0,1.0,0.166667,1.0,0.805646,0.660651,0.628516,0.867393,0.867393,0.867393,1.0,0.709024,0.609861,0.035185,0.451357,24.791433
MS4GA.mp4,29.763067,1,1,0.0,0.0,0.0,1.0,0.211648,0.211648,0.211648,0.211648,0.211648,0.211648,1.0,0.0,0.0,0.0,0.0,28.8288
N0NLE.mp4,29.5295,3,1,0.0,0.0,0.0,0.333333,0.176514,0.176514,0.176514,0.176514,0.183898,0.183898,0.814682,0.0,0.0,0.0,0.0,28.795433
NBMH9.mp4,37.704333,5,17,1.0,1.0,0.4,1.0,0.889437,0.726056,0.452394,0.652584,0.662394,0.662394,0.97781,0.681356,0.578866,0.093771,0.451331,37.037
NDDHA.mp4,25.966667,6,11,0.833333,0.833333,0.166667,0.833333,0.752888,0.590518,0.33876,0.517783,0.538584,0.538584,0.930588,0.987434,0.891667,0.333333,0.737478,25.566667
O0349.mp4,31.082709,3,12,0.666667,0.666667,0.333333,1.0,0.835235,0.773715,0.190606,0.442907,0.442907,0.442907,1.0,0.612434,0.583333,0.5,0.565256,30.48046
QJM3B.mp4,29.866667,1,0,0.0,0.0,0.0,0.0,0.0,0.0,0.0,0.0,0.0,0.0,0.0,0.0,0.0,0.0,0.0,0
RPY8D.mp4,30.663967,2,5,1.0,0.5,0.5,1.0,0.945926,0.85188,0.379821,0.499603,0.499603,0.499603,1.0,0.370833,0.2875,0.25,0.302778,30.4304
SW5TC.mp4,29.063553,4,7,0.75,0.5,0.0,1.0,0.672029,0.660582,0.369181,0.307734,0.307734,0.307734,1.0,0.739881,0.8,0.0,0.513294,28.611362
SW8VM.mp4,30.525628,1,1,1.0,0.0,0.0,1.0,0.346411,0.346411,0.346411,0.346411,0.346411,0.346411,1.0,1.0,0.0,0.0,0.333333,27.424094
TQYV1.mp4,30.966667,1,16,1.0,1.0,1.0,1.0,0.94843,0.94843,0.18072,0.201187,0.201187,0.201187,1.0,0.278312,0.169516,0.076923,0.174917,30.366667
UMTLM.mp4,18.867925,2,5,0.5,0.0,0.0,1.0,0.332132,0.332132,0.165991,0.212387,0.226574,0.226574,0.772318,1.0,0.0,0.0,0.333333,18.747747
URAIM.mp4,31.166667,3,6,1.0,0.0,0.0,1.0,0.39527,0.381222,0.287428,0.375,0.387097,0.387097,0.923077,0.75,0.0,0.0,0.25,31.0
V0WK7.mp4,31.0,1,9,1.0,1.0,1.0,1.0,0.908922,0.908922,0.347251,0.32869,0.32869,0.32869,1.0,0.679167,0.638889,0.25,0.522685,30.4
W8CWW.mp4,30.545573,3,0,0.0,0.0,0.0,0.0,0.0,0.0,0.0,0.0,0.0,0.0,0.0,0.0,0.0,0.0,0.0,0
XK0QV.mp4,34.7347,1,10,1.0,1.0,0.0,1.0,0.625226,0.625226,0.296379,0.415192,0.415192,0.415192,1.0,0.859259,0.25,0.0,0.369753,34.4344
YE6TZ.mp4,30.964267,3,12,1.0,1.0,0.666667,1.0,0.937062,0.879721,0.413793,0.503083,0.503083,0.503083,1.0,0.51422,0.513889,0.5,0.509369,30.397033
YMD74.mp4,30.733333,3,12,1.0,0.333333,0.0,1.0,0.56569,0.471102,0.414848,0.414461,0.414461,0.414461,1.0,0.657456,0.076431,0.0,0.244629,30.4
1TIAK.mp4,39.497792,1,16,0.0,0.0,0.0,1.0,0.279419,0.279419,0.112569,0.112668,0.112668,0.112668,1.0,0.0,0.0,0.0,0.0,39.039
1XBU2.mp4,16.644634,1,4,1.0,1.0,0.0,1.0,0.57486,0.57486,0.557198,0.415902,0.415902,0.415902,1.0,1.0,1.0,0.0,0.666667,15.863478
2Y8XQ.mp4,30.73402,4,1,0.0,0.0,0.0,0.25,0.276494,0.236107,0.276494,0.613783,0.697336,0.697336,0.836672,0.0,0.0,0.0,0.0,27.464443
337O2.mp4,25.720839,1,0,0.0,0.0,0.0,0.0,0.0,0.0,0.0,0.0,0.0,0.0,0.0,0.0,0.0,0.0,0.0,0
3HRNV.mp4,15.623122,1,0,0.0,0.0,0.0,0.0,0.0,0.0,0.0,0.0,0.0,0.0,0.0,0.0,0.0,0.0,0.0,0
3IPI3.mp4,17.962273,2,3,1.0,0.0,0.0,1.0,0.422923,0.38838,0.398266,0.566472,0.566472,0.566472,1.0,1.0,0.0,0.0,0.333333,17.301454
3N1I2.mp4,31.50529,1,6,1.0,1.0,1.0,1.0,0.70034,0.70034,0.423828,0.35917,0.35917,0.35917,1.0,0.916667,0.416667,0.166667,0.5,20.054908
41F2M.mp4,31.569079,3,13,1.0,1.0,0.333333,1.0,0.820584,0.681187,0.385047,0.440306,0.440306,0.440306,1.0,0.649325,0.49881,0.083333,0.410489,31.334738
4683D.mp4,30.666667,2,16,1.0,1.0,1.0,1.0,0.820989,0.820989,0.187844,0.204017,0.204017,0.204017,1.0,0.715179,0.645833,0.645833,0.668948,30.366667
51RLB.mp4,20.186833,1,9,1.0,1.0,1.0,1.0,0.847263,0.847263,0.475605,0.379503,0.379503,0.379503,1.0,0.660714,0.364087,0.337302,0.454034,20.02
77Z0Z.mp4,33.533333,1,18,1.0,1.0,0.0,1.0,0.677418,0.677418,0.188086,0.286538,0.286538,0.286538,1.0,1.0,1.0,0.0,0.666667,32.8
79VVK.mp4,40.106733,2,9,1.0,0.5,0.0,1.0,0.553943,0.506223,0.309531,0.297412,0.297412,0.297412,1.0,1.0,0.5,0.0,0.5,40.006633
87Y64.mp4,30.3,3,13,1.0,0.666667,0.666667,1.0,0.891509,0.818177,0.323013,0.443119,0.443119,0.443119,1.0,0.772843,0.592063,0.511111,0.625339,29.566667
9J0RB.mp4,15.7082,5,2,0.4,0.2,0.0,0.4,0.513513,0.421307,0.501333,0.936734,0.951365,0.951365,0.983847,1.0,0.2,0.0,0.4,14.376997
AAQHJ.mp4,30.864167,7,15,1.0,1.0,0.857143,1.0,0.922965,0.867964,0.713364,0.862581,0.862581,0.862581,1.0,0.507076,0.417307,0.267695,0.397359,30.03
AFCDN.mp4,29.496133,2,10,0.5,0.5,0.0,1.0,0.564819,0.408248,0.176343,0.370726,0.385787,0.385787,0.904726,0.5,0.5,0.0,0.333333,28.8288
BB7WL.mp4,30.561122,1,16,1.0,1.0,1.0,1.0,0.846341,0.846341,0.108103,0.177249,0.177249,0.177249,1.0,0.11859,0.11859,0.076923,0.104701,30.460922
BDY1V.mp4,30.683858,3,1,0.333333,0.333333,0.0,0.333333,0.558023,0.284153,0.558023,0.700735,0.817791,0.817791,0.830381,0.333333,0.333333,0.0,0.222222,27.419618
C46TD.mp4,31.7,6,6,0.5,0.5,0.333333,0.833333,0.922746,0.833595,0.466562,0.481283,0.481283,0.481283,1.0,0.55,0.45,0.216667,0.405556,31.166667
CM6T8.mp4,12.106699,3,0,0.0,0.0,0.0,0.0,0.0,0.0,0.0,0.0,0.0,0.0,0.0,0.0,0.0,0.0,0.0,0
D1WYU.mp4,30.530612,5,1,0.2,0.0,0.0,0.2,0.33943,0.255126,0.33943,0.581365,0.657064,0.657064,0.834608,0.4,0.0,0.0,0.133333,27.428571
EZRQW.mp4,28.443282,1,8,1.0,1.0,0.0,1.0,0.687047,0.687047,0.387858,0.373657,0.373657,0.373657,1.0,0.835,0.533333,0.0,0.456111,27.807886
F5UVQ.mp4,37.266667,3,9,0.333333,0.333333,0.333333,1.0,0.714943,0.506873,0.238041,0.349123,0.360834,0.360834,0.914943,0.310053,0.214286,0.333333,0.285891,36.766667
FKK5R.mp4,26.43913,4,12,1.0,1.0,0.25,1.0,0.714746,0.649397,0.48661,0.593497,0.593497,0.593497,1.0,0.857544,0.637311,0.125,0.539952,25.958418
FYHTC.mp4,28.495133,4,11,0.75,0.5,0.5,1.0,0.733531,0.641837,0.303063,0.486957,0.503844,0.503844,0.935602,0.407242,0.209325,0.188492,0.268353,28.028
GFK4S.mp4,36.066667,2,2,0.5,0.5,0.5,1.0,0.939675,0.539464,0.667124,0.746105,0.768555,0.962324,0.768555,0.5,0.5,0.5,0.5,15.966667
GG3K5.mp4,32.026144,4,16,1.0,1.0,1.0,1.0,0.934185,0.905438,0.444596,0.500537,0.500537,0.500537,1.0,0.992063,1.0,0.9375,0.976521,31.372549
H5CJD.mp4,26.511628,1,4,0.0,0.0,0.0,1.0,0.276829,0.276829,0.168153,0.204694,0.214237,0.214237,0.821271,0.0,0.0,0.0,0.0,24.55814
I87SH.mp4,31.104755,5,13,0.8,0.8,0.4,1.0,0.757159,0.661668,0.382036,0.604277,0.643872,0.643872,0.907634,0.9,0.8,0.7,0.8,30.032177
I9CDV.mp4,30.663967,3,14,1.0,1.0,0.666667,1.0,0.910389,0.849394,0.379852,0.407755,0.407755,0.407755,1.0,0.852712,0.935185,0.361111,0.716336,30.397033
ICQUJ.mp4,20.810778,2,4,0.5,0.0,0.0,1.0,0.328866,0.328866,0.100792,0.264131,0.287534,0.287534,0.764431,1.0,0.0,0.0,0.333333,20.209311
IDXZK.mp4,35.428809,2,7,1.0,0.5,0.5,1.0,0.873664,0.873664,0.250715,0.260261,0.260261,0.260261,1.0,0.875,1.0,1.0,0.958333,34.970858
IONV9.mp4,38.275862,3,14,0.666667,0.0,0.0,1.0,0.469393,0.444055,0.087815,0.244211,0.244211,0.244211,1.0,0.229499,0.0,0.0,0.0765,38.068966
JR6VG.mp4,22.4,4,0,0.0,0.0,0.0,0.0,0.0,0.0,0.0,0.0,0.0,0.0,0.0,0.0,0.0,0.0,0.0,0
K8MZH.mp4,30.53875,1,1,0.0,0.0,0.0,1.0,0.227777,0.227777,0.227777,0.227777,0.227777,0.227777,1.0,0.0,0.0,0.0,0.0,27.657736
L0HDB.mp4,30.332419,1,13,1.0,1.0,1.0,1.0,0.723374,0.723374,0.17231,0.175339,0.175339,0.175339,1.0,0.243193,0.171429,0.1,0.17154,29.663568
LE7PM.mp4,47.6476,1,5,0.0,0.0,0.0,1.0,0.176869,0.176869,0.050762,0.086872,0.086872,0.086872,1.0,0.0,0.0,0.0,0.0,47.213833
LLQBB.mp4,32.233333,6,8,0.833333,0.666667,0.333333,1.0,0.810833,0.657565,0.553666,0.605051,0.624609,0.624609,0.950794,0.801587,0.649074,0.305556,0.585406,31.966667
MS4GA.mp4,29.763067,5,1,0.0,0.0,0.0,0.2,0.218559,0.207434,0.218559,0.35382,0.35382,0.35382,1.0,0.0,0.0,0.0,0.0,28.8288
MSACP.mp4,29.991975,1,8,0.0,0.0,0.0,1.0,0.250047,0.250047,0.031256,0.094331,0.094331,0.094331,1.0,0.0,0.0,0.0,0.0,29.691053
QE4YE.mp4,42.8,2,17,1.0,0.5,0.0,1.0,0.575321,0.48728,0.106713,0.212356,0.212356,0.212356,1.0,1.0,0.5,0.0,0.5,42.4
QI0EL.mp4,31.083333,2,8,1.0,0.5,0.5,1.0,0.823529,0.576317,0.34469,0.37793,0.390121,0.390121,0.923628,0.571429,0.5,0.5,0.52381,31.0
QYM5H.mp4,30.033333,3,11,1.0,0.666667,0.666667,1.0,0.816631,0.801892,0.311211,0.590297,0.618217,0.618217,0.928931,0.786508,0.747619,0.714286,0.749471,29.6
RX7TC.mp4,30.226231,2,13,0.5,0.5,0.5,1.0,0.774575,0.746443,0.183931,0.389592,0.389592,0.389592,1.0,0.508996,0.5625,0.75,0.607165,29.518095
SBM3M.mp4,20.009614,2,0,0.0,0.0,0.0,0.0,0.0,0.0,0.0,0.0,0.0,0.0,0.0,0.0,0.0,0.0,0.0,0
TCI7K.mp4,30.833333,1,7,1.0,1.0,1.0,1.0,0.840801,0.840801,0.426827,0.220547,0.220547,0.220547,1.0,0.709524,0.387302,0.366667,0.487831,30.366667
TJJKK.mp4,9.333333,4,0,0.0,0.0,0.0,0.0,0.0,0.0,0.0,0.0,0.0,0.0,0.0,0.0,0.0,0.0,0.0,0
VG7S6.mp4,20.430237,2,4,1.0,1.0,0.0,1.0,0.689144,0.597006,0.545633,0.837469,0.871073,0.871073,0.955965,0.75,0.75,0.0,0.5,20.189881
VIN5T.mp4,20.043956,1,0,0.0,0.0,0.0,0.0,0.0,0.0,0.0,0.0,0.0,0.0,0.0,0.0,0.0,0.0,0.0,0
VJ0LT.mp4,31.999012,5,2,0.4,0.0,0.0,0.4,0.38426,0.304802,0.376674,0.771639,0.858777,0.858777,0.883786,0.5,0.0,0.0,0.166667,29.651594
W0XPU.mp4,31.18,5,9,0.8,0.6,0.4,1.0,0.940494,0.81009,0.434606,0.455729,0.455729,0.455729,1.0,0.490476,0.42381,0.395238,0.436508,30.72
XO8NL.mp4,30.932897,3,1,0.333333,0.0,0.0,0.333333,0.331015,0.326138,0.331015,0.454613,0.454613,0.454613,1.0,1.0,0.0,0.0,0.333333,27.495908
YACA8.mp4,29.766667,1,12,1.0,1.0,1.0,1.0,0.747028,0.747028,0.222383,0.283665,0.283665,0.283665,1.0,0.8875,0.325,0.325,0.5125,29.6
YW5QQ.mp4,31.966667,2,7,1.0,1.0,1.0,1.0,0.791254,0.749631,0.566301,0.63777,0.63777,0.63777,1.0,0.554167,0.416667,0.291667,0.420833,31.2
ZIP18.mp4,34.033333,5,15,0.8,0.6,0.4,1.0,0.752139,0.669978,0.250375,0.459952,0.459952,0.459952,1.0,0.756349,0.766667,0.116667,0.546561,31.966667
ZQKVY.mp4,13.105375,1,1,1.0,0.0,0.0,1.0,0.422653,0.422653,0.422653,0.422653,0.422653,0.422653,1.0,1.0,0.0,0.0,0.333333,12.772751
ZX37G.mp4,17.350667,1,4,1.0,1.0,0.0,1.0,0.694198,0.694198,0.496975,0.469581,0.469581,0.469581,1.0,0.916667,1.0,0.0,0.638889,12.779433
1FIGA.mp4,35.78575,7,18,1.0,0.571429,0.0,1.0,0.588837,0.50502,0.345835,0.43684,0.43684,0.43684,1.0,0.331155,0.133314,0.0,0.154823,35.035
1RD2K.mp4,19.88,2,4,0.5,0.5,0.5,1.0,0.795143,0.685228,0.467045,0.448933,0.448933,0.448933,1.0,1.0,1.0,0.5,0.833333,19.16
2B577.mp4,30.75,2,12,0.5,0.5,0.5,1.0,0.833747,0.554519,0.296186,0.446655,0.476432,0.476432,0.877248,0.5,0.5,0.5,0.5,30.0
3LN8C.mp4,35.152025,3,14,1.0,1.0,1.0,1.0,0.776009,0.776009,0.31256,0.257323,0.257323,0.257323,1.0,0.672122,0.589582,0.484287,0.581997,34.611225
5R7VN.mp4,29.362667,5,9,1.0,0.4,0.2,1.0,0.769117,0.604625,0.403068,0.461456,0.461456,0.461456,1.0,0.971905,0.4,0.4,0.590635,28.8288
735W9.mp4,31.133333,2,10,1.0,1.0,0.5,1.0,0.877924,0.877924,0.265617,0.230263,0.230263,0.230263,1.0,0.741667,0.416667,0.333333,0.497222,30.4
7V4NJ.mp4,30.743071,2,12,1.0,1.0,0.5,1.0,0.700873,0.700873,0.196848,0.177286,0.177286,0.177286,1.0,0.678788,0.375,0.166667,0.406818,29.34875
AFCDN.mp4,29.496133,1,10,0.0,0.0,0.0,1.0,0.251678,0.251678,0.041757,0.130752,0.136064,0.136064,0.770071,0.0,0.0,0.0,0.0,28.8288
B0XI9.mp4,31.704527,4,2,0.5,0.0,0.0,0.5,0.439646,0.331015,0.411043,0.869022,0.913953,0.913953,0.946458,0.5,0.0,0.0,0.166667,31.377676
B6XQZ.mp4,30.8,2,1,0.5,0.0,0.0,0.5,0.487061,0.487061,0.487061,0.487061,0.487061,0.487061,1.0,1.0,0.0,0.0,0.333333,30.4
BI6Y4.mp4,34.498928,5,5,0.4,0.4,0.2,0.8,0.746101,0.429021,0.38911,0.518149,0.518149,0.518149,1.0,0.233333,0.233333,0.133333,0.2,33.762058
BIQGN.mp4,30.447083,4,24,1.0,0.75,0.0,1.0,0.678641,0.674718,0.366319,0.469583,0.469583,0.469583,1.0,0.407415,0.321625,0.0,0.243013,30.03
CUSTU.mp4,34.242542,3,24,1.0,1.0,0.333333,1.0,0.739444,0.633433,0.212451,0.275079,0.282886,0.282886,0.908814,0.742396,0.592911,0.024206,0.453171,34.034
DO48Z.mp4,31.2312,4,2,0.5,0.0,0.0,0.5,0.458119,0.342413,0.446541,0.56215,0.56215,0.56215,1.0,0.5,0.0,0.0,0.166667,30.4304
G2DIN.mp4,31.777391,4,12,1.0,1.0,1.0,1.0,0.951859,0.847449,0.490554,0.594137,0.642732,0.642732,0.88711,0.544767,0.495238,0.405159,0.481721,30.504956
HSKVH.mp4,30.6,2,5,1.0,0.5,0.5,1.0,0.989038,0.669427,0.523888,0.3125,0.3125,0.3125,1.0,0.56875,0.238889,0.1,0.302546,30.4
IKYAW.mp4,30.794998,2,13,1.0,0.5,0.5,1.0,0.839714,0.650674,0.273949,0.365313,0.365313,0.365313,1.0,0.679167,0.5,0.5,0.559722,30.373149
IWTWJ.mp4,19.6,3,8,0.666667,0.666667,0.666667,1.0,0.816631,0.717808,0.515664,0.615364,0.666545,0.666545,0.889064,0.819841,0.816667,0.4,0.678836,19.2
J3RP9.mp4,38.621917,1,14,1.0,1.0,1.0,1.0,0.712893,0.712893,0.346373,0.318144,0.318144,0.318144,1.0,0.444124,0.388745,0.266667,0.366512,38.038
J59UP.mp4,30.870597,2,14,0.5,0.5,0.5,1.0,0.700758,0.700758,0.069674,0.183843,0.183843,0.183843,1.0,1.0,1.0,1.0,1.0,30.469245
JNK11.mp4,23.766667,2,11,1.0,1.0,0.5,1.0,0.864028,0.864028,0.215151,0.237111,0.237111,0.237111,1.0,0.849206,0.849206,0.416667,0.705026,23.2
JXTAD.mp4,33.012519,2,11,1.0,0.5,0.0,1.0,0.531566,0.489047,0.196681,0.354481,0.403775,0.403775,0.74383,0.6,0.1,0.0,0.233333,29.849239
K7NRW.mp4,30.733333,7,16,1.0,0.857143,0.0,1.0,0.699814,0.664862,0.431864,0.74026,0.74026,0.74026,1.0,0.592261,0.433485,0.0,0.341915,30.4
KA09C.mp4,30.533333,4,6,0.25,0.0,0.0,0.75,0.399609,0.399609,0.112851,0.099902,0.10516,0.10516,0.66645,1.0,0.0,0.0,0.333333,30.4
KZS5M.mp4,35.873092,6,18,1.0,1.0,0.333333,1.0,0.959801,0.714462,0.514573,0.690256,0.734156,0.734156,0.920276,0.966138,0.945139,0.361111,0.757463,34.611225
LXEPT.mp4,31.066667,3,16,1.0,0.666667,0.666667,1.0,0.936167,0.75357,0.482318,0.892872,0.907741,0.907741,0.981985,0.498788,0.113294,0.075,0.229027,30.4
LZ2Y4.mp4,21.24834,4,0,0.0,0.0,0.0,0.0,0.0,0.0,0.0,0.0,0.0,0.0,0.0,0.0,0.0,0.0,0.0,0
M4Z0M.mp4,33.890311,2,0,0.0,0.0,0.0,0.0,0.0,0.0,0.0,0.0,0.0,0.0,0.0,0.0,0.0,0.0,0.0,0
N56QO.mp4,9.621765,2,0,0.0,0.0,0.0,0.0,0.0,0.0,0.0,0.0,0.0,0.0,0.0,0.0,0.0,0.0,0.0,0
OEM65.mp4,35.4,1,6,1.0,1.0,1.0,1.0,0.936167,0.936167,0.346953,0.193204,0.193204,0.193204,1.0,1.0,1.0,1.0,1.0,35.2
P0CET.mp4,33.4334,1,12,1.0,1.0,1.0,1.0,0.902765,0.902765,0.133025,0.219269,0.219269,0.219269,1.0,0.5,0.25,0.25,0.333333,32.8328
Q38XP.mp4,31.066667,1,4,1.0,1.0,0.0,1.0,0.587819,0.587819,0.376642,0.424346,0.424346,0.424346,1.0,1.0,1.0,0.0,0.666667,28.766667
SLHDI.mp4,38.626179,7,12,0.714286,0.571429,0.285714,1.0,0.832784,0.612447,0.440768,0.553325,0.553325,0.553325,1.0,0.561508,0.484127,0.214286,0.419974,38.492409
SLT0S.mp4,31.297933,1,7,1.0,0.0,0.0,1.0,0.382561,0.382561,0.226006,0.200509,0.200509,0.200509,1.0,1.0,0.0,0.0,0.333333,30.4304
TCJCJ.mp4,30.865779,2,4,0.5,0.0,0.0,1.0,0.339173,0.286077,0.197524,0.3416,0.3416,0.3416,1.0,0.25,0.0,0.0,0.083333,30.737705
TH3M0.mp4,31.766667,6,15,1.0,1.0,0.5,1.0,0.909524,0.815031,0.457359,0.66483,0.685872,0.685872,0.955889,0.745271,0.575463,0.213889,0.511541,31.2
TKAUR.mp4,41.653055,7,4,0.571429,0.142857,0.0,0.571429,0.599479,0.430141,0.454644,0.791467,0.813869,0.813869,0.966391,0.714286,0.428571,0.0,0.380952,39.202875
TQO6O.mp4,34.11342,1,9,1.0,1.0,1.0,1.0,0.844707,0.844707,0.348389,0.280972,0.280972,0.280972,1.0,0.71,0.477778,0.2,0.462593,33.811235
ULD0T.mp4,30.363667,2,1,0.5,0.0,0.0,0.5,0.322486,0.209819,0.322486,0.419638,0.419638,0.419638,1.0,0.5,0.0,0.0,0.166667,28.8288
V8IGX.mp4,26.966667,5,2,0.2,0.0,0.0,0.4,0.433821,0.313296,0.345318,0.566667,0.60177,0.60177,0.906667,0.4,0.0,0.0,0.133333,26.366667
W65SM.mp4,36.0,1,14,1.0,1.0,1.0,1.0,0.805529,0.805529,0.228424,0.295718,0.295718,0.295718,1.0,0.876667,0.666667,0.75,0.764444,35.52
W7EDM.mp4,20.550415,5,6,0.6,0.2,0.2,1.0,0.72334,0.488334,0.520105,0.727783,0.727783,0.727783,1.0,0.876667,0.053333,0.033333,0.321111,20.189881
XGS3K.mp4,22.12,3,10,1.0,1.0,0.666667,1.0,0.871796,0.849744,0.55064,0.725789,0.725789,0.725789,1.0,1.0,1.0,0.472222,0.824074,21.90099
XKU2U.mp4,32.388803,4,14,1.0,1.0,0.5,1.0,0.946952,0.915189,0.411404,0.457352,0.457352,0.457352,1.0,0.310006,0.303084,0.154167,0.255752,32.148377
Y2MGC.mp4,32.04,6,5,0.833333,0.333333,0.166667,0.833333,0.742394,0.543093,0.529969,0.869091,0.925161,0.934811,0.925161,0.616667,0.283333,0.075,0.325,30.68
YPRUL.mp4,30.705882,4,10,1.0,0.75,0.5,1.0,0.991922,0.754301,0.521642,0.695269,0.75045,0.75045,0.904358,0.84375,0.616667,0.391667,0.617361,29.647059
Z3H4P.mp4,30.096733,1,8,1.0,0.0,0.0,1.0,0.480282,0.480282,0.163534,0.298333,0.306249,0.306249,0.920266,0.5,0.0,0.0,0.166667,28.8288
0SFYS.mp4,32.128514,1,6,1.0,0.0,0.0,1.0,0.468082,0.468082,0.146435,0.186258,0.186258,0.186258,1.0,0.5,0.0,0.0,0.166667,30.598585
13XM4.mp4,28.3,4,15,1.0,0.75,0.25,1.0,0.847922,0.761719,0.343382,0.342913,0.342913,0.342913,1.0,0.43497,0.272867,0.085714,0.264517,28.0
1F706.mp4,30.079968,5,12,0.4,0.2,0.2,0.8,0.86062,0.588145,0.21853,0.322864,0.336861,0.336861,0.885979,0.594444,0.383333,0.016667,0.331481,29.711915
1NJOQ.mp4,35.0,5,17,1.0,0.6,0.6,1.0,0.823038,0.714991,0.297939,0.435098,0.455777,0.455777,0.905571,0.339584,0.263624,0.263624,0.288944,34.366667
2443O.mp4,31.625,2,12,1.0,1.0,0.5,1.0,0.906901,0.906901,0.245659,0.235383,0.235383,0.235383,1.0,0.811111,0.538889,0.266667,0.538889,31.0
2AG8W.mp4,11.025505,3,0,0.0,0.0,0.0,0.0,0.0,0.0,0.0,0.0,0.0,0.0,0.0,0.0,0.0,0.0,0.0,0
3C1ZN.mp4,30.8,1,0,0.0,0.0,0.0,0.0,0.0,0.0,0.0,0.0,0.0,0.0,0.0,0.0,0.0,0.0,0.0,0
3R4DD.mp4,33.1,3,18,1.0,1.0,0.0,1.0,0.684818,0.684818,0.136045,0.238143,0.246856,0.246856,0.870924,0.793056,0.466667,0.0,0.419907,32.8
4UXE3.mp4,32.9,2,0,0.0,0.0,0.0,0.0,0.0,0.0,0.0,0.0,0.0,0.0,0.0,0.0,0.0,0.0,0.0,0
5EEXF.mp4,33.5,6,13,0.666667,0.5,0.333333,1.0,0.766667,0.758935,0.350983,0.393007,0.393007,0.393007,1.0,0.616071,0.542923,0.312698,0.490564,32.8
5HPZ1.mp4,33.700333,5,10,1.0,0.6,0.0,1.0,0.545676,0.533073,0.401255,0.457597,0.457597,0.457597,1.0,0.990476,0.595,0.0,0.528492,33.6336
5TYXL.mp4,30.6,1,13,1.0,1.0,1.0,1.0,0.711955,0.711955,0.099276,0.167894,0.173642,0.173642,0.835314,1.0,1.0,1.0,1.0,30.366667
727IZ.mp4,34.768067,4,7,0.75,0.5,0.25,1.0,0.862558,0.628027,0.374751,0.298802,0.298802,0.298802,1.0,0.541667,0.291667,0.25,0.361111,34.4344
7RXMM.mp4,25.117173,2,5,1.0,0.0,0.0,1.0,0.42809,0.42809,0.243477,0.326314,0.326314,0.326314,1.0,1.0,0.0,0.0,0.333333,24.516284
8HW76.mp4,32.533333,1,8,1.0,1.0,0.0,1.0,0.634902,0.634902,0.2793,0.250197,0.250197,0.250197,1.0,0.916667,0.75,0.0,0.555556,30.366667
8RU1Q.mp4,28.7,2,13,1.0,0.5,0.0,1.0,0.690854,0.690854,0.0898,0.157274,0.157274,0.157274,1.0,0.433333,0.5,0.0,0.311111,27.966667
9EEGQ.mp4,31.033333,3,15,1.0,1.0,0.666667,1.0,0.840525,0.783926,0.405292,0.526636,0.526636,0.526636,1.0,0.432297,0.299994,0.074004,0.268765,30.366667
9U82D.mp4,34.633333,2,12,1.0,1.0,0.0,1.0,0.695652,0.656515,0.35181,0.439062,0.459484,0.459484,0.908079,0.630556,0.6125,0.0,0.414352,34.4
A9YQJ.mp4,32.958217,3,14,0.666667,0.666667,0.333333,1.0,0.802492,0.802492,0.118086,0.272319,0.288836,0.288836,0.826451,1.0,1.0,1.0,1.0,32.05571
D4D2T.mp4,23.735128,4,7,1.0,0.75,0.0,1.0,0.638955,0.539256,0.553664,0.810935,0.878618,0.878618,0.913247,1.0,0.645833,0.0,0.548611,23.07415
DPLMM.mp4,15.233533,2,0,0.0,0.0,0.0,0.0,0.0,0.0,0.0,0.0,0.0,0.0,0.0,0.0,0.0,0.0,0.0,0
EFADI.mp4,19.829347,1,6,1.0,1.0,0.0,1.0,0.505427,0.505427,0.419997,0.309412,0.309412,0.309412,1.0,0.926667,0.166667,0.0,0.364444,18.747747
ETDTU.mp4,12.349515,1,0,0.0,0.0,0.0,0.0,0.0,0.0,0.0,0.0,0.0,0.0,0.0,0.0,0.0,0.0,0.0,0
FTYFA.mp4,30.4,5,14,0.8,0.8,0.4,0.8,0.769388,0.750245,0.211706,0.297527,0.297527,0.297527,1.0,0.688571,0.688571,0.54,0.639048,29.566667
FV8CK.mp4,30.764067,1,12,1.0,1.0,1.0,1.0,0.803992,0.803992,0.097008,0.253288,0.253288,0.253288,1.0,0.2,0.2,0.2,0.2,30.397033
GZF5F.mp4,16.948559,1,3,1.0,1.0,0.0,1.0,0.597046,0.597046,0.545403,0.417559,0.417559,0.417559,1.0,1.0,0.833333,0.0,0.611111,16.773471
H46LQ.mp4,33.866667,1,8,1.0,0.0,0.0,1.0,0.388455,0.388455,0.190478,0.166481,0.166481,0.166481,1.0,0.583333,0.0,0.0,0.194444,33.6
I6TPS.mp4,30.694205,1,4,1.0,1.0,0.0,1.0,0.692817,0.692817,0.47413,0.394703,0.423364,0.423364,0.853592,0.638889,0.416667,0.0,0.351852,29.83362
IWTWJ.mp4,19.6,1,8,1.0,1.0,1.0,1.0,0.711914,0.711914,0.210423,0.296631,0.296631,0.296631,1.0,0.267857,0.267857,0.25,0.261905,19.2
J5DOP.mp4,30.326334,4,10,0.75,0.25,0.25,1.0,0.941134,0.707194,0.22938,0.488955,0.511087,0.511087,0.918643,0.958333,0.5,0.5,0.652778,29.657617
KGO3W.mp4,30.5305,3,23,1.0,1.0,1.0,1.0,0.970541,0.909315,0.489966,0.522915,0.522915,0.522915,1.0,0.412976,0.219676,0.144859,0.25917,30.03
LDNE2.mp4,31.875,1,7,0.0,0.0,0.0,1.0,0.297917,0.297917,0.07992,0.180556,0.205755,0.205755,0.595833,0.0,0.0,0.0,0.0,28.958333
LFDQF.mp4,30.697333,2,6,0.5,0.5,0.0,1.0,0.587987,0.587987,0.11491,0.263114,0.263114,0.263114,1.0,0.183333,0.183333,0.0,0.122222,23.189833
LV4U7.mp4,30.242088,4,14,0.75,0.75,0.5,1.0,0.938365,0.924871,0.248799,0.359269,0.359269,0.359269,1.0,0.363882,0.356704,0.339692,0.353426,30.052364
MHAGN.mp4,21.028599,3,7,1.0,0.0,0.0,1.0,0.488128,0.466664,0.437908,0.531248,0.578946,0.578946,0.865737,0.957804,0.0,0.0,0.319268,20.187455
MUE2B.mp4,31.398201,6,1,0.0,0.0,0.0,0.166667,0.272991,0.229922,0.272991,0.516835,0.516835,0.516835,1.0,0.0,0.0,0.0,0.0,27.473426
N2WXN.mp4,30.833333,1,7,1.0,1.0,0.0,1.0,0.616598,0.616598,0.187075,0.421669,0.421669,0.421669,1.0,1.0,1.0,0.0,0.666667,30.366667
N86ED.mp4,31.765067,4,5,0.75,0.0,0.0,1.0,0.472187,0.399819,0.363692,0.47316,0.47316,0.47316,1.0,0.666667,0.0,0.0,0.222222,30.4304
NACLT.mp4,20.466667,2,10,1.0,1.0,1.0,1.0,0.911262,0.83467,0.480933,0.62872,0.660156,0.660156,0.929593,0.804167,0.794444,0.416667,0.671759,20.0
NBKCK.mp4,8.140351,2,0,0.0,0.0,0.0,0.0,0.0,0.0,0.0,0.0,0.0,0.0,0.0,0.0,0.0,0.0,0.0,0
NKE77.mp4,30.8,2,7,1.0,1.0,0.5,1.0,0.827667,0.765396,0.385994,0.24337,0.24337,0.24337,1.0,0.461111,0.308333,0.25,0.339815,30.4
ODM20.mp4,29.0,4,0,0.0,0.0,0.0,0.0,0.0,0.0,0.0,0.0,0.0,0.0,0.0,0.0,0.0,0.0,0.0,0
OETY6.mp4,30.7,2,7,0.5,0.5,0.0,1.0,0.674385,0.374325,0.303839,0.348617,0.367368,0.367368,0.872287,0.5,0.291667,0.0,0.263889,30.366667
OZ02A.mp4,40.807433,4,7,0.5,0.0,0.0,0.75,0.463701,0.426334,0.162803,0.329504,0.329504,0.329504,1.0,0.604167,0.0,0.0,0.201389,40.04
QSVXJ.mp4,32.393258,2,14,1.0,1.0,0.5,1.0,0.900387,0.722981,0.341085,0.440042,0.440042,0.440042,1.0,0.582621,0.452002,0.125,0.386541,29.089888
SCFIN.mp4,34.501133,2,19,1.0,0.0,0.0,1.0,0.479288,0.467125,0.243577,0.482121,0.482121,0.482121,1.0,0.271859,0.0,0.0,0.09062,34.4344
SUG5S.mp4,30.739045,5,1,0.0,0.0,0.0,0.2,0.269054,0.200795,0.269054,0.465583,0.465583,0.465583,1.0,0.0,0.0,0.0,0.0,27.468934
TRHT1.mp4,8.966548,2,0,0.0,0.0,0.0,0.0,0.0,0.0,0.0,0.0,0.0,0.0,0.0,0.0,0.0,0.0,0.0,0
VD58Y.mp4,23.514043,2,0,0.0,0.0,0.0,0.0,0.0,0.0,0.0,0.0,0.0,0.0,0.0,0.0,0.0,0.0,0.0,0
VNMNF.mp4,27.266667,2,3,0.5,0.5,0.0,1.0,0.526528,0.385804,0.359051,0.639118,0.657916,0.657916,0.957209,0.291667,0.166667,0.0,0.152778,27.2
WUTHF.mp4,36.966667,3,15,0.666667,0.666667,0.333333,1.0,0.781205,0.781205,0.107019,0.155662,0.155662,0.155662,1.0,0.944444,0.944444,1.0,0.962963,35.966667
X2JBJ.mp4,30.8,1,9,1.0,1.0,1.0,1.0,0.932796,0.932796,0.357563,0.394737,0.394737,0.394737,1.0,0.338194,0.338194,0.208333,0.294907,30.4
X4BQG.mp4,32.766067,3,2,0.333333,0.0,0.0,0.666667,0.413094,0.337009,0.409847,0.421362,0.421362,0.421362,1.0,0.333333,0.0,0.0,0.111111,32.032
XJA7Z.mp4,30.678851,4,1,0.25,0.0,0.0,0.25,0.313752,0.30547,0.313752,0.543509,0.543509,0.543509,1.0,1.0,0.0,0.0,0.333333,27.415144
XXS99.mp4,29.003092,3,7,1.0,1.0,0.666667,1.0,0.815353,0.736914,0.579146,0.491452,0.523899,0.523899,0.888083,0.861508,0.775,0.666667,0.767725,28.142002
Y0MCG.mp4,30.7,1,4,1.0,1.0,1.0,1.0,0.74039,0.74039,0.426143,0.194028,0.194028,0.194028,1.0,0.833333,0.833333,1.0,0.888889,30.4
ZDWM7.mp4,30.448181,3,1,0.333333,0.0,0.0,0.333333,0.480652,0.370864,0.480652,0.480652,0.480652,0.480652,1.0,1.0,0.0,0.0,0.333333,29.744758
0J471.mp4,21.755067,4,10,1.0,0.75,0.0,1.0,0.649999,0.640477,0.430769,0.616948,0.657293,0.657293,0.909511,0.88625,0.850694,0.0,0.578981,21.588233
0QAZ7.mp4,30.363667,2,10,0.5,0.0,0.0,1.0,0.366668,0.28981,0.103796,0.174921,0.188095,0.188095,0.714081,0.5,0.0,0.0,0.166667,28.8288
1F4JZ.mp4,31.985905,1,3,0.0,0.0,0.0,1.0,0.242735,0.242735,0.213901,0.211582,0.211582,0.211582,1.0,0.0,0.0,0.0,0.0,31.680954
1P7GJ.mp4,42.708333,1,17,1.0,1.0,1.0,1.0,0.903141,0.903141,0.166374,0.171131,0.171131,0.171131,1.0,0.601326,0.646465,0.333333,0.527041,42.0
2KGV3.mp4,30.8,6,5,0.666667,0.333333,0.166667,0.666667,0.783728,0.63808,0.491792,0.527509,0.527509,0.527509,1.0,0.95,0.638889,0.666667,0.751852,30.72
3MV13.mp4,24.865042,1,0,0.0,0.0,0.0,0.0,0.0,0.0,0.0,0.0,0.0,0.0,0.0,0.0,0.0,0.0,0.0,0
3T785.mp4,30.7,2,12,1.0,1.0,0.5,1.0,0.916728,0.916728,0.209025,0.194305,0.194305,0.194305,1.0,0.381151,0.381151,0.25,0.337434,30.366667
3W1GP.mp4,35.068367,8,2,0.125,0.125,0.0,0.25,0.544327,0.250226,0.411737,0.776281,0.811576,0.811576,0.94695,0.25,0.25,0.0,0.166667,34.4344
4NHRT.mp4,24.095662,2,10,1.0,1.0,0.0,1.0,0.662331,0.62753,0.417307,0.481041,0.481041,0.481041,1.0,0.405622,0.264534,0.0,0.223385,23.07415
4YBN9.mp4,33.433333,2,17,1.0,0.5,0.5,1.0,0.802375,0.645986,0.392459,0.631312,0.631312,0.631312,1.0,0.753604,0.5,0.5,0.584535,32.8
5D85P.mp4,12.0,1,0,0.0,0.0,0.0,0.0,0.0,0.0,0.0,0.0,0.0,0.0,0.0,0.0,0.0,0.0,0.0,0
5EEXF.mp4,33.5,2,13,1.0,1.0,0.5,1.0,0.879451,0.823447,0.201345,0.19829,0.19829,0.19829,1.0,0.41756,0.407143,0.3125,0.379067,32.8
5GHV3.mp4,34.4,2,9,1.0,1.0,0.5,1.0,0.778721,0.665033,0.401839,0.398763,0.398763,0.398763,1.0,0.95754,0.866667,0.5,0.774735,33.6
65ULK.mp4,30.560549,1,1,1.0,0.0,0.0,1.0,0.369531,0.369531,0.369531,0.369531,0.417238,0.417238,0.763698,1.0,0.0,0.0,0.333333,27.455467
74WSB.mp4,30.749655,1,6,1.0,0.0,0.0,1.0,0.479111,0.479111,0.462081,0.317744,0.317744,0.317744,1.0,1.0,0.0,0.0,0.333333,30.537589
7E2AJ.mp4,16.295115,5,4,0.6,0.4,0.0,0.8,0.684261,0.526727,0.55841,0.859442,0.924147,0.924147,0.92467,0.75,0.5,0.0,0.416667,15.809729
8O07M.mp4,30.28,2,12,1.0,1.0,0.5,1.0,0.70707,0.70707,0.239114,0.352189,0.352189,0.352189,1.0,0.415159,0.340079,0.142857,0.299365,29.813556
8V8HC.mp4,34.020446,3,1,0.333333,0.333333,0.333333,0.333333,0.846698,0.81431,0.846698,0.985466,0.985466,0.985466,1.0,1.0,1.0,1.0,1.0,7.206301
9J7EW.mp4,30.811868,4,1,0.25,0.25,0.0,0.25,0.52222,0.449161,0.52222,0.78522,0.78522,0.78522,1.0,0.75,0.5,0.0,0.416667,27.388327
AGGSE.mp4,28.226464,1,0,0.0,0.0,0.0,0.0,0.0,0.0,0.0,0.0,0.0,0.0,0.0,0.0,0.0,0.0,0.0,0
AWR2R.mp4,35.12786,1,17,1.0,1.0,1.0,1.0,0.80345,0.80345,0.19011,0.25955,0.25955,0.25955,1.0,0.504722,0.355556,0.366667,0.408981,34.690444
BEAAA.mp4,28.083333,7,9,0.285714,0.285714,0.142857,0.285714,0.867452,0.561979,0.289744,0.38923,0.38923,0.38923,1.0,0.902551,0.145805,0.052381,0.366912,28.0
D0AGO.mp4,39.190072,4,3,0.5,0.25,0.0,0.75,0.500074,0.500074,0.368166,0.442195,0.442195,0.442195,1.0,0.75,0.375,0.0,0.375,35.271065
D7W4E.mp4,30.733333,3,15,1.0,1.0,0.666667,1.0,0.85808,0.775827,0.443446,0.57206,0.57206,0.57206,1.0,0.653981,0.464815,0.219444,0.44608,30.4
DLOS7.mp4,41.470588,4,22,1.0,0.75,0.25,1.0,0.751163,0.649551,0.295874,0.456829,0.456829,0.456829,1.0,0.855051,0.6625,0.208333,0.575295,40.941176
E002I.mp4,23.766667,9,10,1.0,0.888889,0.555556,1.0,0.908028,0.871728,0.685887,0.8675,0.8675,0.8675,1.0,0.806305,0.81358,0.696296,0.772061,22.366667
EF7Q9.mp4,28.465116,3,14,1.0,1.0,0.666667,1.0,0.978946,0.936864,0.402486,0.474073,0.474073,0.474073,1.0,0.383933,0.275968,0.101445,0.253782,27.627907
FG9NT.mp4,27.266667,2,5,1.0,1.0,0.0,1.0,0.53546,0.53546,0.364404,0.345818,0.345818,0.345818,1.0,0.805556,0.75,0.0,0.518519,27.2
FRGXE.mp4,21.561562,2,6,0.5,0.5,0.0,1.0,0.566793,0.301963,0.360116,0.308191,0.351255,0.351255,0.715406,0.5,0.5,0.0,0.333333,20.18018
G2AMK.mp4,27.354409,1,6,0.0,0.0,0.0,1.0,0.157632,0.157632,0.026272,0.112669,0.116176,0.116176,0.788686,0.0,0.0,0.0,0.0,27.154742
HG7C2.mp4,29.8298,3,15,1.0,0.333333,0.333333,1.0,0.797093,0.602894,0.397771,0.819133,0.857984,0.857984,0.947615,0.568368,0.11746,0.02381,0.236546,29.596233
HQ8BB.mp4,16.133333,3,0,0.0,0.0,0.0,0.0,0.0,0.0,0.0,0.0,0.0,0.0,0.0,0.0,0.0,0.0,0.0,0
HS14N.mp4,31.097733,3,3,0.333333,0.0,0.0,1.0,0.452272,0.299459,0.419662,0.4566,0.4566,0.4566,1.0,0.333333,0.0,0.0,0.111111,30.4304
IIL9C.mp4,32.321878,4,10,0.5,0.5,0.25,0.75,0.850722,0.621157,0.231115,0.410191,0.410191,0.410191,1.0,0.475992,0.458333,0.5,0.478108,32.187762
KS5JT.mp4,29.266667,3,14,0.666667,0.333333,0.333333,1.0,0.715383,0.715383,0.087156,0.19789,0.19789,0.19789,1.0,0.9,1.0,1.0,0.966667,28.8
LLTBQ.mp4,20.610504,3,4,0.666667,0.0,0.0,1.0,0.495326,0.487248,0.452687,0.639086,0.639086,0.639086,1.0,1.0,0.0,0.0,0.333333,20.189881
MB281.mp4,28.633333,4,15,1.0,1.0,0.25,1.0,0.834165,0.716182,0.322865,0.474054,0.489397,0.489397,0.937968,0.686186,0.7375,0.083333,0.50234,28.0
ONVGA.mp4,14.040562,1,3,1.0,1.0,0.0,1.0,0.664966,0.664966,0.605158,0.517196,0.517196,0.517196,1.0,1.0,1.0,0.0,0.666667,12.960518
OQSXX.mp4,28.5285,3,4,0.666667,0.0,0.0,0.666667,0.486752,0.464198,0.302118,0.570547,0.570547,0.570547,1.0,0.361111,0.0,0.0,0.12037,25.592233
P3CLM.mp4,41.7,2,0,0.0,0.0,0.0,0.0,0.0,0.0,0.0,0.0,0.0,0.0,0.0,0.0,0.0,0.0,0.0,0
PC7H2.mp4,31.183012,4,1,0.25,0.0,0.0,0.25,0.442075,0.433891,0.442075,0.442075,0.442075,0.442075,1.0,1.0,0.0,0.0,0.333333,30.546624
Q3Z4V.mp4,31.322958,1,25,1.0,1.0,1.0,1.0,0.925527,0.925527,0.243042,0.251261,0.251261,0.251261,1.0,0.986111,0.966667,0.916667,0.956481,31.031
RMKOC.mp4,32.835221,2,1,0.5,0.0,0.0,0.5,0.373075,0.286,0.373075,0.428939,0.428939,0.428939,1.0,0.5,0.0,0.0,0.166667,32.165114
S5KQ1.mp4,30.196833,4,24,1.0,1.0,0.0,1.0,0.678641,0.671531,0.385538,0.462818,0.462818,0.462818,1.0,0.488808,0.42566,0.0,0.304822,30.03
SBI6Z.mp4,26.993633,1,4,1.0,1.0,0.0,1.0,0.688362,0.688362,0.36095,0.39291,0.39291,0.39291,1.0,1.0,1.0,0.0,0.666667,22.389033
T96JC.mp4,29.462767,1,9,1.0,1.0,1.0,1.0,0.847008,0.847008,0.313671,0.332919,0.332919,0.332919,1.0,0.317956,0.173611,0.125,0.205522,28.8288
T9N9R.mp4,30.131575,1,2,0.0,0.0,0.0,1.0,0.282055,0.282055,0.265756,0.231613,0.231613,0.231613,1.0,0.0,0.0,0.0,0.0,22.464763
TDGNE.mp4,27.961267,2,5,0.5,0.0,0.0,1.0,0.399201,0.307302,0.232255,0.29615,0.325402,0.325402,0.767138,0.166667,0.0,0.0,0.055556,26.393033
VVQYB.mp4,39.205833,1,11,1.0,1.0,0.0,1.0,0.670623,0.670623,0.217761,0.153585,0.153585,0.153585,1.0,0.588889,0.583333,0.0,0.390741,38.405033
WT46G.mp4,34.7,3,4,0.666667,0.666667,0.333333,1.0,0.732483,0.553124,0.547652,0.456659,0.456659,0.456659,1.0,0.833333,0.472222,0.111111,0.472222,34.366667
XRU9O.mp4,28.2,3,5,1.0,1.0,0.333333,1.0,0.751601,0.751601,0.494149,0.47154,0.47154,0.47154,1.0,1.0,1.0,0.833333,0.944444,28.0
YFJ9U.mp4,30.311424,1,8,1.0,1.0,1.0,1.0,0.719355,0.719355,0.192559,0.370313,0.370313,0.370313,1.0,0.416667,0.416667,0.416667,0.416667,29.440861
YHXU9.mp4,30.912842,1,10,1.0,1.0,0.0,1.0,0.696605,0.696605,0.190701,0.14605,0.14605,0.14605,1.0,0.611111,0.25,0.0,0.287037,30.811378
YIIFF.mp4,30.179528,2,10,1.0,1.0,0.0,1.0,0.654398,0.631314,0.381391,0.655365,0.679247,0.679247,0.949083,0.688988,0.651786,0.0,0.446925,29.910068
ZXHCH.mp4,25.177262,3,1,0.0,0.0,0.0,0.333333,0.248719,0.198423,0.248719,0.485169,0.485169,0.485169,1.0,0.0,0.0,0.0,0.0,24.516284
ZYJJF.mp4,30.682656,1,7,1.0,1.0,1.0,1.0,0.705834,0.705834,0.367484,0.333996,0.333996,0.333996,1.0,0.645833,0.416667,0.416667,0.493056,30.54867
ZZ3HT.mp4,35.118417,3,29,1.0,1.0,0.666667,1.0,0.925332,0.722542,0.306676,0.399768,0.399768,0.399768,1.0,0.535356,0.462419,0.248705,0.415493,35.035
0FM93.mp4,38.177962,3,20,1.0,0.0,0.0,1.0,0.452395,0.452395,0.146382,0.383136,0.393816,0.393816,0.933893,0.792548,0.0,0.0,0.264183,37.942295
13IS9.mp4,27.066667,4,6,0.75,0.75,0.5,1.0,0.7798,0.764017,0.598578,0.727391,0.727391,0.727391,1.0,0.656667,0.55,0.404167,0.536944,26.4
26RQN.mp4,33.782147,1,16,1.0,1.0,0.0,1.0,0.508543,0.508543,0.170096,0.32081,0.337915,0.337915,0.863719,1.0,0.916667,0.0,0.638889,33.228341
2FPB3.mp4,32.4,3,10,1.0,1.0,0.666667,1.0,0.863361,0.777207,0.351038,0.499269,0.499269,0.499269,1.0,0.955556,0.777778,0.333333,0.688889,31.64
3G1OQ.mp4,27.485792,2,13,1.0,0.5,0.0,1.0,0.541839,0.541839,0.129471,0.154424,0.159984,0.159984,0.816307,1.0,0.333333,0.0,0.444444,27.027
3OLX3.mp4,29.933333,1,10,1.0,0.0,0.0,1.0,0.487827,0.487827,0.327793,0.242784,0.242784,0.242784,1.0,0.868707,0.0,0.0,0.289569,28.8
4GLAP.mp4,30.485817,1,1,0.0,0.0,0.0,1.0,0.168297,0.168297,0.168297,0.168297,0.168297,0.168297,1.0,0.0,0.0,0.0,0.0,27.388327
5INX3.mp4,44.727047,1,5,1.0,1.0,1.0,1.0,0.882272,0.882272,0.5066,0.264457,0.272361,0.272361,0.901112,1.0,1.0,0.833333,0.944444,44.665012
7EJUR.mp4,23.940583,5,8,0.6,0.4,0.2,0.6,0.791421,0.536296,0.477006,0.721086,0.721086,0.721086,1.0,0.303254,0.124048,0.039286,0.155529,23.023
81R72.mp4,32.499133,2,0,0.0,0.0,0.0,0.0,0.0,0.0,0.0,0.0,0.0,0.0,0.0,0.0,0.0,0.0,0.0,0
8TZSC.mp4,18.507391,1,4,1.0,0.0,0.0,1.0,0.484032,0.484032,0.364708,0.373815,0.410415,0.410415,0.807388,1.0,0.0,0.0,0.333333,17.305612
96ATI.mp4,33.933333,1,17,1.0,1.0,0.0,1.0,0.630509,0.630509,0.202001,0.300824,0.300824,0.300824,1.0,0.261212,0.205195,0.0,0.155469,33.566667
99B6U.mp4,27.933333,4,9,1.0,0.75,0.0,1.0,0.564213,0.521652,0.461534,0.754835,0.754835,0.754835,1.0,0.869444,0.383333,0.0,0.417593,27.166667
B4XZD.mp4,22.112727,1,8,1.0,0.0,0.0,1.0,0.392089,0.392089,0.210905,0.208025,0.208025,0.208025,1.0,0.804167,0.0,0.0,0.268056,21.632015
BQA97.mp4,30.3,1,0,0.0,0.0,0.0,0.0,0.0,0.0,0.0,0.0,0.0,0.0,0.0,0.0,0.0,0.0,0.0,0
BQZ52.mp4,40.981415,2,17,1.0,0.5,0.5,1.0,0.923862,0.877057,0.108151,0.144165,0.144165,0.144165,1.0,1.0,1.0,1.0,1.0,40.914561
DV6CH.mp4,31.866667,5,15,0.8,0.8,0.4,1.0,0.865007,0.795918,0.438928,0.717773,0.717773,0.717773,1.0,0.483611,0.455833,0.265,0.401481,31.2
EJY5V.mp4,21.151304,1,5,0.0,0.0,0.0,1.0,0.201953,0.201953,0.089454,0.135762,0.147933,0.147933,0.622646,0.0,0.0,0.0,0.0,20.189881
ENOLD.mp4,16.284089,1,4,1.0,1.0,0.0,1.0,0.518551,0.518551,0.273357,0.422305,0.422305,0.422305,1.0,1.0,1.0,0.0,0.666667,15.863467
F3M1Q.mp4,16.107383,5,0,0.0,0.0,0.0,0.0,0.0,0.0,0.0,0.0,0.0,0.0,0.0,0.0,0.0,0.0,0.0,0
FFYL6.mp4,13.761468,7,0,0.0,0.0,0.0,0.0,0.0,0.0,0.0,0.0,0.0,0.0,0.0,0.0,0.0,0.0,0.0,0
FLLUJ.mp4,30.633333,3,5,1.0,1.0,0.333333,1.0,0.861008,0.861008,0.519209,0.457185,0.457185,0.457185,1.0,0.769444,0.67037,0.444444,0.628086,30.4
FRSBQ.mp4,32.0,1,16,1.0,1.0,0.0,1.0,0.501189,0.501189,0.169474,0.330398,0.349459,0.349459,0.858303,0.538528,0.313131,0.0,0.283886,31.2
FVINY.mp4,30.833333,3,4,0.666667,0.666667,0.333333,1.0,0.96274,0.96274,0.454394,0.522106,0.522106,0.522106,1.0,1.0,1.0,1.0,1.0,27.966667
GHJ3Q.mp4,26.259567,2,3,1.0,0.5,0.0,1.0,0.592474,0.592474,0.452316,0.434041,0.434041,0.434041,1.0,0.583333,0.5,0.0,0.361111,11.978633
GT43R.mp4,34.034,3,9,0.666667,0.666667,0.0,1.0,0.618264,0.606649,0.40802,0.597489,0.597489,0.597489,1.0,0.410119,0.383333,0.0,0.264484,33.6336
HI4NV.mp4,30.081219,2,4,1.0,0.5,0.0,1.0,0.590099,0.590099,0.414769,0.64532,0.776404,0.776404,0.792626,0.638889,0.25,0.0,0.296296,15.207728
HS14N.mp4,31.097733,2,3,1.0,0.0,0.0,1.0,0.452272,0.403005,0.419662,0.397423,0.397423,0.397423,1.0,0.791667,0.0,0.0,0.263889,30.4304
ICOX1.mp4,31.812865,3,12,1.0,1.0,0.666667,1.0,0.909627,0.908882,0.44538,0.472823,0.472823,0.472823,1.0,0.515393,0.473104,0.222222,0.403573,31.278195
IKJGO.mp4,45.847855,1,11,1.0,0.0,0.0,1.0,0.373733,0.373733,0.122512,0.132113,0.132113,0.132113,1.0,0.090909,0.0,0.0,0.030303,44.706165
IUETR.mp4,20.721635,4,5,0.5,0.25,0.0,1.0,0.585433,0.551102,0.313635,0.423552,0.423552,0.423552,1.0,1.0,0.75,0.0,0.583333,19.127663
J1KLV.mp4,29.166667,2,15,1.0,1.0,0.5,1.0,0.779412,0.701702,0.276068,0.419896,0.437391,0.437391,0.913024,0.855,0.738889,0.5,0.697963,28.8
JTXAM.mp4,23.733333,2,2,0.5,0.5,0.5,1.0,0.757373,0.501489,0.501489,0.374792,0.404451,0.404451,0.836355,0.5,0.5,0.5,0.5,23.166667
KMZDA.mp4,32.9,1,9,1.0,1.0,0.0,1.0,0.686849,0.686849,0.170612,0.201029,0.201029,0.201029,1.0,0.666667,0.666667,0.0,0.444444,32.8
KO2MY.mp4,19.712723,2,7,1.0,1.0,1.0,1.0,0.731631,0.731631,0.478015,0.44789,0.44789,0.44789,1.0,0.893095,0.446429,0.371429,0.570317,18.751127
KTDG0.mp4,14.035788,1,2,1.0,0.0,0.0,1.0,0.483413,0.483413,0.454307,0.422987,0.422987,0.422987,1.0,1.0,0.0,0.0,0.333333,12.771902
KZR42.mp4,30.898405,1,2,1.0,0.0,0.0,1.0,0.321969,0.321969,0.270505,0.271132,0.271132,0.271132,1.0,1.0,0.0,0.0,0.333333,30.629723
L2502.mp4,33.8,2,18,1.0,0.5,0.0,1.0,0.599107,0.488021,0.240611,0.554196,0.577288,0.577288,0.932682,0.55292,0.055556,0.0,0.202825,33.6
LQMXW.mp4,36.084039,2,17,1.0,1.0,0.5,1.0,0.958896,0.743463,0.281119,0.517346,0.517346,0.517346,1.0,0.656944,0.554563,0.071429,0.427646,35.578188
LSCMZ.mp4,18.5,2,0,0.0,0.0,0.0,0.0,0.0,0.0,0.0,0.0,0.0,0.0,0.0,0.0,0.0,0.0,0.0,0
MLHCK.mp4,31.097733,1,15,1.0,1.0,1.0,1.0,0.806873,0.806873,0.165353,0.259557,0.259557,0.259557,1.0,0.277778,0.266667,0.266667,0.27037,30.4304
MRZ44.mp4,16.366667,2,0,0.0,0.0,0.0,0.0,0.0,0.0,0.0,0.0,0.0,0.0,0.0,0.0,0.0,0.0,0.0,0
NJANX.mp4,21.451749,1,6,1.0,1.0,0.0,1.0,0.52074,0.52074,0.343423,0.297566,0.297566,0.297566,1.0,0.525,0.166667,0.0,0.230556,20.189881
OVFVJ.mp4,33.266533,2,4,1.0,0.5,0.0,1.0,0.636977,0.522961,0.560829,0.575416,0.610156,0.610156,0.909959,0.916667,0.319444,0.0,0.412037,32.064128
OXCDM.mp4,32.644068,1,13,1.0,1.0,1.0,1.0,0.719397,0.719397,0.262227,0.276562,0.276562,0.276562,1.0,0.36329,0.261905,0.242857,0.289351,32.542373
P6JGZ.mp4,11.5,4,3,0.75,0.5,0.0,0.75,0.694147,0.640434,0.542365,0.815713,0.847481,0.847481,0.956064,0.791667,0.75,0.0,0.513889,11.166667
PNRFK.mp4,28.595233,2,12,1.0,1.0,0.0,1.0,0.599737,0.599737,0.248899,0.474414,0.474414,0.474414,1.0,0.484935,0.203788,0.0,0.229574,28.028
POACA.mp4,29.696333,1,0,0.0,0.0,0.0,0.0,0.0,0.0,0.0,0.0,0.0,0.0,0.0,0.0,0.0,0.0,0.0,0
QQGU3.mp4,18.066667,6,0,0.0,0.0,0.0,0.0,0.0,0.0,0.0,0.0,0.0,0.0,0.0,0.0,0.0,0.0,0.0,0
QVBTC.mp4,34.300933,2,9,1.0,0.5,0.5,1.0,0.986081,0.986081,0.172013,0.374672,0.374672,0.374672,1.0,0.8125,1.0,1.0,0.9375,33.6336
R971Z.mp4,35.954604,8,11,0.875,0.75,0.5,1.0,0.950674,0.769761,0.691543,0.81778,0.81778,0.81778,1.0,0.888194,0.64375,0.354167,0.628704,35.352012
REWLB.mp4,30.666667,1,16,1.0,1.0,0.0,1.0,0.526443,0.526443,0.208644,0.398257,0.398257,0.398257,1.0,0.599008,0.470238,0.0,0.356415,30.366667
RO8Y6.mp4,36.08605,1,0,0.0,0.0,0.0,0.0,0.0,0.0,0.0,0.0,0.0,0.0,0.0,0.0,0.0,0.0,0.0,0
SAO1A.mp4,13.521963,1,0,0.0,0.0,0.0,0.0,0.0,0.0,0.0,0.0,0.0,0.0,0.0,0.0,0.0,0.0,0.0,0
SR8IK.mp4,30.61463,3,3,0.666667,0.333333,0.0,1.0,0.643888,0.643888,0.346726,0.338554,0.338554,0.338554,1.0,0.666667,0.333333,0.0,0.333333,30.414316
TNDT2.mp4,21.221053,5,0,0.0,0.0,0.0,0.0,0.0,0.0,0.0,0.0,0.0,0.0,0.0,0.0,0.0,0.0,0.0,0
VHD24.mp4,29.487988,1,0,0.0,0.0,0.0,0.0,0.0,0.0,0.0,0.0,0.0,0.0,0.0,0.0,0.0,0.0,0.0,0
VNQTH.mp4,10.497631,5,0,0.0,0.0,0.0,0.0,0.0,0.0,0.0,0.0,0.0,0.0,0.0,0.0,0.0,0.0,0.0,0
VXOE4.mp4,31.28125,2,9,1.0,1.0,1.0,1.0,0.843886,0.804454,0.68395,0.828053,0.828053,0.828053,1.0,0.621032,0.571429,0.554762,0.582407,31.031
W97NR.mp4,31.537583,1,7,1.0,1.0,1.0,1.0,0.791127,0.791127,0.468722,0.419989,0.419989,0.419989,1.0,1.0,0.805556,0.805556,0.87037,31.436824
WX711.mp4,30.8,1,9,1.0,1.0,1.0,1.0,0.743067,0.743067,0.266168,0.253392,0.253392,0.253392,1.0,0.816667,0.7,1.0,0.838889,30.4
X8JVY.mp4,29.295933,3,3,0.333333,0.0,0.0,0.666667,0.375407,0.373289,0.244255,0.327223,0.327223,0.327223,1.0,0.611111,0.0,0.0,0.203704,27.193833
X95D0.mp4,31.186156,1,8,1.0,1.0,0.0,1.0,0.687758,0.687758,0.247497,0.408803,0.431956,0.431956,0.884085,0.755556,0.366667,0.0,0.374074,30.284822
YE6UZ.mp4,34.419259,1,5,1.0,0.0,0.0,1.0,0.377356,0.377356,0.228831,0.243068,0.243068,0.243068,1.0,1.0,0.0,0.0,0.333333,32.912579
YN3AA.mp4,30.648843,2,1,0.5,0.5,0.0,0.5,0.54397,0.345009,0.54397,0.638958,0.638958,0.638958,1.0,0.5,0.5,0.0,0.333333,27.388327
Z2KJ5.mp4,31.862745,1,2,1.0,0.0,0.0,1.0,0.404414,0.404414,0.380065,0.353862,0.353862,0.353862,1.0,1.0,0.0,0.0,0.333333,31.372549
02DPI.mp4,41.306436,4,10,0.75,0.25,0.25,1.0,0.75589,0.464877,0.411744,0.644429,0.644429,0.644429,1.0,0.261012,0.053935,0.027778,0.114242,40.345821
0KZYF.mp4,30.7307,9,12,0.666667,0.555556,0.333333,0.666667,0.824585,0.733068,0.385355,0.528032,0.555878,0.555878,0.913353,0.610538,0.66358,0.333333,0.535817,30.397033
0Z1PC.mp4,38.866667,7,18,1.0,1.0,0.428571,1.0,0.785408,0.716324,0.505834,0.731761,0.731761,0.731761,1.0,0.591927,0.454365,0.139342,0.395211,38.4
136V6.mp4,34.066667,5,17,1.0,1.0,0.4,1.0,0.884595,0.706551,0.46716,0.762475,0.762475,0.762475,1.0,0.766746,0.671905,0.3,0.57955,33.566667
1440M.mp4,28.389623,3,1,0.333333,0.0,0.0,0.333333,0.34658,0.34658,0.34658,0.34658,0.34658,0.34658,1.0,1.0,0.0,0.0,0.333333,27.410671
2KMGY.mp4,19.616102,2,4,0.5,0.0,0.0,1.0,0.430983,0.333716,0.382104,0.479498,0.479498,0.479498,1.0,0.5,0.0,0.0,0.166667,18.773693
2ZICJ.mp4,35.123484,5,11,1.0,0.8,0.6,1.0,0.986499,0.829517,0.43838,0.419169,0.437539,0.437539,0.908956,0.362441,0.257997,0.177222,0.265887,34.488521
3HLP7.mp4,30.846004,2,5,0.5,0.5,0.0,1.0,0.522409,0.522409,0.171052,0.150651,0.150651,0.150651,1.0,0.35,0.35,0.0,0.233333,30.544578
47RAA.mp4,42.129327,2,3,1.0,0.5,0.0,1.0,0.516812,0.516812,0.479954,0.41345,0.41345,0.41345,1.0,1.0,1.0,0.0,0.666667,39.190072
4BIMI.mp4,37.445573,4,12,1.0,0.25,0.0,1.0,0.550299,0.497247,0.397533,0.556136,0.556136,0.556136,1.0,0.757324,0.152778,0.0,0.303367,35.786855
5OV3M.mp4,32.642539,1,8,1.0,1.0,1.0,1.0,0.747177,0.747177,0.277504,0.211695,0.211695,0.211695,1.0,0.916667,1.0,1.0,0.972222,32.106867
7MRKY.mp4,36.669967,3,20,1.0,0.666667,0.666667,1.0,0.905956,0.905956,0.114602,0.169829,0.170101,0.170101,0.990667,1.0,0.888889,0.888889,0.925926,36.036
8SXHK.mp4,29.744021,3,6,1.0,0.0,0.0,1.0,0.379665,0.379665,0.322993,0.208025,0.208025,0.208025,1.0,0.496296,0.0,0.0,0.165432,28.842687
9ZE0J.mp4,32.1,5,12,1.0,0.8,0.2,1.0,0.741445,0.674052,0.480207,0.660762,0.660762,0.660762,1.0,0.828203,0.653333,0.033333,0.504957,31.166667
AF5BS.mp4,30.163467,1,0,0.0,0.0,0.0,0.0,0.0,0.0,0.0,0.0,0.0,0.0,0.0,0.0,0.0,0.0,0.0,0
BIJYC.mp4,35.2352,6,14,0.666667,0.333333,0.0,1.0,0.643321,0.584817,0.214124,0.384463,0.401943,0.401943,0.898379,0.986111,0.375,0.0,0.453704,34.4344
C6C7Q.mp4,31.6,5,2,0.2,0.0,0.0,0.4,0.485768,0.254994,0.341553,0.566228,0.593224,0.593224,0.92561,0.2,0.0,0.0,0.066667,31.2
CSPSU.mp4,25.370191,2,9,1.0,1.0,0.5,1.0,0.851415,0.851415,0.20957,0.273874,0.273874,0.273874,1.0,1.0,1.0,0.75,0.916667,24.835378
CYCEV.mp4,30.833333,3,16,1.0,0.666667,0.666667,1.0,0.926456,0.846865,0.218944,0.319532,0.319532,0.319532,1.0,0.311947,0.233852,0.232143,0.259314,30.366667
D0Y4L.mp4,30.066667,2,16,1.0,1.0,0.5,1.0,0.926456,0.926456,0.115403,0.199272,0.199272,0.199272,1.0,1.0,1.0,0.75,0.916667,29.6
E5ZF5.mp4,35.665203,6,13,1.0,1.0,0.666667,1.0,0.836713,0.721582,0.555511,0.748907,0.782821,0.782821,0.945315,0.795337,0.735185,0.5,0.676841,35.397044
E89S9.mp4,20.661902,2,8,1.0,1.0,0.5,1.0,0.775655,0.775655,0.293286,0.440923,0.440923,0.440923,1.0,1.0,1.0,0.5,0.833333,20.181392
FK143.mp4,36.625245,5,3,0.2,0.0,0.0,0.6,0.358735,0.210233,0.288148,0.613725,0.642968,0.642968,0.931006,0.2,0.0,0.0,0.066667,35.317201
FQ2Q3.mp4,15.533333,1,0,0.0,0.0,0.0,0.0,0.0,0.0,0.0,0.0,0.0,0.0,0.0,0.0,0.0,0.0,0.0,0
HSWPR.mp4,33.083333,2,1,0.0,0.0,0.0,0.5,0.213578,0.178568,0.213578,0.350356,0.350356,0.350356,1.0,0.0,0.0,0.0,0.0,29.958333
HXUI5.mp4,48.019361,8,8,0.625,0.375,0.0,1.0,0.629095,0.428564,0.477207,0.839621,0.839621,0.839621,1.0,0.663492,0.278795,0.0,0.314096,45.854031
JEB7V.mp4,30.966667,5,0,0.0,0.0,0.0,0.0,0.0,0.0,0.0,0.0,0.0,0.0,0.0,0.0,0.0,0.0,0.0,0
JT537.mp4,26.566667,2,13,1.0,1.0,1.0,1.0,0.778106,0.778106,0.226069,0.234375,0.234375,0.234375,1.0,0.499621,0.666667,0.666667,0.610985,26.4
KT2SV.mp4,40.503021,1,2,0.0,0.0,0.0,1.0,0.291888,0.291888,0.277843,0.262699,0.262699,0.262699,1.0,0.0,0.0,0.0,0.0,39.196472
LD9EC.mp4,30.964267,1,8,1.0,0.0,0.0,1.0,0.362374,0.362374,0.058324,0.085428,0.085428,0.085428,1.0,0.166667,0.0,0.0,0.055556,30.4304
Q0IHP.mp4,35.159962,4,3,0.5,0.0,0.0,0.75,0.483261,0.435282,0.346801,0.47668,0.47668,0.47668,1.0,0.708333,0.0,0.0,0.236111,32.942667
QMKZV.mp4,33.718892,4,7,0.5,0.25,0.0,1.0,0.526293,0.377585,0.40157,0.517292,0.517292,0.517292,1.0,0.357143,0.201042,0.0,0.186062,33.648791
QUAFE.mp4,29.9,3,2,0.666667,0.333333,0.333333,0.666667,0.725289,0.603119,0.542035,0.668912,0.668912,0.668912,1.0,0.666667,0.333333,0.333333,0.444444,29.6
QVD5B.mp4,30.192591,1,8,1.0,1.0,1.0,1.0,0.923893,0.923893,0.204878,0.498361,0.498361,0.498361,1.0,1.0,1.0,1.0,1.0,29.691053
R5WMI.mp4,15.382766,1,3,1.0,0.0,0.0,1.0,0.409447,0.409447,0.393615,0.325852,0.325852,0.325852,1.0,1.0,0.0,0.0,0.333333,14.421344
T56KO.mp4,33.08305,2,13,1.0,0.5,0.0,1.0,0.640348,0.561124,0.448381,0.437448,0.437448,0.437448,1.0,0.670388,0.121429,0.0,0.263939,32.4324
TR652.mp4,29.6,3,3,0.666667,0.333333,0.333333,0.666667,0.726611,0.649938,0.485146,0.751279,0.751279,0.751279,1.0,0.777778,0.444444,0.444444,0.555556,20.766667
U9NI5.mp4,21.632015,6,5,0.833333,0.333333,0.0,0.833333,0.593531,0.528298,0.548643,0.905503,0.905503,1.0,0.905503,0.687963,0.323611,0.0,0.337191,20.189881
VE6GK.mp4,31.065978,2,14,0.5,0.0,0.0,1.0,0.421188,0.421188,0.066446,0.174428,0.184307,0.184307,0.764943,1.0,0.0,0.0,0.333333,30.284822
W019T.mp4,30.997633,1,14,1.0,1.0,1.0,1.0,0.754313,0.754313,0.253658,0.41765,0.41765,0.41765,1.0,0.757576,0.476326,0.257576,0.497159,30.397033
W5P6B.mp4,30.03,1,15,1.0,1.0,0.0,1.0,0.591399,0.591399,0.29087,0.275586,0.275586,0.275586,1.0,0.378179,0.155556,0.0,0.177912,29.029
WP5RH.mp4,33.233333,4,17,0.75,0.75,0.5,1.0,0.795833,0.795833,0.146936,0.244151,0.244151,0.244151,1.0,0.979167,0.979167,0.9375,0.965278,32.766667
X9LP4.mp4,30.9,2,6,1.0,0.5,0.5,1.0,0.730549,0.542058,0.314451,0.545975,0.552025,0.552025,0.980324,0.666667,0.5,0.25,0.472222,30.366667
XPXWY.mp4,33.1331,6,5,0.333333,0.333333,0.0,0.333333,0.575385,0.506024,0.411381,0.669824,0.669824,0.669824,1.0,0.722222,0.25,0.0,0.324074,32.8328
YMJ6E.mp4,25.966667,2,7,1.0,1.0,1.0,1.0,0.796028,0.796028,0.417996,0.312424,0.312424,0.312424,1.0,1.0,0.958333,0.541667,0.833333,25.6
ZB5J4.mp4,39.882314,1,3,1.0,0.0,0.0,1.0,0.4627,0.4627,0.351101,0.329887,0.344785,0.344785,0.884192,1.0,0.0,0.0,0.333333,39.228506
2TAT3.mp4,30.411765,1,13,1.0,1.0,0.0,1.0,0.679815,0.679815,0.359524,0.29,0.29,0.29,1.0,0.909354,0.778333,0.0,0.562562,29.647059
4CAB5.mp4,30.568922,4,16,1.0,1.0,0.5,1.0,0.745679,0.664209,0.315254,0.485118,0.485118,0.485118,1.0,0.514635,0.28616,0.13617,0.312321,29.889612
4RKKP.mp4,30.648843,1,1,0.0,0.0,0.0,1.0,0.063938,0.063938,0.063938,0.063938,0.072369,0.072369,0.354338,0.0,0.0,0.0,0.0,27.388327
51N2C.mp4,30.674847,1,2,0.0,0.0,0.0,1.0,0.177963,0.177963,0.167248,0.155718,0.155718,0.155718,1.0,0.0,0.0,0.0,0.0,30.202926
5SBEY.mp4,15.142411,3,3,0.333333,0.0,0.0,1.0,0.433724,0.270232,0.402792,0.470426,0.521922,0.521922,0.826625,0.333333,0.0,0.0,0.111111,14.421344
7LWW3.mp4,44.897223,2,8,0.5,0.5,0.0,1.0,0.65809,0.448917,0.246371,0.58137,0.58137,0.58137,1.0,0.184722,0.184722,0.0,0.123148,44.716913
8D6PU.mp4,37.916667,1,0,0.0,0.0,0.0,0.0,0.0,0.0,0.0,0.0,0.0,0.0,0.0,0.0,0.0,0.0,0.0,0
9MNZ5.mp4,52.571429,7,6,0.571429,0.0,0.0,0.571429,0.455587,0.380617,0.333316,0.453444,0.471792,0.471792,0.921007,0.507738,0.0,0.0,0.169246,50.938776
9YOI8.mp4,30.89822,7,7,0.857143,0.428571,0.0,0.857143,0.634276,0.557737,0.503212,0.679722,0.679722,0.679722,1.0,0.767007,0.428571,0.0,0.398526,30.463974
AEKYE.mp4,32.6326,4,15,1.0,0.75,0.25,1.0,0.715569,0.613796,0.5074,0.917699,0.939724,0.975097,0.939724,0.673123,0.348025,0.049107,0.356752,31.998633
AZPOX.mp4,32.699333,1,26,1.0,1.0,1.0,1.0,0.828687,0.828687,0.100978,0.206093,0.206093,0.206093,1.0,0.133938,0.130952,0.166667,0.143852,32.032
BQOLV.mp4,36.473981,2,19,1.0,1.0,1.0,1.0,0.980677,0.972134,0.195245,0.324606,0.324606,0.324606,1.0,0.268161,0.142138,0.098538,0.169612,36.053359
CH41S.mp4,39.265537,1,16,1.0,1.0,0.0,1.0,0.675968,0.675968,0.138409,0.205117,0.205117,0.205117,1.0,0.764423,0.5,0.0,0.421474,38.983051
DCRI5.mp4,30.402092,3,1,0.0,0.0,0.0,0.333333,0.193037,0.188165,0.193037,0.316885,0.316885,0.316885,1.0,0.0,0.0,0.0,0.0,27.459954
E6RD3.mp4,27.388327,3,0,0.0,0.0,0.0,0.0,0.0,0.0,0.0,0.0,0.0,0.0,0.0,0.0,0.0,0.0,0.0,0
ECW3E.mp4,39.778285,3,4,0.0,0.0,0.0,1.0,0.288974,0.263201,0.219885,0.378134,0.378134,0.378134,1.0,0.0,0.0,0.0,0.0,39.126182
EW8GX.mp4,29.4,1,15,1.0,1.0,1.0,1.0,0.833197,0.833197,0.184172,0.184191,0.184191,0.184191,1.0,0.394643,0.359524,0.2,0.318056,28.8
FDDDG.mp4,15.286624,3,0,0.0,0.0,0.0,0.0,0.0,0.0,0.0,0.0,0.0,0.0,0.0,0.0,0.0,0.0,0.0,0
FNBYE.mp4,38.435556,6,3,0.5,0.0,0.0,0.5,0.411134,0.307345,0.370167,0.605486,0.605486,0.605486,1.0,0.5,0.0,0.0,0.166667,35.328
GCI2J.mp4,30.639179,5,12,1.0,1.0,0.4,1.0,0.897959,0.675263,0.522628,0.708633,0.708633,0.708633,1.0,0.777889,0.581746,0.150794,0.503476,27.231114
GN0M8.mp4,24.858167,1,17,1.0,0.0,0.0,1.0,0.336636,0.336636,0.052794,0.116308,0.125874,0.125874,0.6048,0.083333,0.0,0.0,0.027778,24.024
HA8S9.mp4,31.033333,1,12,1.0,1.0,1.0,1.0,0.93423,0.93423,0.249519,0.220241,0.220241,0.220241,1.0,0.278409,0.240909,0.125,0.214773,30.4
HI75B.mp4,17.666146,3,4,1.0,0.0,0.0,1.0,0.45296,0.407808,0.452593,0.375488,0.375488,0.375488,1.0,1.0,0.0,0.0,0.333333,17.305612
HNPX7.mp4,29.9299,2,2,0.0,0.0,0.0,1.0,0.223686,0.214263,0.214263,0.333062,0.348466,0.348466,0.882825,0.0,0.0,0.0,0.0,29.6296
I75CL.mp4,28.618421,4,12,0.75,0.75,0.75,1.0,0.914976,0.892958,0.466524,0.587703,0.587703,0.587703,1.0,0.8,0.695833,0.545833,0.680556,28.421053
K8OB6.mp4,31.68,2,10,1.0,1.0,0.5,1.0,0.947601,0.833283,0.290987,0.333845,0.358622,0.358622,0.828531,0.323562,0.228902,0.133333,0.228599,30.72
K9EAZ.mp4,33.2,1,18,1.0,1.0,0.0,1.0,0.636667,0.636667,0.156773,0.304878,0.304878,0.304878,1.0,0.14759,0.115605,0.0,0.087731,32.8
KE5EM.mp4,12.466667,4,0,0.0,0.0,0.0,0.0,0.0,0.0,0.0,0.0,0.0,0.0,0.0,0.0,0.0,0.0,0.0,0
KFLI0.mp4,18.807836,2,5,1.0,0.0,0.0,1.0,0.348524,0.348524,0.280142,0.213359,0.213359,0.213359,1.0,0.505556,0.0,0.0,0.168519,18.747747
KWHPI.mp4,23.705,2,8,1.0,1.0,0.0,1.0,0.655969,0.634117,0.206137,0.268143,0.268143,0.268143,1.0,1.0,1.0,0.0,0.666667,22.376083
KWJ5O.mp4,34.466667,1,9,1.0,1.0,0.0,1.0,0.581149,0.581149,0.108327,0.102946,0.104742,0.104742,0.857249,1.0,1.0,0.0,0.666667,34.4
L0QNM.mp4,30.470588,3,12,1.0,1.0,0.666667,1.0,0.923664,0.833751,0.581833,0.782645,0.782645,0.782645,1.0,0.951852,0.936111,0.9375,0.941821,29.647059
L8CC0.mp4,36.559742,1,12,1.0,1.0,0.0,1.0,0.554047,0.554047,0.139163,0.226833,0.237763,0.237763,0.831486,0.261111,0.125,0.0,0.128704,35.299061
MVPPS.mp4,19.886533,1,9,1.0,1.0,1.0,1.0,0.808603,0.808603,0.164062,0.301822,0.301822,0.301822,1.0,0.833333,0.333333,0.333333,0.5,19.2192
MVX03.mp4,33.4334,1,6,1.0,0.0,0.0,1.0,0.487532,0.487532,0.367106,0.274628,0.274628,0.274628,1.0,0.926667,0.0,0.0,0.308889,32.032
MYBRN.mp4,22.292994,3,5,1.0,0.666667,0.0,1.0,0.63816,0.624075,0.472023,0.42544,0.42544,0.42544,1.0,0.818056,0.325,0.0,0.381019,21.632015
MZZK2.mp4,31.078733,8,11,1.0,0.375,0.125,1.0,0.95438,0.515474,0.608326,0.946065,0.952109,0.993335,0.952109,0.674339,0.300437,0.034474,0.336417,30.477209
N6FZ7.mp4,18.206946,6,5,0.666667,0.333333,0.0,0.833333,0.604418,0.524949,0.538918,0.722309,0.722309,0.722309,1.0,0.616667,0.295833,0.0,0.304167,17.305612
OB660.mp4,14.466667,5,2,0.4,0.4,0.0,0.4,0.558757,0.524482,0.530195,0.822454,0.822454,0.822454,1.0,0.7,0.5,0.0,0.4,12.766667
OHOFG.mp4,35.1415,6,3,0.333333,0.0,0.0,0.5,0.373038,0.327226,0.315809,0.513089,0.51734,0.51734,0.984235,0.513889,0.0,0.0,0.171296,32.7288
OJYDD.mp4,36.08605,2,7,1.0,1.0,0.0,1.0,0.671204,0.671204,0.326431,0.335602,0.335602,0.335602,1.0,1.0,0.958333,0.0,0.652778,36.036
PAW5E.mp4,17.4,4,2,0.5,0.0,0.0,0.5,0.476372,0.383437,0.433878,0.741012,0.741012,0.741012,1.0,0.5,0.0,0.0,0.166667,17.28
PBEUF.mp4,32.365667,2,13,1.0,0.5,0.0,1.0,0.541298,0.541298,0.117799,0.215391,0.215391,0.215391,1.0,1.0,1.0,0.0,0.666667,32.032
PTAZ9.mp4,30.136803,4,9,1.0,1.0,0.75,1.0,0.857432,0.734922,0.589102,0.764364,0.764364,0.764364,1.0,0.570685,0.253869,0.204762,0.343105,29.701977
RJD1Z.mp4,35.4,1,14,1.0,1.0,1.0,1.0,0.711111,0.711111,0.202362,0.318572,0.318572,0.318572,1.0,0.830357,0.916667,0.916667,0.887897,35.166667
SM4AO.mp4,32.992763,1,4,0.0,0.0,0.0,1.0,0.22295,0.22295,0.135202,0.166438,0.166438,0.166438,1.0,0.0,0.0,0.0,0.0,30.651341
T63X2.mp4,35.334185,1,4,1.0,1.0,0.0,1.0,0.532181,0.532181,0.3641,0.305625,0.331344,0.331344,0.797463,1.0,0.5,0.0,0.5,33.205619
TRVEA.mp4,32.05233,5,2,0.0,0.0,0.0,0.4,0.189878,0.160025,0.184639,0.29311,0.29311,0.29311,1.0,0.0,0.0,0.0,0.0,31.398201
U33ZS.mp4,30.8,2,14,1.0,1.0,0.5,1.0,0.833182,0.695661,0.188232,0.299394,0.299394,0.299394,1.0,0.614646,0.597306,0.077778,0.42991,30.4
VW4UD.mp4,26.919841,4,4,0.5,0.5,0.0,1.0,0.621105,0.417209,0.480007,0.535412,0.535412,0.535412,1.0,0.5,0.208333,0.0,0.236111,25.958418
W0YVE.mp4,19.233333,3,3,0.666667,0.333333,0.333333,1.0,0.795856,0.540546,0.536939,0.505371,0.505371,0.505371,1.0,1.0,0.111111,0.111111,0.407407,19.2
WF89D.mp4,30.321958,2,19,1.0,1.0,0.0,1.0,0.565143,0.556062,0.210556,0.386332,0.386332,0.386332,1.0,0.598454,0.414219,0.0,0.337558,30.03
WPU76.mp4,40.507133,2,20,1.0,1.0,1.0,1.0,0.867522,0.819581,0.138656,0.232383,0.232383,0.232383,1.0,0.858333,1.0,0.75,0.869444,40.006633
WRCO6.mp4,16.266667,1,3,1.0,0.0,0.0,1.0,0.306868,0.306868,0.127361,0.274902,0.274902,0.274902,1.0,1.0,0.0,0.0,0.333333,16.0
0E6H9.mp4,30.597233,1,12,1.0,1.0,1.0,1.0,0.786998,0.786998,0.148337,0.227201,0.227201,0.227201,1.0,1.0,1.0,1.0,1.0,30.397033
0LHWF.mp4,30.163467,4,0,0.0,0.0,0.0,0.0,0.0,0.0,0.0,0.0,0.0,0.0,0.0,0.0,0.0,0.0,0.0,0
1QP1S.mp4,33.674157,7,13,0.714286,0.571429,0.0,1.0,0.630204,0.604054,0.397726,0.69053,0.728659,0.728659,0.929559,0.785147,0.502551,0.0,0.429233,33.168539
2OHTZ.mp4,33.2332,5,6,0.6,0.2,0.0,0.6,0.553535,0.520793,0.373357,0.432471,0.432471,0.432471,1.0,0.802222,0.6,0.0,0.467407,32.8328
3B97C.mp4,20.5,1,5,1.0,1.0,0.0,1.0,0.534852,0.534852,0.1914,0.32002,0.32002,0.32002,1.0,0.583333,0.5,0.0,0.361111,20.0
3IS9Y.mp4,34.200833,3,4,0.333333,0.0,0.0,0.666667,0.308179,0.239349,0.188907,0.3859,0.401976,0.401976,0.906095,0.083333,0.0,0.0,0.027778,33.600233
4FX6G.mp4,40.933333,3,23,1.0,1.0,0.0,1.0,0.58989,0.589819,0.279045,0.475548,0.475548,0.475548,1.0,0.312681,0.165864,0.0,0.159515,40.8
68OG0.mp4,29.7,1,14,1.0,1.0,1.0,1.0,0.785495,0.785495,0.157509,0.364368,0.368138,0.368138,0.972664,1.0,1.0,1.0,1.0,29.6
7AB3X.mp4,27.640909,1,10,1.0,1.0,0.0,1.0,0.623003,0.623003,0.225425,0.28113,0.28113,0.28113,1.0,0.830357,1.0,0.0,0.610119,27.400553
7O6FK.mp4,19.04,6,6,1.0,0.833333,0.166667,1.0,0.771217,0.693136,0.628385,0.75502,0.829692,0.829692,0.893494,0.775926,0.598148,0.25,0.541358,18.2
8W829.mp4,34.567074,4,17,1.0,1.0,0.5,1.0,0.83094,0.734096,0.359222,0.580789,0.580789,0.580789,1.0,0.349698,0.239107,0.102083,0.230296,33.729694
B47TS.mp4,21.872371,1,8,1.0,0.0,0.0,1.0,0.477401,0.477401,0.267803,0.254614,0.254614,0.254614,1.0,1.0,0.0,0.0,0.333333,21.632015
BJ7YW.mp4,13.636666,2,0,0.0,0.0,0.0,0.0,0.0,0.0,0.0,0.0,0.0,0.0,0.0,0.0,0.0,0.0,0.0,0
CDULZ.mp4,30.35977,1,9,1.0,1.0,0.0,1.0,0.613694,0.613694,0.287648,0.293461,0.306399,0.306399,0.874215,0.8125,0.916667,0.0,0.576389,29.691053
DHDCF.mp4,27.2,3,4,1.0,1.0,0.333333,1.0,0.926382,0.926382,0.539658,0.253684,0.253684,0.253684,1.0,0.805556,0.805556,0.333333,0.648148,26.4
DJVKE.mp4,31.766667,3,3,1.0,0.333333,0.0,1.0,0.574889,0.574889,0.48743,0.408291,0.408291,0.408291,1.0,1.0,1.0,0.0,0.666667,30.366667
DMO76.mp4,22.125,4,8,1.0,0.75,0.5,1.0,0.791539,0.724917,0.355774,0.456134,0.472656,0.472656,0.928821,0.80625,0.739583,0.75,0.765278,22.0
DSI0N.mp4,33.466767,3,6,0.333333,0.0,0.0,1.0,0.435116,0.3317,0.228666,0.259091,0.259091,0.259091,1.0,0.333333,0.0,0.0,0.111111,32.799433
EIT66.mp4,12.209688,3,0,0.0,0.0,0.0,0.0,0.0,0.0,0.0,0.0,0.0,0.0,0.0,0.0,0.0,0.0,0.0,0
EURF2.mp4,33.821028,3,15,1.0,0.666667,0.333333,1.0,0.821851,0.821851,0.141603,0.206275,0.206275,0.206275,1.0,0.875,0.458333,0.5,0.611111,33.480776
F024X.mp4,31.873178,3,1,0.333333,0.333333,0.333333,0.333333,0.792545,0.382166,0.792545,0.801976,0.801976,1.0,0.801976,0.333333,0.333333,0.333333,0.333333,11.22767
F9VSQ.mp4,35.185817,3,14,1.0,1.0,1.0,1.0,0.891974,0.797971,0.342064,0.457371,0.457371,0.457371,1.0,0.619243,0.458445,0.458445,0.512044,34.333447
FJYWX.mp4,37.866667,3,5,0.666667,0.666667,0.666667,1.0,0.882845,0.602403,0.507545,0.388132,0.388132,0.388132,1.0,0.425926,0.277778,0.222222,0.308642,37.6
FQS5V.mp4,25.798304,2,4,0.5,0.0,0.0,1.0,0.373087,0.356847,0.330265,0.297401,0.297401,0.297401,1.0,0.958333,0.0,0.0,0.319444,24.53545
HIKIC.mp4,30.697333,3,22,1.0,1.0,0.666667,1.0,0.939574,0.798331,0.49067,0.616132,0.616132,0.616132,1.0,0.561973,0.458748,0.147619,0.389447,30.03
JIUH7.mp4,27.9,5,13,1.0,1.0,0.2,1.0,0.827667,0.713067,0.436777,0.610064,0.610064,0.610064,1.0,0.707413,0.602309,0.053571,0.454431,27.2
JMPKP.mp4,35.6356,3,8,1.0,0.333333,0.0,1.0,0.596385,0.444377,0.375435,0.266734,0.266734,0.266734,1.0,0.781944,0.166667,0.0,0.316204,35.2352
JS3TB.mp4,24.2,3,12,0.666667,0.333333,0.333333,1.0,0.801293,0.722656,0.122216,0.212861,0.212861,0.212861,1.0,0.172685,0.14537,0.078704,0.132253,23.966667
LGPWK.mp4,32.33709,1,1,0.0,0.0,0.0,1.0,0.178388,0.178388,0.178388,0.178388,0.178388,0.178388,1.0,0.0,0.0,0.0,0.0,31.357178
LRJKT.mp4,33.3333,1,5,1.0,0.0,0.0,1.0,0.444832,0.444832,0.183811,0.368433,0.368433,0.368433,1.0,0.416667,0.0,0.0,0.138889,32.8328
MKMFK.mp4,22.766667,2,7,1.0,0.5,0.5,1.0,0.702941,0.702941,0.166841,0.259664,0.259664,0.259664,1.0,0.916667,0.416667,0.416667,0.583333,21.566667
NUKJ0.mp4,30.598937,1,10,1.0,1.0,1.0,1.0,0.938379,0.938379,0.159421,0.246183,0.246183,0.246183,1.0,1.0,1.0,1.0,1.0,30.465171
O3HV7.mp4,34.633333,4,1,0.0,0.0,0.0,0.25,0.295162,0.255024,0.295162,0.657629,0.657629,0.657629,1.0,0.0,0.0,0.0,0.0,31.166667
OOKN5.mp4,36.8,2,19,1.0,0.5,0.0,1.0,0.568294,0.493534,0.268324,0.509814,0.538635,0.538635,0.905012,0.411688,0.101438,0.0,0.171042,35.966667
OTUV7.mp4,16.907409,5,0,0.0,0.0,0.0,0.0,0.0,0.0,0.0,0.0,0.0,0.0,0.0,0.0,0.0,0.0,0.0,0
OVFR0.mp4,21.824441,2,7,1.0,1.0,0.0,1.0,0.646401,0.582575,0.480745,0.67504,0.67504,0.67504,1.0,0.983333,1.0,0.0,0.661111,21.480207
OY3LS.mp4,45.0,8,13,0.875,0.5,0.25,1.0,0.944188,0.610746,0.619847,0.894269,0.942708,0.942708,0.945664,0.790545,0.381409,0.029647,0.400534,43.636364
PT4XS.mp4,31.266667,5,9,0.8,0.6,0.0,1.0,0.611812,0.561278,0.431445,0.431543,0.442608,0.442608,0.945241,0.578571,0.286349,0.0,0.288307,31.2
QACLT.mp4,26.2,3,2,0.333333,0.0,0.0,0.666667,0.442082,0.289942,0.40668,0.566101,0.566101,0.566101,1.0,0.333333,0.0,0.0,0.111111,25.6
QRSRE.mp4,33.025365,4,3,0.5,0.5,0.25,0.75,0.725162,0.64257,0.540961,0.37836,0.37836,0.37836,1.0,0.75,0.604167,0.166667,0.506944,32.252646
RJNAB.mp4,32.733333,4,16,1.0,0.75,0.5,1.0,0.769784,0.768724,0.225579,0.333816,0.333816,0.333816,1.0,0.278576,0.290332,0.253968,0.274292,31.166667
TS2DM.mp4,31.898533,6,0,0.0,0.0,0.0,0.0,0.0,0.0,0.0,0.0,0.0,0.0,0.0,0.0,0.0,0.0,0.0,0
VWFJA.mp4,25.838103,1,0,0.0,0.0,0.0,0.0,0.0,0.0,0.0,0.0,0.0,0.0,0.0,0.0,0.0,0.0,0.0,0
XRG9K.mp4,19.080548,5,0,0.0,0.0,0.0,0.0,0.0,0.0,0.0,0.0,0.0,0.0,0.0,0.0,0.0,0.0,0.0,0
Y80PJ.mp4,30.50927,1,2,1.0,1.0,1.0,1.0,0.890003,0.890003,0.51369,0.191431,0.191431,0.191431,1.0,1.0,1.0,1.0,1.0,29.771683
YT2C3.mp4,30.455904,6,12,1.0,1.0,0.5,1.0,0.917911,0.759845,0.535236,0.696798,0.696798,0.696798,1.0,0.891865,0.888889,0.722222,0.834325,29.559043
ZL3QP.mp4,30.597233,3,15,1.0,1.0,0.666667,1.0,0.90252,0.880471,0.199365,0.305513,0.305513,0.305513,1.0,0.925,0.911111,1.0,0.94537,30.4304
ZTWJB.mp4,31.498133,2,6,0.5,0.5,0.0,1.0,0.553535,0.553535,0.124784,0.174385,0.174385,0.174385,1.0,1.0,1.0,0.0,0.666667,30.397033
0KTWY.mp4,23.1231,1,9,1.0,1.0,0.0,1.0,0.6967,0.6967,0.293247,0.476967,0.476967,0.476967,1.0,0.32629,0.242063,0.0,0.189451,21.588233
15RTV.mp4,33.890311,2,10,1.0,1.0,0.0,1.0,0.697472,0.659259,0.516993,0.525473,0.525473,0.525473,1.0,0.830357,0.777778,0.0,0.536045,32.340655
1L5D3.mp4,30.816892,4,1,0.25,0.25,0.0,0.25,0.521921,0.329544,0.521921,0.724677,0.834255,0.846561,0.834255,0.25,0.25,0.0,0.166667,27.392793
1XOQ8.mp4,29.825737,1,6,1.0,0.0,0.0,1.0,0.353889,0.353889,0.14908,0.176125,0.176125,0.176125,1.0,0.583333,0.0,0.0,0.194444,28.954424
21O5C.mp4,30.498023,2,0,0.0,0.0,0.0,0.0,0.0,0.0,0.0,0.0,0.0,0.0,0.0,0.0,0.0,0.0,0.0,0
30K2N.mp4,22.721893,2,1,0.0,0.0,0.0,0.5,0.243856,0.234753,0.243856,0.401798,0.401798,0.401798,1.0,0.0,0.0,0.0,0.0,22.153846
3LMTS.mp4,30.313169,2,7,1.0,1.0,1.0,1.0,0.764597,0.762175,0.389949,0.435735,0.454641,0.454641,0.912882,0.524107,0.328968,0.279167,0.377414,29.710921
41T8C.mp4,21.266667,2,6,1.0,1.0,0.5,1.0,0.776127,0.663895,0.566751,0.712906,0.712906,0.712906,1.0,0.735417,0.725,0.35,0.603472,20.766667
4H61U.mp4,30.433333,1,1,0.0,0.0,0.0,1.0,0.289247,0.289247,0.289247,0.289247,0.32062,0.32062,0.747222,0.0,0.0,0.0,0.0,27.966667
4K0BP.mp4,30.764067,2,0,0.0,0.0,0.0,0.0,0.0,0.0,0.0,0.0,0.0,0.0,0.0,0.0,0.0,0.0,0.0,0
68OG0.mp4,29.7,1,14,1.0,1.0,1.0,1.0,0.87252,0.87252,0.232487,0.246516,0.246516,0.246516,1.0,1.0,1.0,0.5,0.833333,29.6
7835X.mp4,30.766667,3,15,0.666667,0.666667,0.333333,1.0,0.895165,0.895165,0.116765,0.187474,0.187474,0.187474,1.0,0.547619,0.547619,0.214286,0.436508,30.4
8H570.mp4,30.8,2,16,1.0,0.5,0.5,1.0,0.896516,0.667858,0.346739,0.700555,0.700555,0.700555,1.0,0.546542,0.121429,0.1,0.25599,30.4
8TSU4.mp4,12.633333,1,1,1.0,0.0,0.0,1.0,0.45961,0.45961,0.45961,0.45961,0.45961,0.45961,1.0,1.0,0.0,0.0,0.333333,11.966667
9BQ7M.mp4,32.955542,1,2,0.0,0.0,0.0,1.0,0.287182,0.287182,0.255107,0.200728,0.200728,0.200728,1.0,0.0,0.0,0.0,0.0,32.382109
AB2V6.mp4,30.263567,4,8,0.75,0.75,0.25,1.0,0.725208,0.652653,0.53273,0.594824,0.594824,0.594824,1.0,0.75625,0.591667,0.083333,0.477083,26.393033
ATV2F.mp4,30.6,4,12,1.0,1.0,0.75,1.0,0.867045,0.839363,0.451371,0.608251,0.608251,0.608251,1.0,1.0,1.0,0.958333,0.986111,29.76
B4TWR.mp4,30.9,2,14,1.0,1.0,1.0,1.0,0.822999,0.819959,0.220762,0.220482,0.220482,0.220482,1.0,0.715179,0.4375,0.4375,0.53006,30.366667
BDJ84.mp4,30.6,1,7,0.0,0.0,0.0,1.0,0.157556,0.157556,0.022508,0.085957,0.105245,0.105245,0.319267,0.0,0.0,0.0,0.0,21.566667
C10FA.mp4,36.803433,4,10,1.0,1.0,0.5,1.0,0.86053,0.828889,0.501304,0.643454,0.643454,0.643454,1.0,0.471815,0.352183,0.189881,0.33796,36.036
CLB72.mp4,36.202833,5,14,0.8,0.4,0.0,1.0,0.59657,0.58387,0.226119,0.325009,0.325009,0.325009,1.0,0.697778,0.633333,0.0,0.443704,36.002633
CQ435.mp4,25.318523,2,0,0.0,0.0,0.0,0.0,0.0,0.0,0.0,0.0,0.0,0.0,0.0,0.0,0.0,0.0,0.0,0
DGPAW.mp4,16.584545,2,4,1.0,0.5,0.0,1.0,0.684614,0.560915,0.627179,0.648552,0.678408,0.678408,0.936455,1.0,0.5,0.0,0.5,15.863478
FQ8FN.mp4,31.266667,4,15,1.0,1.0,0.0,1.0,0.62447,0.62142,0.419386,0.592698,0.592698,0.592698,1.0,0.669742,0.452232,0.0,0.373991,31.2
GAOV2.mp4,23.915395,2,6,1.0,0.5,0.0,1.0,0.658746,0.547755,0.52066,0.710854,0.710854,0.710854,1.0,1.0,0.5,0.0,0.5,23.07415
GLSU2.mp4,31.104564,2,3,0.5,0.5,0.0,1.0,0.617984,0.440829,0.437883,0.422617,0.422617,0.422617,1.0,0.416667,0.416667,0.0,0.277778,30.501892
GMPHO.mp4,39.99347,4,4,0.0,0.0,0.0,1.0,0.282145,0.239612,0.18916,0.330924,0.346321,0.346321,0.881569,0.0,0.0,0.0,0.0,39.177277
IMLN5.mp4,29.6296,1,0,0.0,0.0,0.0,0.0,0.0,0.0,0.0,0.0,0.0,0.0,0.0,0.0,0.0,0.0,0.0,0
J3RD3.mp4,30.933333,3,14,0.666667,0.666667,0.666667,1.0,0.766897,0.736496,0.192374,0.319339,0.319339,0.319339,1.0,0.95,0.694444,0.666667,0.77037,30.366667
JFBTV.mp4,30.259462,7,10,0.714286,0.571429,0.285714,0.857143,0.912211,0.763758,0.487094,0.617059,0.62965,0.62965,0.968612,0.560884,0.358503,0.227551,0.382313,29.691053
KNGRY.mp4,30.296933,3,9,0.666667,0.0,0.0,1.0,0.334331,0.293954,0.264466,0.284343,0.284343,0.284343,1.0,0.644444,0.0,0.0,0.214815,28.8288
M014B.mp4,30.288384,4,1,0.25,0.0,0.0,0.25,0.366001,0.177408,0.366001,0.628399,0.691158,0.691158,0.873746,0.5,0.0,0.0,0.166667,27.066216
MXATD.mp4,17.766667,2,3,1.0,1.0,0.5,1.0,0.81028,0.718605,0.598234,0.579362,0.579362,0.579362,1.0,0.791667,0.541667,0.166667,0.5,17.6
NL9AW.mp4,33.313245,2,3,1.0,0.5,0.5,1.0,0.704024,0.520711,0.456836,0.391633,0.391633,0.391633,1.0,0.75,0.5,0.5,0.583333,32.944958
OB9D0.mp4,32.375,2,10,1.0,1.0,0.5,1.0,0.777462,0.777462,0.15897,0.259154,0.267601,0.267601,0.891422,1.0,1.0,1.0,1.0,31.958333
OT35M.mp4,13.83991,8,0,0.0,0.0,0.0,0.0,0.0,0.0,0.0,0.0,0.0,0.0,0.0,0.0,0.0,0.0,0.0,0
PGPSJ.mp4,29.744021,2,13,1.0,1.0,0.0,1.0,0.614479,0.609835,0.244727,0.288201,0.288201,0.288201,1.0,0.9175,0.975,0.0,0.630833,28.842687
PXY5Q.mp4,32.266667,5,17,1.0,1.0,0.6,1.0,0.922914,0.754331,0.527111,0.675663,0.696777,0.696777,0.957076,0.735424,0.669048,0.294444,0.566305,32.0
Q5MDU.mp4,9.35012,4,0,0.0,0.0,0.0,0.0,0.0,0.0,0.0,0.0,0.0,0.0,0.0,0.0,0.0,0.0,0.0,0
QMHK8.mp4,58.839191,12,10,0.666667,0.166667,0.083333,0.833333,0.764165,0.439037,0.579393,0.950955,0.950955,0.950955,1.0,0.512968,0.095437,0.035053,0.214486,57.507987
R1KMF.mp4,28.2,4,13,1.0,1.0,0.25,1.0,0.873651,0.653687,0.389671,0.52846,0.52846,0.52846,1.0,0.90625,0.930556,0.083333,0.640046,28.0
RAGOI.mp4,10.980966,2,0,0.0,0.0,0.0,0.0,0.0,0.0,0.0,0.0,0.0,0.0,0.0,0.0,0.0,0.0,0.0,0
RRQEV.mp4,18.466667,1,0,0.0,0.0,0.0,0.0,0.0,0.0,0.0,0.0,0.0,0.0,0.0,0.0,0.0,0.0,0.0,0
RSFGZ.mp4,17.296648,2,0,0.0,0.0,0.0,0.0,0.0,0.0,0.0,0.0,0.0,0.0,0.0,0.0,0.0,0.0,0.0,0
S4P5J.mp4,41.508133,2,18,1.0,0.5,0.0,1.0,0.600962,0.511467,0.288403,0.58057,0.58057,0.58057,1.0,0.389754,0.125,0.0,0.171585,40.8408
SB8G0.mp4,31.266667,5,4,0.2,0.0,0.0,0.8,0.452436,0.333281,0.244537,0.339543,0.339543,0.339543,1.0,0.4,0.0,0.0,0.133333,31.2
TKJCI.mp4,30.267559,2,6,1.0,1.0,0.5,1.0,0.76429,0.76429,0.322394,0.432327,0.451265,0.451265,0.911515,0.291667,0.291667,0.166667,0.25,29.698997
UR55B.mp4,33.821939,1,12,1.0,1.0,1.0,1.0,0.860172,0.860172,0.395331,0.424821,0.433165,0.433165,0.95662,0.910714,0.622619,0.303571,0.612302,33.16112
UR5TU.mp4,32.611571,8,7,0.5,0.125,0.0,0.875,0.645304,0.558877,0.337011,0.447034,0.447034,0.447034,1.0,0.658333,0.291667,0.0,0.316667,31.742433
W3NN2.mp4,29.7,3,12,0.333333,0.0,0.0,0.666667,0.33297,0.33297,0.031535,0.092372,0.09685,0.09685,0.666424,1.0,0.0,0.0,0.333333,29.566667
YGL6R.mp4,32.494382,2,11,1.0,1.0,0.0,1.0,0.689653,0.609324,0.505922,0.546955,0.546955,0.546955,1.0,0.626357,0.545455,0.0,0.390604,32.359551
00607.mp4,32.84013,1,16,1.0,1.0,0.0,1.0,0.573684,0.573684,0.1068,0.182536,0.182536,0.182536,1.0,0.569444,0.625,0.0,0.398148,31.757488
0HV07.mp4,29.633268,1,1,1.0,0.0,0.0,1.0,0.305545,0.305545,0.305545,0.305545,0.316599,0.316599,0.897447,1.0,0.0,0.0,0.333333,27.504912
1LBUG.mp4,31.473244,1,1,0.0,0.0,0.0,1.0,0.18545,0.18545,0.18545,0.18545,0.18545,0.18545,1.0,0.0,0.0,0.0,0.0,30.731905
29V7T.mp4,32.966667,3,4,0.333333,0.333333,0.0,1.0,0.639766,0.433036,0.259978,0.295827,0.295827,0.295827,1.0,0.611111,0.166667,0.0,0.259259,32.8
3KDI5.mp4,34.6346,2,1,0.0,0.0,0.0,0.5,0.102388,0.102388,0.102388,0.102388,0.144027,0.144027,0.261533,0.0,0.0,0.0,0.0,25.592233
3QL7J.mp4,33.440665,7,8,0.857143,0.714286,0.285714,0.857143,0.97819,0.746836,0.619709,0.852309,0.852309,0.852309,1.0,0.685119,0.516667,0.202381,0.468056,32.971087
3VT73.mp4,33.033,3,1,0.0,0.0,0.0,0.333333,0.283277,0.198012,0.283277,0.414149,0.414149,0.414149,1.0,0.0,0.0,0.0,0.0,32.8328
448J4.mp4,31.066667,2,13,1.0,1.0,0.5,1.0,0.935415,0.757144,0.332451,0.464156,0.464156,0.464156,1.0,0.410281,0.265476,0.066667,0.247475,30.4
4GHHK.mp4,33.376853,1,8,1.0,0.0,0.0,1.0,0.445771,0.445771,0.091298,0.151761,0.151761,0.151761,1.0,1.0,0.0,0.0,0.333333,32.941648
4PEL7.mp4,23.983699,5,11,1.0,0.8,0.6,1.0,0.83383,0.7872,0.450645,0.49171,0.501319,0.501319,0.962483,0.895682,0.79,0.8,0.828561,23.248823
5TKIB.mp4,28.414906,1,12,1.0,0.0,0.0,1.0,0.478327,0.478327,0.182651,0.200352,0.200352,0.200352,1.0,0.229293,0.0,0.0,0.076431,27.451689
9LTZT.mp4,30.321958,1,24,1.0,1.0,1.0,1.0,0.856159,0.856159,0.273894,0.309846,0.309846,0.309846,1.0,0.836376,0.599405,0.337302,0.591027,30.03
A59CN.mp4,24.3,3,12,0.666667,0.333333,0.333333,1.0,0.72607,0.72607,0.116436,0.214917,0.224183,0.224183,0.838699,0.833333,0.333333,0.333333,0.5,23.966667
AFIRW.mp4,31.9319,7,9,0.571429,0.571429,0.142857,0.714286,0.920228,0.678856,0.372032,0.47841,0.616888,0.616888,0.680635,0.474802,0.403373,0.089286,0.322487,25.592233
BFH78.mp4,30.866667,3,5,0.0,0.0,0.0,0.666667,0.285494,0.245654,0.061984,0.192708,0.226994,0.226994,0.560606,0.0,0.0,0.0,0.0,27.166667
BLWIW.mp4,17.6,1,2,0.0,0.0,0.0,1.0,0.218391,0.218391,0.109195,0.2,0.22619,0.22619,0.633333,0.0,0.0,0.0,0.0,16.8
BW2OT.mp4,30.912988,2,3,1.0,1.0,1.0,1.0,0.922937,0.922937,0.662176,0.455521,0.455521,0.455521,1.0,0.708333,0.708333,0.708333,0.708333,30.511086
CLAWJ.mp4,32.466667,2,14,1.0,1.0,0.5,1.0,0.770868,0.770868,0.150182,0.25041,0.258505,0.258505,0.888852,0.202946,0.149937,0.107955,0.153613,31.966667
E0OJ8.mp4,33.9,1,1,1.0,0.0,0.0,1.0,0.351097,0.351097,0.351097,0.351097,0.351097,0.351097,1.0,1.0,0.0,0.0,0.333333,33.6
E9UYZ.mp4,31.858229,1,6,1.0,0.0,0.0,1.0,0.411162,0.411162,0.226261,0.210638,0.210638,0.210638,1.0,1.0,0.0,0.0,0.333333,31.322234
EFUTW.mp4,17.125346,2,5,1.0,1.0,0.0,1.0,0.627274,0.627274,0.364906,0.453823,0.453823,0.453823,1.0,1.0,1.0,0.0,0.666667,15.863478
G71O7.mp4,47.433876,1,15,0.0,0.0,0.0,1.0,0.279805,0.279805,0.031192,0.059383,0.061084,0.061084,0.680684,0.0,0.0,0.0,0.0,46.662866
GFPDD.mp4,30.466667,1,14,1.0,1.0,1.0,1.0,0.867853,0.867853,0.146453,0.332288,0.332288,0.332288,1.0,1.0,0.583333,0.333333,0.638889,30.4
GYVK9.mp4,28.862167,2,5,1.0,1.0,0.0,1.0,0.615232,0.615232,0.344894,0.170186,0.170186,0.170186,1.0,0.805556,0.416667,0.0,0.407407,28.8288
HJ4B1.mp4,28.966667,2,1,0.5,0.0,0.0,0.5,0.316298,0.307515,0.316298,0.615031,0.615031,0.615031,1.0,0.5,0.0,0.0,0.166667,28.8
ICQZX.mp4,30.503934,3,8,1.0,1.0,0.666667,1.0,0.829448,0.736716,0.535008,0.618886,0.618886,0.618886,1.0,0.748148,0.414815,0.177778,0.446914,23.271388
IDXM0.mp4,36.669967,1,4,1.0,0.0,0.0,1.0,0.306236,0.306236,0.11848,0.197069,0.197069,0.197069,1.0,0.25,0.0,0.0,0.083333,36.036
J4QHT.mp4,31.142997,3,1,0.0,0.0,0.0,0.333333,0.215328,0.176422,0.215328,0.463597,0.463597,0.463597,1.0,0.0,0.0,0.0,0.0,27.392793
JKWJ6.mp4,31.2,3,10,1.0,1.0,1.0,1.0,0.902677,0.860737,0.562695,0.788945,0.788945,0.788945,1.0,0.817989,0.62963,0.611111,0.686243,28.766667
JVOM3.mp4,38.190001,5,17,1.0,0.8,0.2,1.0,0.777783,0.621449,0.44627,0.664621,0.664621,0.664621,1.0,0.50273,0.377626,0.166667,0.349008,38.067988
LIQS5.mp4,32.033333,2,16,0.5,0.0,0.0,1.0,0.453676,0.361973,0.189001,0.44839,0.462402,0.462402,0.936696,0.438492,0.0,0.0,0.146164,32.0
LSH63.mp4,21.07105,1,5,1.0,1.0,1.0,1.0,0.722445,0.722445,0.565537,0.338203,0.338203,0.338203,1.0,0.679167,0.679167,0.25,0.536111,20.4204
M98YV.mp4,30.05,1,12,0.0,0.0,0.0,1.0,0.206505,0.206505,0.017209,0.055807,0.058008,0.058008,0.595278,0.0,0.0,0.0,0.0,29.823777
MCMTH.mp4,33.833333,1,13,1.0,1.0,1.0,1.0,0.857143,0.857143,0.139076,0.36,0.375,0.375,0.9,0.416667,0.416667,0.166667,0.333333,33.6
MIAE4.mp4,29.3293,2,9,1.0,0.5,0.0,1.0,0.669801,0.530451,0.44213,0.628558,0.628558,0.628558,1.0,0.6,0.44375,0.0,0.347917,28.795433
MTOFZ.mp4,29.276193,2,7,1.0,0.5,0.5,1.0,0.724098,0.724098,0.20087,0.315156,0.327594,0.327594,0.892477,1.0,1.0,1.0,1.0,28.860928
MXATD.mp4,17.766667,3,3,0.333333,0.333333,0.0,0.666667,0.55949,0.55949,0.265817,0.329548,0.329548,0.329548,1.0,0.333333,0.333333,0.0,0.222222,17.6
MZ3X9.mp4,31.473772,6,8,1.0,0.833333,0.166667,1.0,0.795171,0.591648,0.563152,0.856513,0.856513,0.856513,1.0,0.495542,0.361706,0.020833,0.292694,30.932556
N8913.mp4,31.968684,1,2,0.0,0.0,0.0,1.0,0.138192,0.138192,0.127525,0.1218,0.128348,0.128348,0.704769,0.0,0.0,0.0,0.0,31.316262
NB0IB.mp4,38.481942,2,8,0.0,0.0,0.0,1.0,0.267947,0.267947,0.050106,0.143993,0.143993,0.143993,1.0,0.0,0.0,0.0,0.0,38.196286
O87OF.mp4,31.956144,2,7,1.0,1.0,0.5,1.0,0.730507,0.730507,0.288762,0.344428,0.344428,0.344428,1.0,0.643651,0.708333,1.0,0.783995,30.485359
RJZ3I.mp4,25.733333,2,12,1.0,0.5,0.0,1.0,0.665865,0.665865,0.104288,0.192361,0.202881,0.202881,0.787678,1.0,1.0,0.0,0.666667,25.6
RKJ0C.mp4,30.94984,2,2,0.5,0.0,0.0,1.0,0.494447,0.364348,0.430659,0.491872,0.491872,0.491872,1.0,0.5,0.0,0.0,0.166667,29.272755
TESF6.mp4,30.433333,7,11,0.857143,0.571429,0.285714,1.0,0.884115,0.760975,0.567075,0.738899,0.753482,0.753482,0.974474,0.534656,0.365079,0.211905,0.370547,30.4
USNON.mp4,30.766667,4,16,1.0,1.0,0.5,1.0,0.723742,0.699874,0.245559,0.42095,0.42095,0.42095,1.0,0.480862,0.403977,0.321338,0.402059,30.4
UUF84.mp4,31.933333,4,16,1.0,1.0,0.5,1.0,0.918252,0.786923,0.355058,0.524053,0.554287,0.554287,0.905728,0.759534,0.648727,0.458333,0.622198,31.2
UUPJS.mp4,30.683333,4,14,1.0,0.75,0.75,1.0,0.837649,0.817072,0.213393,0.30432,0.30432,0.30432,1.0,1.0,0.916667,0.8125,0.909722,29.907821
V6RRM.mp4,15.068166,1,3,1.0,1.0,0.0,1.0,0.596983,0.596983,0.389505,0.34711,0.387004,0.387004,0.771021,1.0,1.0,0.0,0.666667,14.350634
W292V.mp4,21.281603,4,6,1.0,1.0,0.75,1.0,0.933389,0.890292,0.765058,0.945166,0.945166,0.945166,1.0,0.816667,0.816667,0.791667,0.808333,20.945401
W5YUE.mp4,33.01193,3,2,0.333333,0.0,0.0,0.666667,0.488291,0.364416,0.458891,0.691923,0.691923,0.691923,1.0,0.666667,0.0,0.0,0.222222,31.377676
WD12X.mp4,31.433333,1,14,1.0,1.0,0.0,1.0,0.512236,0.512236,0.081721,0.157064,0.157064,0.157064,1.0,0.133333,0.1,0.0,0.077778,31.2
X37P1.mp4,30.866667,1,11,1.0,1.0,1.0,1.0,0.921148,0.921148,0.265369,0.217395,0.217395,0.217395,1.0,0.95,1.0,1.0,0.983333,30.366667
XOOPP.mp4,17.308958,1,10,1.0,1.0,1.0,1.0,0.899637,0.899637,0.50102,0.49973,0.49973,0.49973,1.0,0.857143,0.622222,0.555556,0.678307,17.017
XSVLL.mp4,31.898533,7,7,0.428571,0.285714,0.142857,1.0,0.752518,0.667507,0.324378,0.43113,0.467535,0.467535,0.847019,0.857143,0.857143,0.714286,0.809524,30.4304
Y2EID.mp4,21.96,3,6,1.0,0.333333,0.333333,1.0,0.758753,0.56563,0.521381,0.601196,0.601196,0.601196,1.0,0.944444,0.222222,0.222222,0.462963,21.12
YAFX0.mp4,37.433333,6,18,1.0,0.5,0.333333,1.0,0.823829,0.569865,0.469511,0.687521,0.687521,0.687521,1.0,0.424887,0.161424,0.114049,0.233453,36.8
YB67Z.mp4,24.143556,1,0,0.0,0.0,0.0,0.0,0.0,0.0,0.0,0.0,0.0,0.0,0.0,0.0,0.0,0.0,0.0,0
Z6B6S.mp4,30.0,1,11,1.0,1.0,1.0,1.0,0.795056,0.795056,0.280771,0.286369,0.286369,0.286369,1.0,0.770833,0.833333,0.833333,0.8125,29.0
ZZ4GP.mp4,31.564867,4,7,0.25,0.25,0.25,0.5,0.74446,0.74446,0.111074,0.380979,0.380979,0.380979,1.0,1.0,1.0,1.0,1.0,31.2312
1KC11.mp4,36.066667,2,3,0.0,0.0,0.0,1.0,0.198905,0.176408,0.182571,0.172201,0.172201,0.172201,1.0,0.0,0.0,0.0,0.0,36.0
21F9H.mp4,30.309113,3,11,0.666667,0.0,0.0,1.0,0.459765,0.328236,0.22168,0.396855,0.425632,0.425632,0.854432,0.666667,0.0,0.0,0.222222,28.904055
31YNM.mp4,30.4,3,8,1.0,1.0,0.333333,1.0,0.860415,0.738138,0.590328,0.820102,0.820102,0.820102,1.0,0.686296,0.591667,0.138889,0.472284,29.76
3P055.mp4,43.054945,1,13,1.0,1.0,1.0,1.0,0.830598,0.830598,0.448205,0.472861,0.472861,0.472861,1.0,0.946781,0.825397,1.0,0.924059,42.725275
422BV.mp4,20.370148,4,8,1.0,1.0,0.75,1.0,0.818894,0.718176,0.642477,0.792476,0.792476,0.792476,1.0,0.864583,0.559524,0.285714,0.56994,20.189881
7229M.mp4,34.633333,2,13,1.0,1.0,0.0,1.0,0.686228,0.637953,0.359354,0.438845,0.459257,0.459257,0.908038,0.902778,0.916667,0.0,0.606481,34.4
8NEYJ.mp4,30.9,4,13,1.0,0.75,0.0,1.0,0.582804,0.556675,0.272066,0.505111,0.532279,0.532279,0.908224,0.68869,0.676587,0.0,0.455093,30.366667
8YFD1.mp4,31.39298,4,8,1.0,1.0,0.25,1.0,0.908006,0.760977,0.510624,0.601319,0.601319,0.601319,1.0,0.846875,0.833333,0.375,0.685069,31.259393
ABPGE.mp4,30.427522,2,12,1.0,1.0,0.5,1.0,0.846782,0.730323,0.384565,0.485329,0.485329,0.485329,1.0,0.410119,0.324306,0.097222,0.277216,29.659319
ACSP8.mp4,31.097733,1,11,1.0,0.0,0.0,1.0,0.434476,0.434476,0.046061,0.184403,0.210786,0.210786,0.595673,1.0,0.0,0.0,0.333333,27.994633
ARKBT.mp4,28.2282,2,12,1.0,0.5,0.5,1.0,0.752518,0.577471,0.154616,0.299653,0.310415,0.310415,0.896304,0.488095,0.5,0.5,0.496032,27.994633
AYZS4.mp4,49.6496,7,15,0.571429,0.571429,0.285714,0.714286,0.745554,0.651427,0.290838,0.538332,0.538332,0.538332,1.0,0.685686,0.631746,0.409524,0.575652,48.8488
BYP85.mp4,33.933333,3,8,0.333333,0.333333,0.0,1.0,0.625,0.463867,0.287977,0.238095,0.238095,0.238095,1.0,0.229167,0.041667,0.0,0.090278,33.6
CTIYN.mp4,29.7,1,3,1.0,1.0,0.0,1.0,0.586081,0.586081,0.55942,0.41913,0.41913,0.41913,1.0,1.0,1.0,0.0,0.666667,29.6
DUSJO.mp4,27.193833,4,13,1.0,1.0,0.75,1.0,0.894884,0.881701,0.441406,0.480698,0.480698,0.480698,1.0,0.231326,0.172591,0.104749,0.169556,26.4264
DWH0T.mp4,34.898891,2,2,0.5,0.0,0.0,1.0,0.307147,0.307147,0.286403,0.270614,0.2844,0.2844,0.848086,1.0,0.0,0.0,0.333333,31.311155
GV0L7.mp4,30.366667,4,14,1.0,1.0,0.25,1.0,0.84915,0.711206,0.241926,0.422351,0.422351,0.422351,1.0,0.79815,0.632616,0.5,0.643589,29.6
HUWAZ.mp4,72.106148,2,11,1.0,0.0,0.0,1.0,0.30372,0.30372,0.055222,0.115161,0.115161,0.115161,1.0,0.791667,0.0,0.0,0.263889,72.04611
ITDHX.mp4,32.5,1,1,0.0,0.0,0.0,1.0,0.287879,0.287879,0.287879,0.287879,0.296875,0.296875,0.904762,0.0,0.0,0.0,0.0,32.0
JBFPI.mp4,30.497133,3,14,1.0,1.0,0.666667,1.0,0.868864,0.865168,0.320419,0.45723,0.45723,0.45723,1.0,0.394078,0.355149,0.258852,0.336026,30.397033
JMCBE.mp4,20.807692,2,7,1.0,0.5,0.5,1.0,0.786047,0.786047,0.218472,0.320683,0.320683,0.320683,1.0,0.725,0.225,0.225,0.391667,20.269231
K7Z6T.mp4,26.6,2,10,1.0,1.0,1.0,1.0,0.731538,0.731538,0.25922,0.329664,0.329664,0.329664,1.0,0.554762,0.488095,0.5,0.514286,26.4
KB916.mp4,30.0,1,1,1.0,1.0,1.0,1.0,0.701169,0.701169,0.701169,0.701169,0.701169,0.701169,1.0,1.0,1.0,1.0,1.0,19.966667
KTXSD.mp4,9.427699,1,0,0.0,0.0,0.0,0.0,0.0,0.0,0.0,0.0,0.0,0.0,0.0,0.0,0.0,0.0,0.0,0
MA6GY.mp4,33.375,4,9,0.75,0.75,0.0,1.0,0.65272,0.595353,0.474682,0.581934,0.581934,0.581934,1.0,0.589509,0.454117,0.0,0.347875,31.958333
MJYTA.mp4,26.901875,1,16,1.0,1.0,0.0,1.0,0.63169,0.63169,0.267945,0.241946,0.241946,0.241946,1.0,0.388865,0.267262,0.0,0.218709,26.026
O3Y57.mp4,29.866667,4,5,0.25,0.0,0.0,1.0,0.320126,0.27953,0.272298,0.512828,0.552002,0.552002,0.878437,0.25,0.0,0.0,0.083333,28.8
OIL1V.mp4,15.533333,1,0,0.0,0.0,0.0,0.0,0.0,0.0,0.0,0.0,0.0,0.0,0.0,0.0,0.0,0.0,0.0,0
OWRDE.mp4,43.85278,6,23,1.0,1.0,1.0,1.0,0.950846,0.877395,0.47612,0.650424,0.650424,0.650424,1.0,0.660657,0.372401,0.240388,0.424482,43.370881
PCNUP.mp4,23.6,6,11,1.0,0.833333,0.5,1.0,0.809747,0.747278,0.510058,0.742792,0.830244,0.830244,0.875804,0.41598,0.372769,0.126936,0.305228,22.366667
PZ0ND.mp4,11.566667,1,1,0.0,0.0,0.0,1.0,0.158854,0.158854,0.158854,0.158854,0.184935,0.184935,0.529726,0.0,0.0,0.0,0.0,11.166667
QQMY8.mp4,13.384615,5,0,0.0,0.0,0.0,0.0,0.0,0.0,0.0,0.0,0.0,0.0,0.0,0.0,0.0,0.0,0.0,0
RBQ9Y.mp4,58.387739,8,28,1.0,0.875,0.125,1.0,0.852173,0.644909,0.319938,0.544938,0.557761,0.557761,0.959517,0.632973,0.643157,0.010156,0.428762,57.643515
RIZ7Y.mp4,31.266667,3,13,1.0,0.666667,0.0,1.0,0.615745,0.615745,0.170326,0.189004,0.189004,0.189004,1.0,0.296296,0.234656,0.0,0.176984,31.166667
RKJ0C.mp4,30.94984,2,2,0.5,0.0,0.0,0.5,0.494447,0.302155,0.430659,0.491872,0.491872,0.491872,1.0,0.5,0.0,0.0,0.166667,29.272755
S06H3.mp4,21.966667,2,10,1.0,1.0,1.0,1.0,0.844601,0.844601,0.29298,0.292335,0.292335,0.292335,1.0,0.55625,0.214583,0.214583,0.328472,21.566667
SANRG.mp4,31.954307,1,2,1.0,0.0,0.0,1.0,0.304861,0.304861,0.286506,0.266754,0.266754,0.266754,1.0,1.0,0.0,0.0,0.333333,29.638777
ST7MR.mp4,48.4484,4,22,1.0,0.75,0.5,1.0,0.901489,0.74718,0.249577,0.36366,0.371123,0.371123,0.9476,0.182083,0.090573,0.066973,0.11321,48.014633
T42IZ.mp4,29.402922,3,14,1.0,1.0,0.666667,1.0,0.887739,0.770659,0.653522,0.793654,0.793654,0.793654,1.0,0.762313,0.505563,0.160165,0.476014,28.861764
T5SI3.mp4,13.6,3,0,0.0,0.0,0.0,0.0,0.0,0.0,0.0,0.0,0.0,0.0,0.0,0.0,0.0,0.0,0.0,0
TBRZ5.mp4,31.558782,1,12,1.0,1.0,0.0,1.0,0.67482,0.67482,0.071551,0.262457,0.275322,0.275322,0.848865,1.0,1.0,0.0,0.666667,31.457955
USPJK.mp4,31.541101,1,2,0.0,0.0,0.0,1.0,0.225934,0.225934,0.212331,0.197692,0.197692,0.197692,1.0,0.0,0.0,0.0,0.0,31.377676
V7YEJ.mp4,30.966667,4,0,0.0,0.0,0.0,0.0,0.0,0.0,0.0,0.0,0.0,0.0,0.0,0.0,0.0,0.0,0.0,0
VBN1O.mp4,33.5,2,0,0.0,0.0,0.0,0.0,0.0,0.0,0.0,0.0,0.0,0.0,0.0,0.0,0.0,0.0,0.0,0
VQOI3.mp4,17.909548,1,6,1.0,0.0,0.0,1.0,0.312532,0.312532,0.087912,0.207269,0.207269,0.207269,1.0,0.166667,0.0,0.0,0.055556,17.366834
VU996.mp4,30.260473,10,10,0.7,0.5,0.3,0.8,0.855223,0.712349,0.6219,0.882385,0.922293,0.922293,0.953254,0.423082,0.207341,0.087341,0.239255,29.658607
W5ZY8.mp4,33.5335,1,8,1.0,1.0,0.0,1.0,0.538509,0.538509,0.170384,0.207015,0.207015,0.207015,1.0,1.0,0.5,0.0,0.5,32.8328
WDF45.mp4,13.033333,2,1,0.5,0.0,0.0,0.5,0.383996,0.376193,0.383996,0.383996,0.383996,0.383996,1.0,1.0,0.0,0.0,0.333333,12.766667
X06Z6.mp4,23.3,1,1,0.0,0.0,0.0,1.0,0.111176,0.111176,0.111176,0.111176,0.151892,0.151892,0.293162,0.0,0.0,0.0,0.0,17.566667
XEJ35.mp4,29.5,2,5,1.0,0.0,0.0,1.0,0.45993,0.45993,0.268075,0.189655,0.189655,0.189655,1.0,1.0,0.0,0.0,0.333333,29.0
XHN6Y.mp4,26.0,2,4,0.5,0.5,0.5,1.0,0.715218,0.715218,0.191657,0.379028,0.379028,0.379028,1.0,0.291667,0.291667,0.291667,0.291667,25.6
Y44TV.mp4,23.566667,1,10,1.0,1.0,1.0,1.0,0.76649,0.76649,0.32818,0.491312,0.491312,0.491312,1.0,1.0,1.0,0.5,0.833333,23.2
YG9UR.mp4,31.933333,1,9,1.0,1.0,0.0,1.0,0.671934,0.671934,0.244152,0.199232,0.199232,0.199232,1.0,0.541667,0.333333,0.0,0.291667,29.566667
YK49T.mp4,31.898533,1,13,1.0,1.0,1.0,1.0,0.937103,0.937103,0.298542,0.446973,0.446973,0.446973,1.0,0.496825,0.468254,0.5,0.48836,30.4304
YLEEO.mp4,14.120899,1,3,1.0,1.0,0.0,1.0,0.557502,0.557502,0.403965,0.492976,0.492976,0.492976,1.0,0.583333,0.5,0.0,0.361111,12.979209
ZC017.mp4,30.854173,4,1,0.25,0.0,0.0,0.25,0.480235,0.35359,0.480235,0.780632,0.780632,0.780632,1.0,0.75,0.0,0.0,0.25,27.281585
07QNG.mp4,55.096708,3,10,0.666667,0.0,0.0,1.0,0.486283,0.407968,0.28312,0.319425,0.319425,0.319425,1.0,0.49873,0.0,0.0,0.166243,55.055
1VF27.mp4,20.550415,1,7,1.0,1.0,0.0,1.0,0.60674,0.60674,0.396365,0.346708,0.346708,0.346708,1.0,0.87619,1.0,0.0,0.625397,20.189881
28BVI.mp4,43.201826,9,5,0.555556,0.111111,0.0,0.555556,0.554525,0.409691,0.48447,0.805658,0.823651,0.823651,0.973601,0.666667,0.088889,0.0,0.251852,43.0388
3YQE2.mp4,30.0,3,10,0.666667,0.333333,0.333333,0.666667,0.806865,0.529372,0.235901,0.361391,0.386315,0.386315,0.848521,0.866667,0.25,0.25,0.455556,29.0
580G0.mp4,20.584239,6,0,0.0,0.0,0.0,0.0,0.0,0.0,0.0,0.0,0.0,0.0,0.0,0.0,0.0,0.0,0.0,0
6XB10.mp4,35.830508,3,19,1.0,1.0,0.666667,1.0,0.719397,0.704556,0.267104,0.489218,0.499304,0.499304,0.960348,0.715479,0.703092,0.666667,0.695079,35.762712
8LVCL.mp4,34.724486,1,2,1.0,0.0,0.0,1.0,0.327675,0.327675,0.264322,0.325969,0.325969,0.325969,1.0,1.0,0.0,0.0,0.333333,31.300946
8N4O9.mp4,22.466667,4,8,1.0,0.75,0.5,1.0,0.804132,0.719675,0.582974,0.706531,0.706531,0.706531,1.0,0.739583,0.722222,0.114583,0.525463,22.366667
9KDP0.mp4,31.123186,3,15,1.0,1.0,0.666667,1.0,0.946726,0.764731,0.478216,0.836425,0.849064,0.849064,0.982515,0.686772,0.57963,0.394444,0.553616,30.538551
AHBE8.mp4,28.499749,7,11,0.857143,0.714286,0.428571,0.857143,0.86897,0.760658,0.444,0.543725,0.561841,0.561841,0.944016,0.530523,0.46106,0.314858,0.43548,28.064894
ARWNX.mp4,30.593654,1,7,1.0,1.0,0.0,1.0,0.696943,0.696943,0.309954,0.206414,0.206414,0.206414,1.0,0.805556,0.75,0.0,0.518519,30.524905
ATCOR.mp4,30.292898,2,9,1.0,1.0,0.5,1.0,0.908895,0.908895,0.334547,0.205239,0.205239,0.205239,1.0,0.975,0.877778,0.416667,0.756481,29.691053
CIUVA.mp4,54.142857,2,7,0.0,0.0,0.0,0.5,0.178756,0.089378,0.053222,0.08961,0.095833,0.095833,0.579832,0.0,0.0,0.0,0.0,51.428571
DD3Q1.mp4,25.1,1,5,1.0,0.0,0.0,1.0,0.359397,0.359397,0.085668,0.173419,0.173419,0.173419,1.0,0.333333,0.0,0.0,0.111111,24.8
DR7K0.mp4,31.411765,3,13,1.0,1.0,0.666667,1.0,0.768144,0.734932,0.465142,0.723762,0.745694,0.745694,0.96095,0.731538,0.718519,0.666667,0.705574,31.058824
DUZDL.mp4,39.706333,4,33,1.0,1.0,0.5,1.0,0.803189,0.709042,0.214395,0.294527,0.294527,0.294527,1.0,0.579868,0.528652,0.169792,0.426104,39.039
EHIOY.mp4,34.733333,3,14,1.0,0.666667,0.0,1.0,0.504584,0.504584,0.204442,0.350087,0.36637,0.36637,0.887349,0.893175,0.53373,0.0,0.475635,34.4
F66WG.mp4,35.731844,9,19,1.0,0.888889,0.222222,1.0,0.8657,0.659812,0.507813,0.827674,0.827674,0.827674,1.0,0.739974,0.580952,0.277778,0.532901,35.396648
GOPZI.mp4,31.966667,2,15,0.5,0.5,0.0,1.0,0.500762,0.415015,0.053414,0.124432,0.131611,0.131611,0.695238,0.10101,0.045455,0.0,0.048822,31.2
H411A.mp4,32.033333,3,14,1.0,1.0,1.0,1.0,0.844911,0.783927,0.296532,0.256348,0.256348,0.256348,1.0,0.848611,0.555556,0.555556,0.653241,32.0
HAPCT.mp4,32.6326,4,2,0.5,0.0,0.0,0.5,0.491315,0.471303,0.469977,0.41499,0.41499,0.41499,1.0,1.0,0.0,0.0,0.333333,32.032
I52A6.mp4,37.324999,3,15,0.666667,0.333333,0.0,0.666667,0.658821,0.452673,0.099784,0.244746,0.244746,0.244746,1.0,0.708333,0.166667,0.0,0.291667,36.836634
IAHN3.mp4,31.322034,2,13,1.0,1.0,1.0,1.0,0.798083,0.775402,0.361978,0.48573,0.48573,0.48573,1.0,0.341204,0.229167,0.215278,0.261883,30.881356
J662Y.mp4,31.866667,3,14,0.666667,0.333333,0.333333,1.0,0.868937,0.854011,0.102904,0.310998,0.310998,0.310998,1.0,1.0,1.0,1.0,1.0,31.2
JP5NM.mp4,23.756801,2,1,0.5,0.0,0.0,0.5,0.410409,0.387697,0.410409,0.624876,0.624876,0.624876,1.0,1.0,0.0,0.0,0.333333,21.929354
LLRKS.mp4,31.866667,1,0,0.0,0.0,0.0,0.0,0.0,0.0,0.0,0.0,0.0,0.0,0.0,0.0,0.0,0.0,0.0,0
LQC89.mp4,19.067797,1,0,0.0,0.0,0.0,0.0,0.0,0.0,0.0,0.0,0.0,0.0,0.0,0.0,0.0,0.0,0.0,0
LR9KL.mp4,30.459999,1,8,1.0,1.0,1.0,1.0,0.892135,0.892135,0.319379,0.2643,0.2643,0.2643,1.0,0.566667,0.366667,0.333333,0.422222,29.854834
NKLTK.mp4,30.259462,4,6,1.0,1.0,0.0,1.0,0.642278,0.629384,0.521145,0.633345,0.633345,0.633345,1.0,0.902083,0.902778,0.0,0.60162,29.691053
OK45U.mp4,33.6,2,3,0.5,0.0,0.0,1.0,0.418091,0.320435,0.395018,0.43457,0.43457,0.43457,1.0,0.5,0.0,0.0,0.166667,32.0
OU3XH.mp4,34.398435,4,0,0.0,0.0,0.0,0.0,0.0,0.0,0.0,0.0,0.0,0.0,0.0,0.0,0.0,0.0,0.0,0
PAA7V.mp4,31.452736,2,6,1.0,0.5,0.0,1.0,0.684674,0.553642,0.312102,0.271369,0.271369,0.271369,1.0,0.345833,0.1,0.0,0.148611,30.977209
PAS7F.mp4,30.5305,1,22,1.0,1.0,1.0,1.0,0.746637,0.746637,0.23872,0.222954,0.222954,0.222954,1.0,0.599145,0.380556,0.25,0.4099,30.03
PDH7G.mp4,29.966667,1,15,1.0,1.0,1.0,1.0,0.767082,0.767082,0.178867,0.174435,0.174435,0.174435,1.0,0.391667,0.266667,0.266667,0.308333,29.828412
PIJRH.mp4,30.583333,3,8,1.0,1.0,0.0,1.0,0.647965,0.637643,0.378601,0.461345,0.461345,0.461345,1.0,0.972222,0.944444,0.0,0.638889,27.958333
PJDUN.mp4,31.0,1,15,1.0,1.0,1.0,1.0,0.798209,0.798209,0.208349,0.22074,0.22074,0.22074,1.0,0.833333,1.0,1.0,0.944444,30.366667
PLJIZ.mp4,30.779306,1,1,1.0,0.0,0.0,1.0,0.370814,0.370814,0.370814,0.370814,0.370814,0.370814,1.0,1.0,0.0,0.0,0.333333,27.504912
RV5CK.mp4,33.2,3,20,0.666667,0.0,0.0,1.0,0.473772,0.473772,0.075947,0.156066,0.163773,0.163773,0.768326,1.0,0.0,0.0,0.333333,32.4
S2S7I.mp4,33.700333,2,0,0.0,0.0,0.0,0.0,0.0,0.0,0.0,0.0,0.0,0.0,0.0,0.0,0.0,0.0,0.0,0
TIWRY.mp4,26.5,2,12,1.0,1.0,1.0,1.0,0.909524,0.816633,0.200982,0.302353,0.309616,0.309616,0.928005,0.958333,0.75,0.5,0.736111,26.366667
U5RYN.mp4,20.102385,3,7,0.333333,0.333333,0.0,0.666667,0.503183,0.402612,0.100693,0.200643,0.200643,0.200643,1.0,1.0,0.333333,0.0,0.444444,19.935905
UOZES.mp4,36.466667,5,0,0.0,0.0,0.0,0.0,0.0,0.0,0.0,0.0,0.0,0.0,0.0,0.0,0.0,0.0,0.0,0
UQJ5W.mp4,27.031041,9,0,0.0,0.0,0.0,0.0,0.0,0.0,0.0,0.0,0.0,0.0,0.0,0.0,0.0,0.0,0.0,0
V26U3.mp4,30.0,3,4,0.0,0.0,0.0,1.0,0.246269,0.246269,0.187311,0.190972,0.190972,0.190972,1.0,0.0,0.0,0.0,0.0,28.8
WISO0.mp4,35.618917,1,28,1.0,1.0,1.0,1.0,0.841191,0.841191,0.13909,0.191271,0.191271,0.191271,1.0,0.338333,0.360417,0.347222,0.348657,35.035
WK9HE.mp4,34.080236,1,4,0.0,0.0,0.0,1.0,0.138072,0.138072,0.065105,0.099962,0.108648,0.108648,0.555621,0.0,0.0,0.0,0.0,32.201798
WM6RQ.mp4,22.230542,3,13,1.0,1.0,0.0,1.0,0.61334,0.605754,0.451041,0.576838,0.576838,0.576838,1.0,0.564803,0.5558,0.0,0.373534,22.022
Y8L60.mp4,8.433333,1,0,0.0,0.0,0.0,0.0,0.0,0.0,0.0,0.0,0.0,0.0,0.0,0.0,0.0,0.0,0.0,0
YE47Y.mp4,36.033333,4,10,0.75,0.75,0.25,1.0,0.90809,0.79302,0.251066,0.411024,0.411024,0.411024,1.0,0.794444,0.794444,0.225,0.60463,36.0
YQOCU.mp4,30.933333,3,16,1.0,1.0,1.0,1.0,0.792025,0.739575,0.372533,0.472095,0.496942,0.496942,0.904232,0.751323,0.638889,0.472222,0.620811,30.4
ZJ37U.mp4,35.869784,4,4,0.25,0.0,0.0,0.25,0.399957,0.210605,0.145408,0.345366,0.345366,0.345366,1.0,0.125,0.0,0.0,0.041667,35.333914
1BGZ0.mp4,21.598613,9,0,0.0,0.0,0.0,0.0,0.0,0.0,0.0,0.0,0.0,0.0,0.0,0.0,0.0,0.0,0.0,0
2PZBY.mp4,30.214816,1,13,1.0,1.0,0.0,1.0,0.599421,0.599421,0.23022,0.403918,0.403918,0.403918,1.0,0.659524,0.517857,0.0,0.39246,29.712909
2XXH8.mp4,30.466667,1,12,1.0,1.0,0.0,1.0,0.617235,0.617235,0.294675,0.467208,0.467208,0.467208,1.0,0.575108,0.297258,0.0,0.290789,30.4
35ZZP.mp4,36.433333,1,20,1.0,1.0,1.0,1.0,0.895165,0.895165,0.144905,0.158312,0.158312,0.158312,1.0,0.942857,0.916667,0.5,0.786508,36.0
3J85M.mp4,34.6,5,16,1.0,0.8,0.4,1.0,0.832269,0.725882,0.421546,0.512056,0.512056,0.512056,1.0,0.892738,0.84496,0.306667,0.681455,34.366667
4KYZH.mp4,36.6366,4,5,0.5,0.25,0.0,1.0,0.658904,0.47861,0.346498,0.266335,0.266335,0.266335,1.0,1.0,0.25,0.0,0.416667,36.036
52KNA.mp4,34.573427,1,28,1.0,1.0,0.0,1.0,0.612211,0.612211,0.156883,0.143299,0.143299,0.143299,1.0,0.484127,0.316667,0.0,0.266931,34.237762
77JGY.mp4,31.2,7,14,1.0,0.857143,0.285714,1.0,0.767442,0.634063,0.585719,0.948958,0.948958,1.0,0.948958,0.727373,0.524924,0.15873,0.470342,30.366667
7RA0M.mp4,30.466667,1,11,1.0,1.0,1.0,1.0,0.744997,0.744997,0.130014,0.352076,0.352076,0.352076,1.0,0.1625,0.125,0.125,0.1375,30.4
83FK5.mp4,41.6,1,22,1.0,0.0,0.0,1.0,0.37139,0.37139,0.155662,0.473349,0.473349,0.473349,1.0,0.295815,0.0,0.0,0.098605,40.766667
8LLI3.mp4,19.972028,5,7,0.8,0.4,0.0,1.0,0.635608,0.563189,0.494815,0.810124,0.817069,0.817069,0.989618,0.768889,0.356667,0.0,0.375185,19.132867
8N4O9.mp4,22.466667,6,8,0.666667,0.5,0.166667,1.0,0.706193,0.574571,0.39031,0.53318,0.548278,0.548278,0.950891,0.54504,0.454167,0.0625,0.353902,22.366667
8Q7ZI.mp4,18.988102,1,6,1.0,0.0,0.0,1.0,0.301908,0.301908,0.089563,0.208046,0.208046,0.208046,1.0,1.0,0.0,0.0,0.333333,18.747747
98W87.mp4,26.482759,1,3,0.0,0.0,0.0,1.0,0.26157,0.26157,0.242915,0.209256,0.209256,0.209256,1.0,0.0,0.0,0.0,0.0,24.827586
9TPP3.mp4,30.463767,1,16,1.0,1.0,1.0,1.0,0.758836,0.758836,0.160294,0.276291,0.276291,0.276291,1.0,0.515179,0.553571,0.642857,0.570536,30.397033
AK9PN.mp4,30.9309,5,13,0.8,0.6,0.4,1.0,0.875431,0.60575,0.478499,0.768632,0.83106,0.83106,0.910972,0.877051,0.371311,0.122222,0.456861,29.596233
CG83G.mp4,27.066667,2,11,1.0,1.0,0.0,1.0,0.585938,0.585938,0.133869,0.230824,0.230824,0.230824,1.0,0.190873,0.190873,0.0,0.127249,26.4
CUQYX.mp4,30.597233,6,8,0.333333,0.333333,0.333333,0.666667,0.792282,0.452449,0.417955,0.527664,0.620922,0.620922,0.77843,0.333333,0.305556,0.305556,0.314815,27.193833
DFSHF.mp4,30.463767,2,16,1.0,1.0,1.0,1.0,0.873392,0.845112,0.331937,0.391691,0.391691,0.391691,1.0,0.519383,0.409325,0.389881,0.43953,30.397033
EOUCM.mp4,30.513829,5,10,0.8,0.6,0.6,1.0,0.902599,0.860607,0.468138,0.532759,0.532759,0.532759,1.0,0.607917,0.705529,0.679683,0.664376,29.841718
FLDHS.mp4,29.143132,2,11,1.0,0.0,0.0,1.0,0.468155,0.468155,0.244582,0.25651,0.25651,0.25651,1.0,0.922817,0.0,0.0,0.307606,28.842687
G3UF4.mp4,16.344189,1,3,1.0,0.0,0.0,1.0,0.400581,0.400581,0.374881,0.327748,0.327748,0.327748,1.0,1.0,0.0,0.0,0.333333,15.863478
G6K7T.mp4,40.081708,1,30,1.0,1.0,0.0,1.0,0.602605,0.602605,0.233202,0.454624,0.454624,0.454624,1.0,0.881689,0.238729,0.0,0.373473,40.04
G6ZOB.mp4,31.418982,3,12,1.0,1.0,0.333333,1.0,0.708943,0.698949,0.563546,0.491808,0.491808,0.491808,1.0,0.834049,0.508781,0.066667,0.469832,31.325751
GKBSR.mp4,33.566667,1,17,1.0,0.0,0.0,1.0,0.423961,0.423961,0.033055,0.082377,0.082377,0.082377,1.0,0.333333,0.0,0.0,0.111111,32.766667
IULK6.mp4,31.147431,3,6,1.0,1.0,0.333333,1.0,0.90078,0.717457,0.603455,0.51602,0.51602,0.51602,1.0,0.836667,0.755556,0.333333,0.641852,28.099672
J0AMJ.mp4,30.811868,3,1,0.333333,0.0,0.0,0.333333,0.379667,0.301794,0.379667,0.591607,0.591607,0.591607,1.0,0.666667,0.0,0.0,0.222222,27.388327
J1MMG.mp4,35.166667,2,4,1.0,0.5,0.5,1.0,0.705783,0.515391,0.42252,0.344444,0.360465,0.360465,0.885714,0.75,0.25,0.25,0.416667,34.4
J2XFQ.mp4,28.661967,8,13,0.625,0.625,0.25,0.875,0.863011,0.763694,0.284153,0.373128,0.411631,0.411631,0.79956,0.961458,0.788889,0.197917,0.649421,27.193833
KF08J.mp4,29.516667,2,3,0.5,0.0,0.0,1.0,0.328722,0.328722,0.229742,0.241417,0.241417,0.241417,1.0,1.0,0.0,0.0,0.333333,29.4
LBJ0W.mp4,30.333333,2,15,1.0,0.5,0.5,1.0,0.738711,0.595099,0.277998,0.476941,0.476941,0.476941,1.0,0.599788,0.054945,0.038462,0.231065,29.566667
LCLLN.mp4,34.112635,3,11,1.0,0.666667,0.333333,1.0,0.798145,0.706782,0.307951,0.351913,0.351913,0.351913,1.0,0.8,0.761111,0.066667,0.542593,33.810754
MZZ8Q.mp4,30.323046,4,15,1.0,0.75,0.0,1.0,0.618871,0.571017,0.375113,0.551932,0.551932,0.551932,1.0,0.393184,0.226959,0.0,0.206714,30.263
NF45F.mp4,34.486226,5,17,0.8,0.8,0.2,1.0,0.765233,0.716555,0.345038,0.639201,0.639201,0.639201,1.0,0.638259,0.609829,0.266667,0.504918,33.782425
OKHVL.mp4,36.191718,4,2,0.0,0.0,0.0,0.5,0.212261,0.199214,0.211709,0.397574,0.397574,0.397574,1.0,0.0,0.0,0.0,0.0,35.213564
OWUW8.mp4,11.6116,3,1,0.333333,0.0,0.0,0.333333,0.401384,0.383557,0.401384,0.445983,0.445983,0.445983,1.0,1.0,0.0,0.0,0.333333,11.2112
Q5YDL.mp4,50.8508,3,0,0.0,0.0,0.0,0.0,0.0,0.0,0.0,0.0,0.0,0.0,0.0,0.0,0.0,0.0,0.0,0
QLGHA.mp4,31.333333,1,17,1.0,1.0,1.0,1.0,0.921454,0.921454,0.17866,0.214719,0.214719,0.214719,1.0,1.0,0.638889,0.333333,0.657407,31.2
RNLTR.mp4,23.554844,1,7,1.0,1.0,0.0,1.0,0.540144,0.540144,0.430586,0.268665,0.268665,0.268665,1.0,1.0,0.5,0.0,0.5,23.074133
RT1JY.mp4,16.464367,3,2,0.333333,0.0,0.0,0.666667,0.416231,0.364666,0.379039,0.61782,0.61782,0.61782,1.0,0.666667,0.0,0.0,0.222222,15.863478
SE2K2.mp4,32.966667,2,4,0.5,0.0,0.0,1.0,0.370102,0.269004,0.17314,0.311716,0.32312,0.32312,0.898291,0.5,0.0,0.0,0.166667,32.8
SOZ1G.mp4,11.733333,2,0,0.0,0.0,0.0,0.0,0.0,0.0,0.0,0.0,0.0,0.0,0.0,0.0,0.0,0.0,0.0,0
SRTX6.mp4,29.7297,1,1,1.0,0.0,0.0,1.0,0.432159,0.432159,0.432159,0.432159,0.432159,0.432159,1.0,1.0,0.0,0.0,0.333333,29.6296
SS3IL.mp4,21.478852,3,0,0.0,0.0,0.0,0.0,0.0,0.0,0.0,0.0,0.0,0.0,0.0,0.0,0.0,0.0,0.0,0
TBEV0.mp4,30.296933,2,10,1.0,1.0,1.0,1.0,0.816969,0.782061,0.480593,0.739816,0.774033,0.774033,0.943616,0.749405,0.765873,0.791667,0.768981,29.6296
TCJWE.mp4,30.7,1,15,1.0,0.0,0.0,1.0,0.481035,0.481035,0.216314,0.490618,0.490618,0.490618,1.0,1.0,0.0,0.0,0.333333,30.366667
TK1VC.mp4,20.24,6,8,0.833333,0.666667,0.5,0.833333,0.823406,0.654688,0.620972,0.893408,0.930633,0.930633,0.957146,0.713889,0.5,0.277778,0.497222,20.16
U0P7W.mp4,32.038065,3,1,0.0,0.0,0.0,0.333333,0.252959,0.218068,0.252959,0.358145,0.358145,0.358145,1.0,0.0,0.0,0.0,0.0,30.452022
VFAE3.mp4,39.766667,4,21,0.75,0.75,0.25,1.0,0.89301,0.754905,0.139111,0.272358,0.285106,0.285106,0.858974,0.723039,0.389706,0.25,0.454248,39.166667
W86WR.mp4,29.4,2,2,0.0,0.0,0.0,0.5,0.180947,0.180947,0.090474,0.162815,0.162815,0.162815,1.0,0.0,0.0,0.0,0.0,15.966667
XOWBN.mp4,30.9,1,13,1.0,1.0,1.0,1.0,0.922392,0.922392,0.220984,0.23345,0.23345,0.23345,1.0,0.804167,0.805556,0.333333,0.647685,29.566667
YO3KO.mp4,30.616666,2,13,1.0,1.0,1.0,1.0,0.789223,0.789223,0.169145,0.252182,0.259016,0.259016,0.905293,0.875,1.0,1.0,0.958333,30.090884
Z9RED.mp4,30.69889,1,0,0.0,0.0,0.0,0.0,0.0,0.0,0.0,0.0,0.0,0.0,0.0,0.0,0.0,0.0,0.0,0
00T1E.mp4,19.10828,4,2,0.5,0.0,0.0,0.5,0.431334,0.398424,0.421664,0.602729,0.602729,0.602729,1.0,0.75,0.0,0.0,0.25,18.747747
02SKC.mp4,32.2,2,12,1.0,1.0,1.0,1.0,0.893333,0.858326,0.380248,0.507986,0.524407,0.524407,0.941937,0.933333,0.791667,0.875,0.866667,31.966667
0O6RK.mp4,30.22493,8,13,1.0,0.875,0.5,1.0,0.93141,0.804277,0.659021,0.939444,0.957988,0.97981,0.957988,0.688828,0.643213,0.323864,0.551968,29.722854
2AIP4.mp4,44.778559,4,4,0.5,0.0,0.0,1.0,0.335131,0.240429,0.310911,0.70329,0.74984,0.74984,0.918888,0.375,0.0,0.0,0.125,43.144305
358JF.mp4,31.966667,2,11,1.0,1.0,1.0,1.0,0.841396,0.814722,0.224199,0.317117,0.337423,0.337423,0.840497,0.362302,0.351984,0.25,0.321429,27.166667
3MX8V.mp4,31.440761,3,0,0.0,0.0,0.0,0.0,0.0,0.0,0.0,0.0,0.0,0.0,0.0,0.0,0.0,0.0,0.0,0
3XL0K.mp4,29.1,2,0,0.0,0.0,0.0,0.0,0.0,0.0,0.0,0.0,0.0,0.0,0.0,0.0,0.0,0.0,0.0,0
4BEZX.mp4,43.352941,10,23,0.3,0.2,0.2,0.8,0.756545,0.389444,0.266633,0.3468,0.360286,0.360286,0.902577,0.269847,0.085638,0.046591,0.134025,42.352941
65UVU.mp4,31.0,3,10,1.0,1.0,0.333333,1.0,0.946265,0.676717,0.392396,0.496505,0.496505,0.496505,1.0,0.634127,0.482804,0.212963,0.443298,30.4
7177T.mp4,30.237001,3,5,0.333333,0.333333,0.0,1.0,0.644459,0.40121,0.34651,0.352731,0.352731,0.352731,1.0,0.212963,0.111111,0.0,0.108025,29.76769
9OCQT.mp4,12.35552,2,1,0.5,0.5,0.0,0.5,0.537643,0.430097,0.537643,0.672054,0.672054,0.672054,1.0,1.0,0.5,0.0,0.5,11.159825
AF8I2.mp4,34.0,1,17,1.0,1.0,1.0,1.0,0.847922,0.847922,0.163922,0.160668,0.160668,0.160668,1.0,0.236375,0.198616,0.111111,0.182034,33.6
AT9UV.mp4,35.166667,2,0,0.0,0.0,0.0,0.0,0.0,0.0,0.0,0.0,0.0,0.0,0.0,0.0,0.0,0.0,0.0,0
CXNYW.mp4,28.866667,3,8,1.0,1.0,1.0,1.0,0.952847,0.889878,0.646987,0.829807,0.829807,0.829807,1.0,0.788492,0.767593,0.588889,0.714991,28.8
D9PWE.mp4,29.294853,1,15,1.0,1.0,0.0,1.0,0.696209,0.696209,0.072469,0.173247,0.173247,0.173247,1.0,0.25,0.25,0.0,0.166667,28.860607
GH19N.mp4,27.761086,5,13,0.6,0.4,0.2,1.0,0.940127,0.458987,0.454009,0.627822,0.664469,0.664469,0.919245,0.477243,0.4,0.2,0.359081,27.400553
HDHGT.mp4,30.233103,4,11,1.0,1.0,0.75,1.0,0.732736,0.717367,0.43812,0.530137,0.530137,0.530137,1.0,0.378788,0.274621,0.170139,0.274516,28.861911
HVFXT.mp4,32.866167,1,13,1.0,1.0,1.0,1.0,0.925343,0.925343,0.146105,0.18322,0.18322,0.18322,1.0,0.442857,0.45,0.2,0.364286,32.8328
JQRMQ.mp4,27.293933,5,12,1.0,1.0,0.6,1.0,0.725292,0.673117,0.476283,0.587504,0.587504,0.587504,1.0,0.374486,0.219177,0.105238,0.232967,27.2272
JZ45I.mp4,34.070424,3,10,0.666667,0.333333,0.0,1.0,0.556757,0.460845,0.390977,0.399251,0.421289,0.421289,0.884154,0.353628,0.078704,0.0,0.144111,33.16909
K64GM.mp4,30.559999,1,15,1.0,1.0,1.0,1.0,0.747026,0.747026,0.169967,0.160859,0.160859,0.160859,1.0,0.642857,0.642857,0.142857,0.47619,29.820373
L3ZRP.mp4,30.625,2,7,1.0,1.0,0.5,1.0,0.737096,0.737096,0.374643,0.359896,0.359896,0.359896,1.0,0.461607,0.317857,0.35,0.376488,30.0
L8RW8.mp4,30.266667,2,16,0.5,0.5,0.0,1.0,0.549738,0.549738,0.051224,0.118243,0.118243,0.118243,1.0,0.25,0.25,0.0,0.166667,29.6
LKH9A.mp4,33.099733,4,8,0.75,0.5,0.25,1.0,0.752386,0.475869,0.392224,0.561176,0.561176,0.561176,1.0,0.375,0.166667,0.125,0.222222,32.799433
LSKA2.mp4,29.5,1,14,1.0,1.0,0.0,1.0,0.656146,0.656146,0.242759,0.337304,0.337304,0.337304,1.0,0.406623,0.286905,0.0,0.231176,28.766667
LSMNX.mp4,33.633333,1,17,1.0,1.0,1.0,1.0,0.74902,0.74902,0.201274,0.253227,0.253227,0.253227,1.0,0.231706,0.143981,0.0625,0.146063,33.566667
ME4YL.mp4,23.828541,6,7,0.666667,0.333333,0.0,0.833333,0.668915,0.44157,0.525043,0.716169,0.79407,0.79407,0.87952,0.607639,0.324074,0.0,0.310571,22.364217
NYHD7.mp4,30.363667,1,14,1.0,1.0,1.0,1.0,0.752683,0.752683,0.157729,0.162077,0.162077,0.162077,1.0,0.666667,0.666667,0.25,0.527778,29.596233
O1LMX.mp4,30.041667,5,12,1.0,1.0,0.4,1.0,0.916885,0.772532,0.428383,0.563216,0.563216,0.563216,1.0,0.886667,0.677222,0.25,0.60463,30.0
O5V8D.mp4,18.018,2,8,1.0,0.5,0.0,1.0,0.59172,0.59172,0.179072,0.34662,0.34662,0.34662,1.0,0.777778,0.333333,0.0,0.37037,17.017
OPSF8.mp4,30.516987,4,2,0.25,0.25,0.0,0.5,0.575534,0.543829,0.482609,0.557221,0.557221,0.557221,1.0,0.625,0.5,0.0,0.375,29.975758
P8G8V.mp4,30.266667,3,5,1.0,0.666667,0.0,1.0,0.675662,0.675662,0.352581,0.256678,0.256678,0.256678,1.0,0.638889,0.444444,0.0,0.361111,29.6
QFL2O.mp4,30.866667,2,10,1.0,0.5,0.0,1.0,0.671962,0.626389,0.132386,0.251986,0.280309,0.280309,0.713785,0.916667,1.0,0.0,0.638889,28.766667
QIT2W.mp4,43.287704,5,5,0.8,0.0,0.0,1.0,0.472168,0.391311,0.363877,0.700842,0.713364,0.713364,0.975566,0.613333,0.0,0.0,0.204444,43.227666
RG0KS.mp4,25.838241,1,9,1.0,1.0,0.0,1.0,0.516451,0.516451,0.236774,0.273415,0.273415,0.273415,1.0,1.0,1.0,0.0,0.666667,24.516284
SJJLG.mp4,16.733333,7,3,0.428571,0.142857,0.0,0.428571,0.647433,0.465317,0.46653,0.586515,0.644903,0.644903,0.866277,1.0,0.142857,0.0,0.380952,14.366667
SM41Q.mp4,19.048191,2,3,1.0,0.5,0.0,1.0,0.586302,0.478661,0.554978,0.693417,0.693417,0.693417,1.0,1.0,0.5,0.0,0.5,18.747747
TCOXG.mp4,30.2302,4,16,1.0,1.0,0.5,1.0,0.801062,0.728932,0.340954,0.468898,0.490585,0.490585,0.913845,0.547971,0.491225,0.12178,0.386992,29.6296
UKSCV.mp4,34.2,8,13,1.0,0.625,0.0,1.0,0.670267,0.607272,0.425682,0.742731,0.742731,0.742731,1.0,0.734699,0.551042,0.0,0.42858,31.64
UL5X4.mp4,31.333333,2,12,1.0,1.0,1.0,1.0,0.878661,0.850059,0.365274,0.618555,0.634415,0.634415,0.961153,0.75,0.75,0.75,0.75,31.2
VJG6E.mp4,17.333333,4,0,0.0,0.0,0.0,0.0,0.0,0.0,0.0,0.0,0.0,0.0,0.0,0.0,0.0,0.0,0.0,0
VNUPE.mp4,30.572208,1,21,1.0,1.0,1.0,1.0,0.895907,0.895907,0.275321,0.276286,0.276286,0.276286,1.0,0.785795,0.456061,0.340909,0.527588,30.03
VS7VS.mp4,29.733333,1,12,1.0,1.0,0.0,1.0,0.604957,0.604957,0.328733,0.26747,0.26747,0.26747,1.0,1.0,0.792857,0.0,0.597619,28.8
VXZBA.mp4,31.441341,2,15,1.0,1.0,0.5,1.0,0.722134,0.711164,0.224564,0.353972,0.353972,0.353972,1.0,0.32528,0.244805,0.208333,0.259473,31.340782
VZE8E.mp4,25.61714,7,8,0.714286,0.571429,0.0,0.857143,0.598136,0.446338,0.544027,0.935323,0.945722,0.988381,0.945722,0.48042,0.273186,0.0,0.251202,25.550602
Z4Y04.mp4,30.766667,1,5,1.0,1.0,1.0,1.0,0.739055,0.739055,0.451559,0.497564,0.497564,0.497564,1.0,0.533333,0.325,0.25,0.369444,30.366667
ZI1GC.mp4,34.130835,3,18,1.0,1.0,0.333333,1.0,0.773612,0.67529,0.315144,0.46278,0.46278,0.46278,1.0,0.306734,0.262654,0.088889,0.219426,33.695834
0TKKR.mp4,44.160942,6,4,0.666667,0.166667,0.0,0.666667,0.534531,0.403281,0.413377,0.694963,0.724262,0.724262,0.944992,0.666667,0.333333,0.0,0.333333,43.179588
0WYBK.mp4,15.565755,3,0,0.0,0.0,0.0,0.0,0.0,0.0,0.0,0.0,0.0,0.0,0.0,0.0,0.0,0.0,0.0,0
15PMU.mp4,30.910918,5,7,0.6,0.4,0.4,1.0,0.905791,0.756564,0.411498,0.543154,0.656124,0.656124,0.759303,0.479365,0.397143,0.397143,0.42455,26.490288
17P5V.mp4,30.636402,2,15,1.0,1.0,0.5,1.0,0.886599,0.785808,0.331981,0.409418,0.409418,0.409418,1.0,0.916667,1.0,0.5,0.805556,30.044562
1BBIY.mp4,26.666667,3,7,1.0,0.333333,0.0,1.0,0.59329,0.484628,0.419968,0.691986,0.691986,0.691986,1.0,0.75873,0.083333,0.0,0.280688,25.6
1GGRY.mp4,21.081117,2,3,1.0,0.5,0.0,1.0,0.563018,0.502529,0.487272,0.703908,0.703908,0.703908,1.0,0.916667,0.166667,0.0,0.361111,15.201123
1GII3.mp4,28.7,3,3,0.0,0.0,0.0,0.333333,0.26237,0.26237,0.087457,0.224888,0.224888,0.224888,1.0,0.0,0.0,0.0,0.0,28.0
1W6ZK.mp4,32.933333,5,16,0.8,0.8,0.6,1.0,0.804943,0.758391,0.502734,0.68931,0.68931,0.68931,1.0,0.753505,0.75631,0.466667,0.658827,32.8
2UQKZ.mp4,35.47501,2,14,1.0,1.0,0.0,1.0,0.675261,0.64775,0.352825,0.582196,0.582196,0.582196,1.0,0.565361,0.28484,0.0,0.2834,32.125151
4A28I.mp4,29.533333,3,0,0.0,0.0,0.0,0.0,0.0,0.0,0.0,0.0,0.0,0.0,0.0,0.0,0.0,0.0,0.0,0
62AC0.mp4,9.009,1,0,0.0,0.0,0.0,0.0,0.0,0.0,0.0,0.0,0.0,0.0,0.0,0.0,0.0,0.0,0.0,0
6H78U.mp4,34.498386,1,18,1.0,1.0,1.0,1.0,0.958759,0.958759,0.197658,0.373747,0.373747,0.373747,1.0,1.0,1.0,1.0,1.0,33.988557
93REJ.mp4,30.8,1,11,1.0,1.0,1.0,1.0,0.844695,0.844695,0.277937,0.233796,0.233796,0.233796,1.0,1.0,1.0,1.0,1.0,30.366667
9AC1T.mp4,17.28,2,2,0.5,0.0,0.0,1.0,0.304232,0.304232,0.212747,0.30308,0.30308,0.30308,1.0,0.75,0.0,0.0,0.25,15.84
9M48H.mp4,31.311155,3,0,0.0,0.0,0.0,0.0,0.0,0.0,0.0,0.0,0.0,0.0,0.0,0.0,0.0,0.0,0.0,0
BDZNW.mp4,32.971438,2,6,0.5,0.0,0.0,1.0,0.399423,0.399423,0.088393,0.098028,0.104037,0.104037,0.62923,1.0,0.0,0.0,0.333333,32.036078
BEJVY.mp4,15.066667,2,0,0.0,0.0,0.0,0.0,0.0,0.0,0.0,0.0,0.0,0.0,0.0,0.0,0.0,0.0,0.0,0
CPM4M.mp4,29.361659,6,13,0.5,0.166667,0.166667,0.666667,0.752466,0.483131,0.138814,0.251141,0.261359,0.261359,0.865305,0.770833,0.333333,0.333333,0.479167,28.827204
EJZZZ.mp4,30.133333,1,8,1.0,1.0,1.0,1.0,0.959431,0.959431,0.306275,0.280498,0.280498,0.280498,1.0,0.916667,0.916667,1.0,0.944444,29.6
EXYY8.mp4,19.368421,2,7,1.0,0.5,0.0,1.0,0.609293,0.51038,0.355395,0.583268,0.621591,0.621591,0.904401,0.696429,0.5,0.0,0.39881,18.766917
FMZOY.mp4,42.3,1,5,0.0,0.0,0.0,1.0,0.265686,0.265686,0.088731,0.120862,0.12427,0.12427,0.815043,0.0,0.0,0.0,0.0,39.966667
FQOGZ.mp4,32.574208,4,23,1.0,1.0,0.25,1.0,0.877722,0.729204,0.468309,0.592913,0.592913,0.592913,1.0,0.350766,0.263407,0.083333,0.232502,32.032
GGN5G.mp4,30.266667,1,7,1.0,1.0,1.0,1.0,0.707407,0.707407,0.328036,0.312862,0.312862,0.312862,1.0,1.0,1.0,1.0,1.0,28.766667
HQ8ZM.mp4,21.271467,1,6,1.0,0.0,0.0,1.0,0.390482,0.390482,0.16906,0.202241,0.209762,0.209762,0.849412,0.266667,0.0,0.0,0.088889,20.247062
I7GZI.mp4,32.179212,3,2,0.0,0.0,0.0,0.666667,0.198592,0.198592,0.166111,0.183682,0.183682,0.183682,1.0,0.0,0.0,0.0,0.0,32.112242
IBWAW.mp4,30.666667,4,12,1.0,1.0,0.75,1.0,0.869752,0.797593,0.504243,0.559146,0.559146,0.559146,1.0,0.742063,0.611111,0.263889,0.539021,30.4
IEQWT.mp4,27.0,2,7,1.0,1.0,0.0,1.0,0.537582,0.537582,0.299288,0.253465,0.253465,0.253465,1.0,0.472024,0.22619,0.0,0.232738,26.823529
JDZV7.mp4,31.066667,5,16,1.0,1.0,0.4,1.0,0.791058,0.698413,0.325793,0.551804,0.57773,0.57773,0.924791,0.911111,0.916667,0.266667,0.698148,30.56397
JHB0M.mp4,20.310059,6,3,0.333333,0.0,0.0,0.5,0.499206,0.427916,0.457403,0.663621,0.663621,0.663621,1.0,0.583333,0.0,0.0,0.194444,20.189881
JOMFO.mp4,22.833333,2,7,1.0,0.5,0.0,1.0,0.555713,0.555713,0.225921,0.227738,0.227738,0.227738,1.0,0.42619,0.25,0.0,0.225397,22.366667
KJRR9.mp4,24.917243,5,8,0.8,0.2,0.0,1.0,0.525709,0.433065,0.261581,0.358474,0.358474,0.358474,1.0,0.973333,0.2,0.0,0.391111,24.556124
LRDW5.mp4,27.566667,6,7,0.666667,0.666667,0.333333,1.0,0.75873,0.618568,0.580331,0.848188,0.882892,0.95571,0.882892,0.769921,0.737037,0.333333,0.61343,24.766667
N0ODO.mp4,30.733333,3,11,1.0,1.0,0.666667,1.0,0.876673,0.821405,0.418496,0.391139,0.391139,0.391139,1.0,0.572962,0.480952,0.466667,0.50686,30.4
NATEB.mp4,29.863167,3,20,1.0,1.0,1.0,1.0,0.828687,0.795343,0.332606,0.292811,0.292811,0.292811,1.0,0.379066,0.271504,0.215873,0.288815,29.029
NAZ52.mp4,34.223479,6,15,1.0,0.833333,0.666667,1.0,0.832623,0.797433,0.550569,0.805317,0.805317,0.805317,1.0,0.428056,0.309281,0.335648,0.357662,34.031644
NQMMJ.mp4,33.733333,2,15,1.0,1.0,0.0,1.0,0.690559,0.690559,0.135807,0.194897,0.202474,0.202474,0.838921,0.370604,0.435714,0.0,0.268773,33.6
NTXXB.mp4,35.568867,5,3,0.4,0.4,0.0,0.6,0.576992,0.523984,0.506614,0.858101,0.861352,0.99562,0.861352,0.466667,0.3,0.0,0.255556,23.189833
RG0JH.mp4,17.365701,3,6,1.0,0.666667,0.333333,1.0,0.705896,0.705896,0.33505,0.468147,0.468147,0.468147,1.0,0.433333,0.372222,0.288889,0.364815,17.305612
SLAH4.mp4,15.553073,2,0,0.0,0.0,0.0,0.0,0.0,0.0,0.0,0.0,0.0,0.0,0.0,0.0,0.0,0.0,0.0,0
T8VDU.mp4,33.233333,2,3,1.0,1.0,0.0,1.0,0.626243,0.568233,0.531405,0.54314,0.54314,0.54314,1.0,1.0,0.75,0.0,0.583333,32.766667
UD0P0.mp4,32.770538,2,13,1.0,1.0,0.5,1.0,0.820187,0.752282,0.333375,0.418403,0.418403,0.418403,1.0,0.232639,0.149306,0.086806,0.15625,31.784703
VF49P.mp4,31.866667,1,16,1.0,1.0,1.0,1.0,0.872053,0.872053,0.188506,0.233999,0.233999,0.233999,1.0,0.926667,0.588889,0.333333,0.616296,31.2
VXEXI.mp4,30.933333,2,13,1.0,1.0,0.5,1.0,0.905625,0.706278,0.323065,0.48125,0.506579,0.506579,0.905882,0.351849,0.196079,0.069712,0.20588,30.4
W1CG2.mp4,30.572208,3,13,0.666667,0.333333,0.0,1.0,0.621631,0.467025,0.36019,0.469322,0.469322,0.469322,1.0,0.463216,0.198306,0.0,0.220507,30.03
WX8N8.mp4,31.416667,1,4,1.0,1.0,1.0,1.0,0.760872,0.760872,0.489745,0.620548,0.659251,0.659251,0.91357,1.0,0.833333,0.333333,0.722222,19.958333
X817Z.mp4,32.366667,3,14,1.0,1.0,0.666667,1.0,0.878238,0.756435,0.289479,0.452457,0.452457,0.452457,1.0,0.803704,0.787037,0.37037,0.653704,31.166667
XHYA2.mp4,30.966667,6,13,1.0,0.833333,0.333333,1.0,0.849149,0.757862,0.414648,0.553027,0.582134,0.582134,0.917085,0.928274,0.676587,0.388889,0.664583,30.4
XJE7I.mp4,28.741641,8,13,0.875,0.875,0.5,1.0,0.959413,0.822955,0.529234,0.620392,0.664417,0.664417,0.903501,0.688062,0.521438,0.374107,0.527869,28.012158
YNF6O.mp4,16.433799,1,2,1.0,0.0,0.0,1.0,0.419442,0.419442,0.347596,0.37575,0.37575,0.37575,1.0,1.0,0.0,0.0,0.333333,15.968064
ZJRCS.mp4,31.133333,2,10,1.0,1.0,1.0,1.0,0.909515,0.819569,0.451031,0.560082,0.560082,0.560082,1.0,0.709365,0.615873,0.308333,0.544524,30.366667
0A8CF.mp4,32.2,2,9,0.5,0.0,0.0,1.0,0.478984,0.452942,0.085682,0.165467,0.179816,0.179816,0.674646,1.0,0.0,0.0,0.333333,30.366667
0DD62.mp4,17.227073,1,3,1.0,1.0,1.0,1.0,0.836408,0.836408,0.515044,0.491159,0.491159,0.491159,1.0,1.0,1.0,1.0,1.0,16.081236
0LDN3.mp4,16.764812,4,4,1.0,0.25,0.0,1.0,0.541833,0.47711,0.47711,0.945568,0.945568,0.945568,1.0,1.0,0.25,0.0,0.416667,15.863478
0PVKV.mp4,32.5,4,6,1.0,0.0,0.0,1.0,0.487809,0.424219,0.386905,0.387451,0.387451,0.387451,1.0,0.902083,0.0,0.0,0.300694,32.0
14HG1.mp4,30.363667,1,20,1.0,1.0,0.0,1.0,0.511371,0.511371,0.197326,0.186792,0.186792,0.186792,1.0,0.374171,0.285505,0.0,0.219892,30.03
1TZK5.mp4,30.733333,1,16,1.0,1.0,1.0,1.0,0.895165,0.895165,0.179134,0.187474,0.187474,0.187474,1.0,0.37381,0.365079,0.142857,0.293915,30.4
2U3X0.mp4,29.113882,5,13,0.6,0.4,0.2,1.0,0.952996,0.654827,0.234337,0.365788,0.379975,0.379975,0.907382,0.539663,0.429293,0.222222,0.397059,28.879901
3IAPG.mp4,26.482135,1,1,0.0,0.0,0.0,1.0,0.038911,0.038911,0.038911,0.038911,0.041118,0.041118,0.420241,0.0,0.0,0.0,0.0,25.550602
3LIGG.mp4,26.820574,1,5,1.0,0.0,0.0,1.0,0.403556,0.403556,0.340204,0.275232,0.275232,0.275232,1.0,1.0,0.0,0.0,0.333333,25.802071
3OZUX.mp4,31.033333,1,10,1.0,1.0,1.0,1.0,0.759127,0.759127,0.13488,0.338777,0.338777,0.338777,1.0,0.277778,0.277778,0.111111,0.222222,30.4
48XER.mp4,31.733333,3,15,1.0,1.0,0.666667,1.0,0.760873,0.689768,0.327937,0.542447,0.542447,0.542447,1.0,0.554002,0.378914,0.122222,0.351713,31.166667
610PZ.mp4,31.965267,1,9,1.0,0.0,0.0,1.0,0.482686,0.482686,0.143534,0.252987,0.252987,0.252987,1.0,0.75,0.0,0.0,0.25,30.4304
6B2FN.mp4,23.975484,2,10,1.0,0.5,0.0,1.0,0.540143,0.531422,0.164515,0.312004,0.312004,0.312004,1.0,0.388889,0.155556,0.0,0.181481,23.07415
6OQYV.mp4,15.5,5,6,1.0,0.8,0.4,1.0,0.900415,0.696347,0.624302,0.8875,0.934211,0.934211,0.946667,0.747,0.760556,0.131667,0.546407,15.2
6TC5G.mp4,17.475792,6,11,0.5,0.333333,0.166667,0.666667,0.711591,0.51746,0.214055,0.284365,0.300791,0.300791,0.838894,0.618194,0.266534,0.018519,0.301082,17.017
73ZXZ.mp4,17.017,4,6,0.75,0.5,0.25,1.0,0.831139,0.779447,0.434516,0.362825,0.362825,0.362825,1.0,0.942708,0.958333,0.75,0.883681,16.8168
7KW31.mp4,11.459489,1,2,1.0,0.0,0.0,1.0,0.325355,0.325355,0.162678,0.301147,0.301147,0.301147,1.0,0.5,0.0,0.0,0.166667,11.291461
83S5W.mp4,26.359667,1,10,1.0,1.0,1.0,1.0,0.858624,0.858624,0.217866,0.257463,0.257463,0.257463,1.0,1.0,0.833333,1.0,0.944444,25.6256
A1BS2.mp4,47.603834,3,11,0.0,0.0,0.0,1.0,0.299583,0.293053,0.184732,0.143322,0.143322,0.143322,1.0,0.0,0.0,0.0,0.0,46.00639
AYSTI.mp4,30.259462,1,5,1.0,1.0,0.0,1.0,0.540632,0.540632,0.302126,0.307971,0.35035,0.35035,0.717996,0.325,0.2,0.0,0.175,27.250234
BD9UN.mp4,30.333333,1,13,1.0,1.0,1.0,1.0,0.850598,0.850598,0.16953,0.410912,0.411288,0.411288,0.997778,0.233333,0.225,0.2,0.219444,29.566667
BRBWJ.mp4,22.112727,1,9,1.0,0.0,0.0,1.0,0.391919,0.391919,0.139549,0.207935,0.207935,0.207935,1.0,0.208333,0.0,0.0,0.069444,21.632015
BRQBD.mp4,32.799433,2,0,0.0,0.0,0.0,0.0,0.0,0.0,0.0,0.0,0.0,0.0,0.0,0.0,0.0,0.0,0.0,0
C6INR.mp4,35.2352,1,6,1.0,0.0,0.0,1.0,0.394615,0.394615,0.116482,0.151103,0.151103,0.151103,1.0,0.166667,0.0,0.0,0.055556,34.4344
C6V75.mp4,31.614917,1,18,1.0,0.0,0.0,1.0,0.424828,0.424828,0.053094,0.138616,0.146015,0.146015,0.732283,0.1,0.0,0.0,0.033333,31.031
CEZ4D.mp4,34.003194,2,12,1.0,0.5,0.0,1.0,0.584575,0.473539,0.311278,0.42964,0.448377,0.448377,0.911357,0.873413,0.373413,0.0,0.415608,33.537397
COFJV.mp4,22.188833,3,16,1.0,1.0,0.666667,1.0,0.905582,0.771898,0.458211,0.590319,0.590319,0.590319,1.0,0.552355,0.410102,0.127808,0.363422,22.022
EDSUD.mp4,25.025,1,14,1.0,0.0,0.0,1.0,0.445664,0.445664,0.099299,0.172536,0.175954,0.175954,0.898791,0.75,0.0,0.0,0.25,24.024
EJFUA.mp4,31.709709,3,0,0.0,0.0,0.0,0.0,0.0,0.0,0.0,0.0,0.0,0.0,0.0,0.0,0.0,0.0,0.0,0
EK5K1.mp4,42.973856,3,4,0.666667,0.666667,0.0,0.666667,0.615871,0.394833,0.490094,0.39974,0.441469,0.441469,0.808759,0.638889,0.527778,0.0,0.388889,39.215686
F75LG.mp4,32.133333,1,12,1.0,1.0,1.0,1.0,0.887761,0.887761,0.262473,0.287598,0.287598,0.287598,1.0,0.512063,0.420635,0.267857,0.400185,32.0
FAO7J.mp4,45.2,6,7,0.333333,0.333333,0.333333,1.0,0.900751,0.632867,0.338043,0.284129,0.284129,0.284129,1.0,0.199008,0.179167,0.144444,0.174206,43.966667
FC2SK.mp4,26.84,3,7,1.0,1.0,0.666667,1.0,0.825309,0.715346,0.516316,0.625631,0.675836,0.675836,0.893865,0.6,0.6,0.333333,0.511111,25.92
FQGW4.mp4,25.166445,7,0,0.0,0.0,0.0,0.0,0.0,0.0,0.0,0.0,0.0,0.0,0.0,0.0,0.0,0.0,0.0,0
G2QBV.mp4,30.238253,6,11,0.666667,0.666667,0.333333,0.833333,0.840186,0.703973,0.392559,0.536982,0.536982,0.536982,1.0,0.790675,0.770833,0.333333,0.631614,29.810719
HH1R7.mp4,29.676184,1,4,1.0,1.0,1.0,1.0,0.741926,0.741926,0.547466,0.404575,0.404575,0.404575,1.0,0.916667,0.916667,0.5,0.777778,28.926996
IBWAW.mp4,30.666667,1,12,1.0,1.0,1.0,1.0,0.869752,0.869752,0.19289,0.263094,0.263094,0.263094,1.0,0.577778,0.7,0.7,0.659259,30.4
JKGTN.mp4,33.299933,3,10,0.333333,0.0,0.0,0.666667,0.476609,0.476609,0.05342,0.115879,0.115879,0.115879,1.0,0.111111,0.0,0.0,0.037037,32.799433
KK7D4.mp4,30.466667,3,14,1.0,0.666667,0.666667,1.0,0.837209,0.788369,0.162723,0.26984,0.26984,0.26984,1.0,0.232211,0.105667,0.105667,0.147849,30.4
LCA0Q.mp4,32.670787,1,3,1.0,0.0,0.0,1.0,0.371246,0.371246,0.27259,0.143487,0.143487,0.143487,1.0,0.333333,0.0,0.0,0.111111,32.069484
LD6TD.mp4,35.416449,2,7,0.5,0.0,0.0,1.0,0.374617,0.284933,0.060772,0.292756,0.292756,0.292756,1.0,0.5,0.0,0.0,0.166667,35.172197
LPKPO.mp4,34.208333,3,8,0.666667,0.333333,0.333333,1.0,0.901648,0.901648,0.184257,0.518647,0.518647,0.518647,1.0,0.736111,0.375,0.375,0.49537,32.958333
LWRKS.mp4,31.248953,1,5,1.0,1.0,1.0,1.0,0.829167,0.829167,0.41865,0.278145,0.278145,0.278145,1.0,0.325,0.325,0.2,0.283333,30.545601
M6ERH.mp4,32.033333,1,9,1.0,1.0,1.0,1.0,0.777464,0.777464,0.16847,0.373243,0.377281,0.377281,0.972124,1.0,1.0,1.0,1.0,31.966667
MFGLZ.mp4,36.645144,2,2,0.5,0.0,0.0,1.0,0.370257,0.317789,0.365624,0.596458,0.596458,0.596458,1.0,0.5,0.0,0.0,0.166667,34.042122
MZ3I3.mp4,42.541474,7,18,1.0,1.0,0.285714,1.0,0.860066,0.704738,0.469887,0.803168,0.838849,0.838849,0.949704,0.790235,0.824357,0.213095,0.609229,42.12845
PJUM0.mp4,31.848627,5,3,0.6,0.6,0.2,0.6,0.711902,0.560442,0.66449,0.78337,0.794206,0.982882,0.794206,0.616667,0.566667,0.4,0.527778,23.275285
QBUAT.mp4,30.283743,4,15,1.0,1.0,0.75,1.0,0.889252,0.720469,0.52324,0.91785,0.935847,0.935847,0.979478,0.736835,0.602564,0.255208,0.531536,29.714247
QD1U7.mp4,34.786393,1,9,1.0,1.0,1.0,1.0,0.762517,0.762517,0.211946,0.176591,0.176591,0.176591,1.0,1.0,1.0,1.0,1.0,34.552029
QF1Y0.mp4,30.9,3,11,1.0,1.0,0.333333,1.0,0.766635,0.694016,0.448212,0.471065,0.471065,0.471065,1.0,0.498939,0.365079,0.083333,0.315784,30.366667
QN7Y2.mp4,19.228458,2,5,1.0,1.0,0.0,1.0,0.557502,0.557502,0.519103,0.341291,0.341291,0.341291,1.0,1.0,0.638889,0.0,0.546296,18.747747
S444Y.mp4,35.632312,1,15,1.0,1.0,1.0,1.0,0.812942,0.812942,0.186351,0.164415,0.164415,0.164415,1.0,0.434659,0.25,0.25,0.311553,32.857939
T42A2.mp4,32.766667,1,13,1.0,1.0,1.0,1.0,0.912814,0.912814,0.184387,0.212402,0.212402,0.212402,1.0,1.0,1.0,0.5,0.833333,32.0
TFWNO.mp4,29.816514,5,0,0.0,0.0,0.0,0.0,0.0,0.0,0.0,0.0,0.0,0.0,0.0,0.0,0.0,0.0,0.0,0
TU9K1.mp4,41.252242,3,4,0.333333,0.333333,0.333333,1.0,0.712151,0.383981,0.594357,0.77263,0.805798,0.805798,0.949419,0.333333,0.333333,0.333333,0.333333,39.132562
V6H2O.mp4,36.870167,3,9,1.0,0.666667,0.333333,1.0,0.942472,0.699505,0.39681,0.393985,0.393985,0.393985,1.0,0.721825,0.39881,0.047619,0.389418,36.803433
W8P6Q.mp4,34.733333,2,9,1.0,0.5,0.0,1.0,0.531163,0.531163,0.340964,0.436004,0.436004,0.436004,1.0,0.502183,0.111111,0.0,0.204431,34.4
X11CU.mp4,31.533333,2,12,1.0,1.0,0.5,1.0,0.964859,0.93573,0.274492,0.326898,0.326898,0.326898,1.0,0.726488,0.702183,0.254762,0.561144,31.2
XZ2WT.mp4,30.866667,1,9,1.0,1.0,1.0,1.0,0.809362,0.809362,0.256982,0.438261,0.450862,0.450862,0.940053,1.0,1.0,1.0,1.0,28.766667
ZSAQG.mp4,30.8,3,14,1.0,1.0,0.333333,1.0,0.74902,0.74902,0.240636,0.279912,0.279912,0.279912,1.0,0.860118,0.744444,0.333333,0.645965,30.366667
0F7LW.mp4,30.630631,7,1,0.0,0.0,0.0,0.142857,0.265341,0.192441,0.265341,0.565111,0.636607,0.636607,0.834211,0.0,0.0,0.0,0.0,27.518428
0HR01.mp4,30.259462,1,10,1.0,1.0,1.0,1.0,0.755412,0.755412,0.30695,0.428326,0.428326,0.428326,1.0,0.370556,0.25,0.125,0.248519,29.657617
0J1BT.mp4,16.764812,1,5,1.0,1.0,0.0,1.0,0.564949,0.564949,0.366998,0.359513,0.359513,0.359513,1.0,1.0,1.0,0.0,0.666667,15.863478
1B9DK.mp4,32.376068,3,15,1.0,1.0,0.666667,1.0,0.988854,0.924612,0.19779,0.256348,0.256348,0.256348,1.0,1.0,1.0,0.833333,0.944444,32.0
3Q92U.mp4,30.113417,1,20,1.0,1.0,0.0,1.0,0.602637,0.602637,0.106721,0.159866,0.159866,0.159866,1.0,0.23433,0.236111,0.0,0.156814,30.03
3VH9O.mp4,30.292898,4,2,0.5,0.0,0.0,0.5,0.468328,0.411032,0.450514,0.458979,0.458979,0.458979,1.0,0.75,0.0,0.0,0.25,24.842851
3VWSP.mp4,28.878482,1,0,0.0,0.0,0.0,0.0,0.0,0.0,0.0,0.0,0.0,0.0,0.0,0.0,0.0,0.0,0.0,0
44PFW.mp4,24.734982,3,10,0.666667,0.333333,0.333333,1.0,0.832334,0.832334,0.160286,0.261729,0.264734,0.264734,0.958435,0.565278,0.7,0.7,0.655093,23.928407
4RT06.mp4,31.105475,7,10,0.428571,0.285714,0.142857,0.428571,0.903528,0.521779,0.259261,0.377865,0.377865,0.377865,1.0,0.288095,0.083333,0.047619,0.139683,30.434134
4TX4N.mp4,32.76,4,5,0.5,0.25,0.25,0.75,0.704058,0.508951,0.408589,0.631295,0.631295,0.631295,1.0,0.6125,0.05,0.05,0.2375,32.64
4VX01.mp4,30.197639,4,9,0.75,0.75,0.25,1.0,0.90367,0.784135,0.346407,0.518349,0.541721,0.541721,0.923164,0.9375,0.9375,0.5,0.791667,29.662576
4WVTC.mp4,21.571926,3,8,0.666667,0.666667,0.0,1.0,0.662331,0.560678,0.36528,0.500328,0.500328,0.500328,1.0,0.944444,0.666667,0.0,0.537037,20.189881
4ZJXR.mp4,31.7,1,0,0.0,0.0,0.0,0.0,0.0,0.0,0.0,0.0,0.0,0.0,0.0,0.0,0.0,0.0,0.0,0
5GP8M.mp4,32.785238,1,7,1.0,1.0,0.0,1.0,0.566792,0.566792,0.386362,0.405698,0.405698,0.405698,1.0,0.966667,0.645833,0.0,0.5375,31.311744
6E8GP.mp4,32.891507,3,2,0.0,0.0,0.0,0.666667,0.272812,0.254384,0.256387,0.455105,0.455105,0.455105,1.0,0.0,0.0,0.0,0.0,31.418753
6FJBD.mp4,30.306665,2,7,1.0,0.0,0.0,1.0,0.451515,0.451515,0.153022,0.21008,0.21008,0.21008,1.0,0.725,0.0,0.0,0.241667,29.527468
72M7T.mp4,17.305612,5,3,0.4,0.0,0.0,0.6,0.395954,0.339089,0.341191,0.603527,0.684811,0.684811,0.835652,0.8,0.0,0.0,0.266667,15.863478
7614L.mp4,25.792433,2,1,0.5,0.0,0.0,0.5,0.408298,0.309482,0.408298,0.60824,0.640862,0.640862,0.922773,0.5,0.0,0.0,0.166667,25.6256
7R0LB.mp4,30.866667,3,14,1.0,1.0,0.333333,1.0,0.941423,0.745931,0.329789,0.414268,0.414268,0.414268,1.0,0.589628,0.372354,0.194444,0.385476,30.4
7R44Z.mp4,32.799433,2,7,0.5,0.0,0.0,1.0,0.318024,0.318024,0.065133,0.211893,0.211893,0.211893,1.0,0.196429,0.0,0.0,0.065476,28.795433
999BP.mp4,32.609431,2,11,1.0,1.0,0.5,1.0,0.763989,0.728304,0.30958,0.382132,0.382132,0.382132,1.0,0.550595,0.75,0.5,0.600198,32.440295
AFUBX.mp4,24.666667,4,4,0.75,0.25,0.0,0.75,0.627907,0.563997,0.417732,0.463208,0.463208,0.463208,1.0,0.729167,0.5,0.0,0.409722,23.966667
AKU63.mp4,34.92,1,13,1.0,1.0,1.0,1.0,0.756209,0.756209,0.207893,0.292333,0.292333,0.292333,1.0,0.483333,0.341667,0.2,0.341667,34.56
BLLCM.mp4,32.04,1,6,0.0,0.0,0.0,0.0,0.0,0.0,0.0,0.0,0.0,0.0,0.0,0.0,0.0,0.0,0.0,26.84
D8FTI.mp4,31.033333,2,15,1.0,1.0,0.5,1.0,0.781341,0.781341,0.124859,0.184198,0.184198,0.184198,1.0,0.139927,0.102381,0.066667,0.102991,30.4
DOYQE.mp4,35.566667,3,6,1.0,1.0,0.666667,1.0,0.765625,0.698811,0.486572,0.494426,0.519709,0.519709,0.91042,0.87963,0.638889,0.5,0.67284,35.2
E8JEJ.mp4,22.133333,3,7,1.0,0.666667,0.0,1.0,0.602118,0.556484,0.419006,0.598778,0.629358,0.629358,0.924944,0.505952,0.214286,0.0,0.240079,21.6
EYZXC.mp4,41.2,3,11,1.0,0.666667,0.333333,1.0,0.935091,0.626068,0.562202,0.635668,0.635668,0.635668,1.0,0.893056,0.559722,0.138889,0.530556,40.766667
GQ341.mp4,30.904708,3,2,0.333333,0.0,0.0,0.666667,0.422485,0.385976,0.355267,0.40938,0.40938,0.40938,1.0,1.0,0.0,0.0,0.333333,30.536396
HBL9L.mp4,13.825191,2,0,0.0,0.0,0.0,0.0,0.0,0.0,0.0,0.0,0.0,0.0,0.0,0.0,0.0,0.0,0.0,0
HP3HV.mp4,18.566667,1,7,0.0,0.0,0.0,1.0,0.274612,0.274612,0.040171,0.132829,0.147304,0.147304,0.574788,0.0,0.0,0.0,0.0,16.766667
HQ8K2.mp4,16.404278,1,4,1.0,1.0,0.0,1.0,0.549392,0.549392,0.488597,0.447421,0.447421,0.447421,1.0,1.0,0.638889,0.0,0.546296,15.863478
K5NFS.mp4,31.6,4,7,1.0,0.75,0.5,1.0,0.830819,0.732628,0.551772,0.566814,0.566814,0.566814,1.0,0.852778,0.841667,0.5,0.731481,27.166667
LQ0FJ.mp4,32.733333,2,13,1.0,1.0,0.0,1.0,0.56799,0.56799,0.152238,0.247243,0.262695,0.262695,0.807808,0.599621,0.497917,0.0,0.365846,32.0
NHH8N.mp4,32.8,1,14,1.0,1.0,0.0,1.0,0.699814,0.699814,0.24778,0.284598,0.284598,0.284598,1.0,0.86,0.588889,0.0,0.482963,31.966667
NO443.mp4,29.662967,1,8,1.0,1.0,1.0,1.0,0.84081,0.84081,0.232373,0.317198,0.317198,0.317198,1.0,0.5,0.291667,0.166667,0.319444,29.6296
O8T6G.mp4,33.872567,3,9,0.666667,0.666667,0.333333,1.0,0.873917,0.660131,0.327421,0.559058,0.559058,0.559058,1.0,0.45205,0.342593,0.138889,0.311177,33.6224
ON2Z4.mp4,26.966667,4,9,1.0,1.0,0.75,1.0,0.87252,0.743067,0.499913,0.579427,0.579427,0.579427,1.0,0.425694,0.379167,0.245833,0.350231,26.4
ONMCW.mp4,35.168467,2,10,1.0,1.0,0.0,1.0,0.669813,0.661819,0.297279,0.361893,0.378347,0.378347,0.892721,0.715179,0.638095,0.0,0.451091,34.4344
PH5VU.mp4,40.906544,3,15,1.0,0.333333,0.0,1.0,0.694498,0.510466,0.378776,0.376817,0.376817,0.376817,1.0,0.775321,0.295833,0.0,0.357051,40.34618
PN1F2.mp4,30.5305,4,20,1.0,1.0,0.0,1.0,0.669744,0.56058,0.351102,0.506069,0.506069,0.506069,1.0,0.711434,0.468667,0.0,0.393367,30.03
RON2M.mp4,30.47944,3,13,1.0,1.0,0.666667,1.0,0.97313,0.839252,0.392096,0.603382,0.603382,0.603382,1.0,0.553211,0.564915,0.380952,0.499693,29.676469
S407A.mp4,21.451749,3,6,1.0,0.333333,0.0,1.0,0.547833,0.483849,0.407573,0.54117,0.573773,0.573773,0.904977,0.77037,0.666667,0.0,0.479012,20.189881
SROEU.mp4,31.041706,3,4,0.333333,0.0,0.0,1.0,0.304382,0.272865,0.218833,0.278959,0.278959,0.278959,1.0,0.166667,0.0,0.0,0.055556,30.470387
TTVN5.mp4,32.9,3,18,1.0,0.333333,0.0,1.0,0.563578,0.505797,0.331103,0.694026,0.719417,0.719417,0.951607,0.532666,0.083333,0.0,0.205333,32.8
U5T4M.mp4,19.633333,7,6,0.428571,0.285714,0.142857,0.857143,0.707252,0.579724,0.477433,0.638151,0.697978,0.697978,0.881588,0.84881,0.678571,0.285714,0.604365,19.2
UPT25.mp4,30.155125,2,11,1.0,1.0,1.0,1.0,0.756729,0.756729,0.436769,0.276416,0.276416,0.276416,1.0,0.982143,1.0,0.477778,0.819974,30.03
WEW2E.mp4,33.377251,2,14,1.0,0.5,0.5,1.0,0.953208,0.758598,0.153186,0.24586,0.24586,0.24586,1.0,0.514502,0.571429,0.5,0.528644,32.538827
WKVWF.mp4,29.133333,5,6,0.6,0.2,0.2,0.6,0.842303,0.430365,0.380242,0.623281,0.649251,0.649251,0.939694,0.195,0.033333,0.033333,0.087222,28.8
WXXYY.mp4,35.30813,7,16,1.0,0.857143,0.285714,1.0,0.859671,0.736677,0.448354,0.609379,0.626088,0.626088,0.95804,0.810639,0.515538,0.163265,0.496481,35.039189
XYJYK.mp4,32.633333,1,16,1.0,1.0,1.0,1.0,0.776127,0.776127,0.107212,0.199098,0.208648,0.208648,0.813079,1.0,1.0,1.0,1.0,31.966667
Z0DO7.mp4,29.666667,1,9,1.0,1.0,1.0,1.0,0.723986,0.723986,0.239981,0.155898,0.155898,0.155898,1.0,0.261905,0.18254,0.111111,0.185185,29.566667
ZPRJH.mp4,30.941959,5,14,0.8,0.8,0.6,1.0,0.845194,0.755881,0.364096,0.473256,0.473256,0.473256,1.0,0.94,0.856667,0.383333,0.726667,30.440739
0UPBN.mp4,33.48,3,13,1.0,1.0,0.0,1.0,0.6112,0.584242,0.251934,0.392445,0.408797,0.408797,0.907503,0.895397,0.795767,0.0,0.563721,32.64
1FX8Q.mp4,28.166667,1,7,1.0,1.0,0.0,1.0,0.568981,0.568981,0.11359,0.21091,0.21091,0.21091,1.0,0.5,0.5,0.0,0.333333,27.966667
1VRH1.mp4,30.375,6,0,0.0,0.0,0.0,0.0,0.0,0.0,0.0,0.0,0.0,0.0,0.0,0.0,0.0,0.0,0.0,0
32K2C.mp4,32.766667,1,0,0.0,0.0,0.0,0.0,0.0,0.0,0.0,0.0,0.0,0.0,0.0,0.0,0.0,0.0,0.0,0
3JCEI.mp4,19.842861,5,2,0.4,0.4,0.2,0.4,0.80624,0.67228,0.699423,0.911223,0.911223,0.911223,1.0,1.0,0.9,0.3,0.733333,19.201475
5I5E5.mp4,27.761067,1,5,1.0,0.0,0.0,1.0,0.330401,0.330401,0.226251,0.212979,0.212979,0.212979,1.0,0.366667,0.0,0.0,0.122222,27.2272
5NG6Q.mp4,30.6,3,16,1.0,1.0,0.0,1.0,0.690854,0.648299,0.278612,0.385394,0.385394,0.385394,1.0,0.230992,0.202626,0.0,0.144539,30.366667
5P284.mp4,40.514404,2,1,0.5,0.0,0.0,0.5,0.341416,0.241552,0.341416,0.357633,0.357633,0.357633,1.0,0.5,0.0,0.0,0.166667,36.612263
5UNMN.mp4,14.161292,1,0,0.0,0.0,0.0,0.0,0.0,0.0,0.0,0.0,0.0,0.0,0.0,0.0,0.0,0.0,0.0,0
6CAZU.mp4,31.786517,2,12,1.0,1.0,0.5,1.0,0.756119,0.682077,0.238384,0.367713,0.367713,0.367713,1.0,0.668651,0.668651,0.071429,0.469577,31.550562
6IL0C.mp4,39.133333,3,14,1.0,1.0,1.0,1.0,0.822222,0.801247,0.42905,0.653483,0.653483,0.653483,1.0,0.892989,0.827712,0.805556,0.842086,38.4
75F82.mp4,20.79077,4,8,1.0,0.5,0.25,1.0,0.818894,0.818894,0.321735,0.465502,0.465502,0.465502,1.0,1.0,1.0,0.875,0.958333,20.189881
7KHIH.mp4,10.666667,1,0,0.0,0.0,0.0,0.0,0.0,0.0,0.0,0.0,0.0,0.0,0.0,0.0,0.0,0.0,0.0,0
81VSN.mp4,39.458206,1,3,1.0,0.0,0.0,1.0,0.481858,0.481858,0.310746,0.44231,0.449482,0.449482,0.965179,1.0,0.0,0.0,0.333333,38.685175
9PXI9.mp4,30.943026,1,1,0.0,0.0,0.0,1.0,0.214734,0.214734,0.214734,0.214734,0.214734,0.214734,1.0,0.0,0.0,0.0,0.0,27.504912
9VF2C.mp4,23.666667,2,2,0.5,0.5,0.0,1.0,0.627615,0.490735,0.412953,0.2508,0.27379,0.27379,0.749179,1.0,0.5,0.0,0.5,19.966667
AWN1C.mp4,45.892536,3,3,0.666667,0.0,0.0,1.0,0.340167,0.340167,0.285212,0.278318,0.278318,0.278318,1.0,1.0,0.0,0.0,0.333333,43.11612
BVDIM.mp4,30.666667,2,13,1.0,1.0,0.5,1.0,0.829629,0.829629,0.137642,0.217652,0.217652,0.217652,1.0,0.558333,0.558333,0.225,0.447222,30.366667
C1DK7.mp4,27.402375,5,9,0.6,0.2,0.0,1.0,0.663399,0.537722,0.317259,0.444184,0.460175,0.460175,0.927443,0.917778,0.8,0.0,0.572593,27.027
C4MUA.mp4,30.163467,1,0,0.0,0.0,0.0,0.0,0.0,0.0,0.0,0.0,0.0,0.0,0.0,0.0,0.0,0.0,0.0,0
D6MZ4.mp4,23.134239,1,9,1.0,1.0,1.0,1.0,0.735571,0.735571,0.274222,0.411843,0.411843,0.411843,1.0,0.317956,0.173611,0.111111,0.200893,23.07415
DAA3F.mp4,32.033333,5,2,0.2,0.0,0.0,0.2,0.354322,0.070864,0.177161,0.156126,0.261065,0.279749,0.261065,0.1,0.0,0.0,0.033333,15.966667
EXW9K.mp4,32.504469,1,2,0.0,0.0,0.0,1.0,0.175623,0.175623,0.162782,0.154865,0.163777,0.163777,0.739988,0.0,0.0,0.0,0.0,31.204291
FB3ZG.mp4,19.517757,1,2,1.0,0.0,0.0,1.0,0.48865,0.48865,0.39193,0.243477,0.243477,0.243477,1.0,0.5,0.0,0.0,0.166667,19.316543
GFJ98.mp4,31.693588,1,2,1.0,0.0,0.0,1.0,0.342617,0.342617,0.32279,0.272666,0.272666,0.272666,1.0,1.0,0.0,0.0,0.333333,29.368576
GM3UK.mp4,23.097334,2,3,0.0,0.0,0.0,1.0,0.282525,0.219537,0.247965,0.358453,0.396258,0.396258,0.789792,0.0,0.0,0.0,0.0,21.710288
GS3M4.mp4,26.1,1,5,1.0,1.0,0.0,1.0,0.626734,0.626734,0.199339,0.273737,0.273737,0.273737,1.0,0.333333,0.333333,0.0,0.222222,25.566667
HLB3J.mp4,31.1,1,8,1.0,1.0,0.0,1.0,0.555504,0.555504,0.210244,0.20405,0.20405,0.20405,1.0,0.809524,0.5,0.0,0.436508,30.4
KOQGE.mp4,30.7,1,11,1.0,1.0,1.0,1.0,0.856536,0.856536,0.293222,0.296378,0.296378,0.296378,1.0,0.315179,0.315179,0.196429,0.275595,30.366667
KQDX6.mp4,24.516284,3,3,0.666667,0.0,0.0,1.0,0.386092,0.355332,0.330659,0.487028,0.527678,0.527678,0.86343,0.666667,0.0,0.0,0.222222,23.07415
LG7WK.mp4,16.866667,3,0,0.0,0.0,0.0,0.0,0.0,0.0,0.0,0.0,0.0,0.0,0.0,0.0,0.0,0.0,0.0,0
LLE9B.mp4,25.782799,6,6,0.5,0.166667,0.166667,1.0,0.70277,0.46171,0.470993,0.685517,0.726873,0.726873,0.923363,0.811111,0.166667,0.166667,0.381481,24.520704
LXLW4.mp4,36.582908,1,16,1.0,1.0,0.0,1.0,0.654932,0.654932,0.113613,0.21168,0.221918,0.221918,0.821063,1.0,1.0,0.0,0.666667,36.246977
M4FOP.mp4,32.146019,2,12,1.0,1.0,0.0,1.0,0.696269,0.662389,0.223985,0.185057,0.185057,0.185057,1.0,0.634028,0.586111,0.0,0.406713,31.873595
M6HAF.mp4,11.409231,2,1,0.5,0.0,0.0,0.5,0.394892,0.394892,0.394892,0.394892,0.394892,0.394892,1.0,1.0,0.0,0.0,0.333333,10.633846
MOTWW.mp4,32.265638,1,7,1.0,0.0,0.0,1.0,0.38277,0.38277,0.116695,0.13371,0.13371,0.13371,1.0,0.333333,0.0,0.0,0.111111,32.165018
N9KNS.mp4,32.4,2,7,1.0,1.0,1.0,1.0,0.760456,0.750703,0.497784,0.590376,0.590376,0.590376,1.0,0.395833,0.291667,0.225,0.304167,31.68
NUW9G.mp4,30.833333,1,2,1.0,1.0,0.0,1.0,0.691794,0.691794,0.691794,0.865648,0.865648,1.0,0.865648,1.0,1.0,0.0,0.666667,7.966667
NX8X9.mp4,28.977392,4,7,0.75,0.25,0.0,1.0,0.570045,0.477148,0.378733,0.437714,0.437714,0.437714,1.0,0.75,0.375,0.0,0.375,28.55743
OE243.mp4,29.77975,4,22,1.0,0.75,0.75,1.0,0.955197,0.712659,0.52593,0.709958,0.709958,0.709958,1.0,0.575333,0.401993,0.298677,0.425334,29.029
OGLCO.mp4,31.6,4,0,0.0,0.0,0.0,0.0,0.0,0.0,0.0,0.0,0.0,0.0,0.0,0.0,0.0,0.0,0.0,0
OKIVH.mp4,30.866667,1,14,1.0,1.0,0.0,1.0,0.575391,0.575391,0.079906,0.143848,0.151419,0.151419,0.742065,0.416667,0.333333,0.0,0.25,30.4
OQ54Y.mp4,33.8,5,14,0.4,0.4,0.2,0.8,0.706806,0.466039,0.217001,0.324896,0.338769,0.338769,0.888062,0.5,0.5,0.1,0.366667,33.566667
OWCJT.mp4,15.4,1,0,0.0,0.0,0.0,0.0,0.0,0.0,0.0,0.0,0.0,0.0,0.0,0.0,0.0,0.0,0.0,0
PRH15.mp4,37.801832,1,15,1.0,1.0,0.0,1.0,0.592317,0.592317,0.095785,0.14341,0.14341,0.14341,1.0,0.18254,0.18254,0.0,0.121693,36.969192
PSAVM.mp4,29.863167,5,14,1.0,0.8,0.6,1.0,0.920228,0.819934,0.526884,0.836895,0.836895,0.836895,1.0,0.716667,0.637222,0.55,0.63463,29.6296
QLFR5.mp4,38.3,1,1,0.0,0.0,0.0,1.0,0.162068,0.162068,0.162068,0.162068,0.162068,0.162068,1.0,0.0,0.0,0.0,0.0,37.6
QZZPS.mp4,31.345233,3,6,0.666667,0.666667,0.333333,1.0,0.938888,0.808126,0.293564,0.419459,0.419459,0.419459,1.0,0.611111,0.611111,0.277778,0.5,30.50802
RS6EK.mp4,30.436834,1,0,0.0,0.0,0.0,0.0,0.0,0.0,0.0,0.0,0.0,0.0,0.0,0.0,0.0,0.0,0.0,0
SROEU.mp4,31.041706,1,4,0.0,0.0,0.0,1.0,0.20983,0.20983,0.104676,0.167427,0.167427,0.167427,1.0,0.0,0.0,0.0,0.0,30.470387
STHIK.mp4,29.609052,5,0,0.0,0.0,0.0,0.0,0.0,0.0,0.0,0.0,0.0,0.0,0.0,0.0,0.0,0.0,0.0,0
TYWHY.mp4,31.998633,10,6,0.5,0.5,0.3,0.6,0.835707,0.661822,0.714401,0.713988,0.713988,0.713988,1.0,0.666111,0.506667,0.145,0.439259,30.397033
UETQS.mp4,31.055901,5,5,0.6,0.4,0.0,1.0,0.584224,0.513127,0.470529,0.756628,0.812114,0.812114,0.917179,1.0,0.466667,0.0,0.488889,29.813665
UEVVN.mp4,17.766667,1,5,1.0,1.0,1.0,1.0,0.784278,0.784278,0.279689,0.426303,0.426303,0.426303,1.0,1.0,1.0,1.0,1.0,17.6
UYZKX.mp4,30.508815,1,13,1.0,1.0,1.0,1.0,0.81533,0.81533,0.226967,0.212171,0.212171,0.212171,1.0,0.229293,0.133333,0.133333,0.16532,29.705951
VJVHM.mp4,33.284402,2,14,1.0,1.0,1.0,1.0,0.815041,0.815041,0.1755,0.244363,0.244363,0.244363,1.0,0.426407,0.247835,0.247835,0.307359,32.738197
WM2J7.mp4,30.494999,5,12,1.0,0.8,0.4,1.0,0.886243,0.834274,0.536696,0.843024,0.864345,0.864345,0.971571,0.980571,0.917778,0.366667,0.755005,30.23531
WSKTN.mp4,31.753999,1,8,1.0,0.0,0.0,1.0,0.480482,0.480482,0.097889,0.159647,0.159647,0.159647,1.0,0.142857,0.0,0.0,0.047619,31.319012
X07QW.mp4,27.394033,3,3,0.666667,0.666667,0.0,0.666667,0.697302,0.437175,0.569177,0.742271,0.812057,0.896237,0.812057,0.527778,0.444444,0.0,0.324074,23.189833
XF2ZM.mp4,30.7491,2,1,0.5,0.0,0.0,0.5,0.498643,0.498643,0.498643,0.498643,0.498643,0.498643,1.0,1.0,0.0,0.0,0.333333,27.47792
ZBBOO.mp4,21.766667,1,4,1.0,0.0,0.0,1.0,0.412892,0.412892,0.146801,0.259332,0.259332,0.259332,1.0,1.0,0.0,0.0,0.333333,21.6
06LBQ.mp4,33.966667,2,17,1.0,1.0,0.5,1.0,0.783589,0.688578,0.190825,0.285125,0.293849,0.293849,0.905691,0.258929,0.133929,0.0625,0.151786,33.566667
0HGNK.mp4,35.25,5,3,0.0,0.0,0.0,0.6,0.181511,0.17029,0.127541,0.180022,0.180022,0.180022,1.0,0.0,0.0,0.0,0.0,35.0
0M0T4.mp4,54.287577,3,7,0.666667,0.0,0.0,0.666667,0.340471,0.225238,0.294435,0.368908,0.394372,0.394372,0.851043,0.666667,0.0,0.0,0.222222,50.864037
2CJC9.mp4,29.982599,3,9,1.0,1.0,0.666667,1.0,0.897026,0.82927,0.408109,0.51879,0.51879,0.51879,1.0,0.489418,0.477513,0.453704,0.473545,29.681435
2OJY8.mp4,31.025474,4,1,0.25,0.0,0.0,0.25,0.463059,0.298623,0.463059,0.566311,0.621237,0.621237,0.864961,0.5,0.0,0.0,0.166667,27.43305
3CLVI.mp4,30.281737,3,15,1.0,1.0,1.0,1.0,0.808741,0.764547,0.425813,0.467889,0.467889,0.467889,1.0,0.484854,0.262743,0.252249,0.333282,29.712909
47Y1V.mp4,30.488792,1,23,1.0,1.0,0.0,1.0,0.573058,0.573058,0.275958,0.462916,0.462916,0.462916,1.0,0.986014,0.518193,0.0,0.501402,30.03
4H935.mp4,32.2,5,10,0.8,0.8,0.6,1.0,0.803151,0.742529,0.460935,0.571907,0.590394,0.590394,0.94809,0.800159,0.517619,0.384286,0.567354,31.966667
4VJDU.mp4,30.733333,2,13,1.0,1.0,1.0,1.0,0.899961,0.89319,0.191006,0.444079,0.444079,0.444079,1.0,0.916667,0.916667,0.375,0.736111,30.4
50E06.mp4,32.209361,3,10,1.0,0.666667,0.333333,1.0,0.700987,0.598532,0.392066,0.518941,0.518941,0.518941,1.0,0.418254,0.186111,0.055556,0.219974,31.404127
5WS7U.mp4,38.571867,3,6,0.666667,0.333333,0.0,1.0,0.633953,0.4818,0.267215,0.325399,0.325399,0.325399,1.0,0.666667,0.333333,0.0,0.333333,38.4384
6U47G.mp4,34.659625,1,22,1.0,1.0,1.0,1.0,0.852044,0.852044,0.252751,0.299677,0.299677,0.299677,1.0,0.387211,0.299246,0.182407,0.289621,34.034
72LJ3.mp4,24.983671,3,0,0.0,0.0,0.0,0.0,0.0,0.0,0.0,0.0,0.0,0.0,0.0,0.0,0.0,0.0,0.0,0
8CCEV.mp4,20.133333,6,2,0.333333,0.166667,0.0,0.333333,0.583225,0.406336,0.511084,0.755208,0.755208,0.755208,1.0,0.666667,0.166667,0.0,0.277778,19.2
ALJ7B.mp4,30.433333,3,12,1.0,1.0,0.333333,1.0,0.813366,0.664538,0.445557,0.664428,0.677542,0.677542,0.971694,0.822619,0.549471,0.138889,0.50366,30.4
B0SV3.mp4,30.7491,4,1,0.0,0.0,0.0,0.25,0.267865,0.207953,0.267865,0.55534,0.646733,0.646733,0.797152,0.0,0.0,0.0,0.0,27.47792
CS7HY.mp4,30.912896,5,0,0.0,0.0,0.0,0.0,0.0,0.0,0.0,0.0,0.0,0.0,0.0,0.0,0.0,0.0,0.0,0
D01MJ.mp4,37.5,2,4,1.0,1.0,0.0,1.0,0.61847,0.569539,0.483087,0.457276,0.457276,0.457276,1.0,1.0,0.75,0.0,0.583333,36.766667
D04GX.mp4,13.159476,5,3,0.6,0.0,0.0,0.6,0.496578,0.422211,0.405664,0.712522,0.76856,0.76856,0.907168,0.8,0.0,0.0,0.266667,12.979209
DGHSW.mp4,32.528224,3,0,0.0,0.0,0.0,0.0,0.0,0.0,0.0,0.0,0.0,0.0,0.0,0.0,0.0,0.0,0.0,0
EEGGA.mp4,30.151961,3,7,1.0,0.0,0.0,1.0,0.364468,0.349829,0.275803,0.378288,0.378288,0.378288,1.0,0.53373,0.0,0.0,0.17791,28.83056
EG0VZ.mp4,26.866667,2,4,1.0,1.0,0.0,1.0,0.519646,0.512375,0.507085,0.587269,0.587269,0.587269,1.0,0.902778,0.708333,0.0,0.537037,26.4
F1LTO.mp4,29.108108,4,11,1.0,1.0,1.0,1.0,0.832258,0.78619,0.427092,0.613566,0.613566,0.613566,1.0,0.405928,0.304324,0.283491,0.331248,28.216216
FLBS9.mp4,30.613917,1,19,1.0,1.0,0.0,1.0,0.519917,0.519917,0.190001,0.189914,0.189914,0.189914,1.0,0.317534,0.125,0.0,0.147511,30.03
GA7SB.mp4,30.555556,5,1,0.0,0.0,0.0,0.2,0.269588,0.218957,0.269588,0.269588,0.304442,0.304442,0.70192,0.0,0.0,0.0,0.0,27.45098
GMLPK.mp4,43.409498,1,1,0.0,0.0,0.0,1.0,0.26556,0.26556,0.26556,0.26556,0.26556,0.26556,1.0,0.0,0.0,0.0,0.0,42.951679
IAEGA.mp4,17.966667,1,5,0.0,0.0,0.0,1.0,0.166667,0.166667,0.033333,0.082456,0.089184,0.089184,0.522222,0.0,0.0,0.0,0.0,17.566667
IV1S7.mp4,16.766667,3,0,0.0,0.0,0.0,0.0,0.0,0.0,0.0,0.0,0.0,0.0,0.0,0.0,0.0,0.0,0.0,0
MLWB5.mp4,30.833333,2,9,1.0,1.0,0.5,1.0,0.804841,0.748574,0.413705,0.671738,0.671738,0.671738,1.0,0.938333,0.85,0.375,0.721111,30.366667
N5PLR.mp4,34.435538,1,14,1.0,1.0,1.0,1.0,0.764225,0.764225,0.201234,0.279098,0.279098,0.279098,1.0,0.95,1.0,0.5,0.816667,33.667335
O76GM.mp4,32.433333,4,17,1.0,0.5,0.5,1.0,0.92187,0.65137,0.41493,0.691547,0.691547,0.691547,1.0,0.65789,0.154752,0.042484,0.285042,31.966667
OK6BF.mp4,27.566667,1,7,1.0,0.0,0.0,1.0,0.44226,0.44226,0.170158,0.220859,0.220859,0.220859,1.0,0.866667,0.0,0.0,0.288889,27.166667
OPMF7.mp4,17.8,2,8,1.0,1.0,1.0,1.0,0.769388,0.769388,0.311437,0.278848,0.278848,0.278848,1.0,1.0,0.583333,0.583333,0.722222,17.566667
OSK3Y.mp4,31.2,1,9,1.0,1.0,1.0,1.0,0.725927,0.725927,0.297646,0.274705,0.274705,0.274705,1.0,0.622024,0.416667,0.25,0.429563,28.766667
P5YNX.mp4,29.597668,3,12,1.0,1.0,0.333333,1.0,0.790421,0.774396,0.212783,0.446348,0.446348,0.446348,1.0,0.955556,0.972222,1.0,0.975926,29.35277
Q948H.mp4,33.0,4,3,0.75,0.5,0.0,0.75,0.641552,0.547122,0.635063,0.718138,0.803807,0.803807,0.87077,1.0,0.75,0.0,0.583333,29.566667
QZ1BS.mp4,33.115154,2,18,1.0,0.5,0.5,1.0,0.827908,0.626326,0.245535,0.400524,0.400524,0.400524,1.0,1.0,0.5,0.402778,0.634259,31.9503
R4SJJ.mp4,46.679967,3,14,1.0,1.0,0.333333,1.0,0.701998,0.653168,0.24746,0.506423,0.506423,0.506423,1.0,0.729792,0.725641,0.333333,0.596256,46.413033
R5O7F.mp4,38.892758,6,12,1.0,0.833333,0.166667,1.0,0.723628,0.652189,0.432638,0.595289,0.620007,0.620007,0.937232,0.595443,0.451263,0.166667,0.404457,38.405292
RKOOJ.mp4,29.862739,2,12,1.0,1.0,1.0,1.0,0.880468,0.841299,0.257447,0.333089,0.333089,0.333089,1.0,0.409443,0.429762,0.4125,0.417235,29.728825
SPF63.mp4,29.127742,4,13,1.0,0.25,0.0,1.0,0.510731,0.418068,0.271835,0.452071,0.464969,0.464969,0.942185,0.492529,0.208333,0.0,0.233621,28.970295
SSPMK.mp4,37.495493,2,12,1.0,0.0,0.0,1.0,0.400048,0.400048,0.079545,0.208025,0.208025,0.208025,1.0,0.152778,0.0,0.0,0.050926,36.053359
SUE5L.mp4,31.600818,1,2,1.0,0.0,0.0,1.0,0.416862,0.416862,0.355426,0.390141,0.420355,0.420355,0.844429,1.0,0.0,0.0,0.333333,23.290104
VEH0A.mp4,11.6,5,0,0.0,0.0,0.0,0.0,0.0,0.0,0.0,0.0,0.0,0.0,0.0,0.0,0.0,0.0,0.0,0
VINM0.mp4,35.168467,1,2,1.0,1.0,1.0,1.0,0.887614,0.887614,0.497515,0.247086,0.247086,0.247086,1.0,1.0,1.0,1.0,1.0,34.401033
WZDXS.mp4,36.083093,2,14,1.0,0.5,0.5,1.0,0.897931,0.682537,0.409333,0.47192,0.47192,0.47192,1.0,0.781608,0.25,0.125,0.385536,36.023055
Y4GHN.mp4,30.066667,1,10,1.0,1.0,1.0,1.0,0.747578,0.747578,0.356005,0.432814,0.432814,0.432814,1.0,0.505952,0.319444,0.166667,0.330688,29.566667
Y50QF.mp4,37.495924,4,3,0.25,0.0,0.0,0.75,0.332601,0.276852,0.3059,0.326755,0.352611,0.352611,0.81672,0.75,0.0,0.0,0.25,35.213564
Y665P.mp4,33.313245,3,9,1.0,0.0,0.0,1.0,0.449748,0.449748,0.170597,0.251841,0.251841,0.251841,1.0,0.927778,0.0,0.0,0.309259,32.944958
Z7KC1.mp4,30.333333,4,1,0.0,0.0,0.0,0.25,0.114316,0.114316,0.114316,0.114316,0.121652,0.121652,0.654655,0.0,0.0,0.0,0.0,28.0
ZNQVC.mp4,31.231159,6,4,0.5,0.166667,0.0,0.666667,0.668582,0.394368,0.457479,0.597679,0.597679,0.597679,1.0,0.916667,0.166667,0.0,0.361111,28.94007
07TCM.mp4,33.9,5,7,0.8,0.8,0.2,0.8,0.805811,0.647134,0.607009,0.788571,0.821429,0.821429,0.951724,0.833905,0.748333,0.05,0.544079,33.6
08LOY.mp4,28.084622,1,11,1.0,1.0,1.0,1.0,0.867422,0.867422,0.187802,0.303751,0.303751,0.303751,1.0,0.402778,0.416667,0.25,0.356481,27.314722
10M0F.mp4,32.523677,2,14,1.0,1.0,0.5,1.0,0.861475,0.737495,0.287343,0.373644,0.382569,0.382569,0.941234,0.525361,0.300613,0.05,0.291991,31.253482
120YL.mp4,42.570189,8,9,0.0,0.0,0.0,0.625,0.288635,0.234169,0.152728,0.255555,0.267456,0.267456,0.851694,0.0,0.0,0.0,0.0,41.08651
4KK20.mp4,30.708333,4,7,0.5,0.5,0.5,1.0,0.852775,0.652718,0.640821,0.737701,0.786882,0.786882,0.921895,0.260317,0.15754,0.133929,0.183929,30.0
6JLD4.mp4,30.685382,5,14,1.0,1.0,0.4,1.0,0.914476,0.693388,0.52945,0.643424,0.643424,0.643424,1.0,0.527457,0.422904,0.09,0.346787,30.461401
7IPW7.mp4,28.433333,2,1,0.0,0.0,0.0,0.5,0.238968,0.238968,0.238968,0.238968,0.238968,0.238968,1.0,0.0,0.0,0.0,0.0,26.366667
7JHW2.mp4,20.066667,4,4,0.75,0.5,0.25,1.0,0.909524,0.726396,0.533552,0.451735,0.451735,0.451735,1.0,1.0,0.75,0.5,0.75,18.366667
9O0NP.mp4,30.8874,4,0,0.0,0.0,0.0,0.0,0.0,0.0,0.0,0.0,0.0,0.0,0.0,0.0,0.0,0.0,0.0,0
APLZS.mp4,28.966667,2,10,1.0,1.0,0.5,1.0,0.925803,0.756967,0.292568,0.368785,0.384596,0.384596,0.899704,1.0,0.75,0.25,0.666667,28.766667
BO12I.mp4,30.966667,2,16,1.0,0.0,0.0,1.0,0.490749,0.490749,0.230195,0.480379,0.480379,0.480379,1.0,0.781803,0.0,0.0,0.260601,30.4
BPT87.mp4,32.737346,5,14,1.0,0.6,0.0,1.0,0.67342,0.623106,0.401418,0.611605,0.611605,0.611605,1.0,0.822302,0.481667,0.0,0.434656,31.730043
BZ5N5.mp4,33.566867,1,7,1.0,1.0,1.0,1.0,0.702235,0.702235,0.139842,0.444606,0.444606,0.444606,1.0,1.0,1.0,1.0,1.0,32.8328
C6N6Y.mp4,16.945079,1,0,0.0,0.0,0.0,0.0,0.0,0.0,0.0,0.0,0.0,0.0,0.0,0.0,0.0,0.0,0.0,0
CUHT0.mp4,21.666667,3,11,1.0,1.0,1.0,1.0,0.821383,0.794941,0.594974,0.85234,0.856409,0.856409,0.994456,0.825926,0.777778,0.555556,0.719753,21.6
FJYZH.mp4,17.786324,5,2,0.4,0.0,0.0,0.4,0.3416,0.310912,0.340953,0.600172,0.658935,0.658935,0.870634,0.4,0.0,0.0,0.133333,17.305612
FSOFF.mp4,19.84,2,5,1.0,1.0,0.5,1.0,0.730187,0.730187,0.358679,0.35253,0.385579,0.385579,0.804414,1.0,0.583333,0.333333,0.638889,19.2
GL7E6.mp4,30.20572,4,10,1.0,0.75,0.5,1.0,0.817182,0.64447,0.53291,0.609326,0.609326,0.609326,1.0,0.601984,0.5,0.208333,0.436772,28.867704
H032R.mp4,22.418589,2,0,0.0,0.0,0.0,0.0,0.0,0.0,0.0,0.0,0.0,0.0,0.0,0.0,0.0,0.0,0.0,0
H0Q6V.mp4,35.212114,2,14,1.0,1.0,1.0,1.0,0.986075,0.986075,0.23868,0.378535,0.378535,0.378535,1.0,0.839583,0.752778,0.558333,0.716898,34.611225
J95U1.mp4,37.319487,2,2,0.5,0.5,0.0,1.0,0.577781,0.356349,0.546877,0.513583,0.513583,0.513583,1.0,0.5,0.5,0.0,0.333333,35.047866
K6W5I.mp4,30.064879,3,11,1.0,1.0,0.333333,1.0,0.819037,0.650448,0.495927,0.602904,0.602904,0.602904,1.0,0.51617,0.358213,0.066667,0.313683,28.860946
KV6V8.mp4,36.304857,1,9,1.0,1.0,0.0,1.0,0.538157,0.538157,0.211919,0.18799,0.18799,0.18799,1.0,0.551587,0.194444,0.0,0.248677,35.635985
LFPWI.mp4,31.472525,6,11,0.666667,0.5,0.5,0.666667,0.837019,0.822315,0.350097,0.58546,0.58546,0.58546,1.0,0.633929,0.871032,0.833333,0.779431,31.438936
LUQWY.mp4,34.159125,1,28,1.0,1.0,0.0,1.0,0.652808,0.652808,0.253231,0.358557,0.358557,0.358557,1.0,0.252417,0.139018,0.0,0.130478,34.034
M18XP.mp4,31.266667,2,10,1.0,1.0,1.0,1.0,0.829733,0.795313,0.230811,0.359075,0.359075,0.359075,1.0,0.916667,1.0,1.0,0.972222,31.2
MK16R.mp4,31.666667,2,11,1.0,1.0,1.0,1.0,0.847791,0.78838,0.393896,0.506013,0.506013,0.506013,1.0,0.459691,0.448232,0.212121,0.373348,31.2
O6DJW.mp4,12.2,1,0,0.0,0.0,0.0,0.0,0.0,0.0,0.0,0.0,0.0,0.0,0.0,0.0,0.0,0.0,0.0,0
P4SB9.mp4,17.6,3,3,0.666667,0.0,0.0,1.0,0.453491,0.363476,0.421149,0.458059,0.543945,0.543945,0.743658,0.666667,0.0,0.0,0.222222,16.0
PEWH4.mp4,31.698333,2,5,1.0,1.0,0.0,1.0,0.615921,0.615921,0.405139,0.486253,0.486253,0.486253,1.0,1.0,1.0,0.0,0.666667,30.4304
PS7XK.mp4,30.766667,1,4,0.0,0.0,0.0,1.0,0.227431,0.227431,0.067906,0.136458,0.143798,0.143798,0.727778,0.0,0.0,0.0,0.0,30.366667
RFH6M.mp4,32.480788,4,4,0.0,0.0,0.0,1.0,0.289159,0.245511,0.265994,0.410214,0.410214,0.410214,1.0,0.0,0.0,0.0,0.0,31.700288
SKZUG.mp4,15.633333,4,1,0.25,0.0,0.0,0.25,0.493421,0.393792,0.493421,0.629412,0.703947,0.703947,0.856,0.75,0.0,0.0,0.25,15.2
SVIXG.mp4,29.864199,4,0,0.0,0.0,0.0,0.0,0.0,0.0,0.0,0.0,0.0,0.0,0.0,0.0,0.0,0.0,0.0,0
VINM0.mp4,35.168467,4,2,0.5,0.5,0.25,0.5,0.887614,0.719399,0.722559,0.758744,0.758744,0.758744,1.0,1.0,1.0,0.75,0.916667,34.401033
VRXQX.mp4,30.9454,2,7,1.0,1.0,0.5,1.0,0.71014,0.60821,0.514252,0.647355,0.647355,0.647355,1.0,1.0,0.819444,0.291667,0.703704,30.430304
WC5QK.mp4,30.4304,1,8,1.0,1.0,0.0,1.0,0.639223,0.639223,0.23066,0.375022,0.403266,0.403266,0.842631,0.625,0.75,0.0,0.458333,28.8288
WWL0K.mp4,16.704723,4,4,1.0,1.0,0.25,1.0,0.732886,0.702508,0.62739,0.964283,0.964283,0.964283,1.0,1.0,1.0,0.75,0.916667,15.863478
WZZPC.mp4,7.133333,2,0,0.0,0.0,0.0,0.0,0.0,0.0,0.0,0.0,0.0,0.0,0.0,0.0,0.0,0.0,0.0,0
Y79PC.mp4,28.766667,3,4,1.0,0.333333,0.333333,1.0,0.783597,0.57743,0.578561,0.482143,0.482143,0.482143,1.0,0.935185,0.138889,0.083333,0.385802,28.0
ZC59Y.mp4,34.033333,1,12,1.0,1.0,0.0,1.0,0.545627,0.545627,0.085479,0.220308,0.220308,0.220308,1.0,0.325,0.25,0.0,0.191667,33.6
ZFT06.mp4,30.570541,3,1,0.0,0.0,0.0,0.333333,0.247479,0.223957,0.247479,0.491784,0.537186,0.537186,0.853343,0.0,0.0,0.0,0.0,27.464443
__TOTAL__,39816.660645,3720,10799,941.209135,690.209923,365.476576,1105.542464,775.825679,702.077786,390.760463,503.024674,512.966025,514.619456,1148.54814,745.040422,462.519636,226.918701,478.15954,35078.705196
__SUMMARY__,29.515686,2.757598,8.005189,0.697709,0.511646,0.270924,0.819527,0.575112,0.520443,0.289667,0.372887,0.380257,0.381482,0.851407,0.552291,0.342861,0.168213,0.354455,26.003488
